2017-05-29,16.000000,16.120000,15.200000,15.300000,61648200.000000
2017-05-30,15.320000,15.680000,15.320000,15.560000,17042400.000000
2017-05-31,15.620000,15.740000,15.460000,15.620000,12034200.000000
2017-06-01,15.700000,16.040000,15.680000,15.980000,19361200.000000
2017-06-02,15.900000,16.020000,15.700000,15.780000,8405400.000000
2017-06-05,15.800000,16.180000,15.780000,15.940000,11312700.000000
2017-06-06,16.000000,16.040000,15.960000,15.960000,7813900.000000
2017-06-07,16.000000,16.000000,15.780000,15.980000,8257300.000000
2017-06-08,15.960000,16.000000,15.860000,15.900000,4313300.000000
2017-06-09,15.960000,15.960000,15.800000,15.800000,1503500.000000
2017-06-13,15.800000,15.860000,15.580000,15.580000,5172900.000000
2017-06-14,15.600000,15.660000,15.580000,15.600000,1367400.000000
2017-06-15,15.680000,15.800000,15.600000,15.660000,3639300.000000
2017-06-16,15.680000,15.700000,15.520000,15.580000,2898100.000000
2017-06-19,15.600000,15.600000,15.400000,15.560000,3215200.000000
2017-06-20,15.580000,16.240000,15.560000,16.240000,13613500.000000
2017-06-21,16.220000,16.560000,16.100000,16.100000,13327100.000000
2017-06-22,16.120000,16.400000,16.040000,16.100000,4407700.000000
2017-06-23,16.100000,16.280000,16.040000,16.080000,1590400.000000
2017-06-27,16.120000,16.200000,16.080000,16.200000,2270100.000000
2017-06-28,16.120000,16.360000,16.120000,16.300000,7388200.000000
2017-06-29,16.360000,16.600000,16.000000,16.000000,14276100.000000
2017-06-30,16.020000,16.040000,15.760000,15.800000,7368800.000000
2017-07-03,15.800000,15.940000,15.800000,15.800000,1793200.000000
2017-07-04,15.900000,16.000000,15.860000,15.900000,3286300.000000
2017-07-05,15.900000,15.900000,15.760000,15.780000,2115800.000000
2017-07-06,15.800000,15.920000,15.780000,15.840000,1839600.000000
2017-07-07,15.960000,15.960000,15.840000,15.860000,825300.000000
2017-07-10,15.920000,15.920000,15.780000,15.800000,1395000.000000
2017-07-11,15.800000,15.800000,15.580000,15.600000,4661900.000000
2017-07-12,15.600000,15.640000,15.500000,15.600000,2697300.000000
2017-07-13,15.600000,15.600000,15.520000,15.520000,2980000.000000
2017-07-14,15.600000,15.600000,15.520000,15.540000,2212600.000000
2017-07-17,15.560000,15.560000,15.500000,15.520000,2670500.000000
2017-07-18,15.500000,15.500000,15.340000,15.400000,3641800.000000
2017-07-19,15.420000,15.600000,15.400000,15.420000,2552900.000000
2017-07-20,15.480000,15.700000,15.440000,15.580000,3709300.000000
2017-07-21,15.680000,15.700000,15.580000,15.640000,1130300.000000
2017-07-24,15.660000,15.660000,15.540000,15.600000,1611200.000000
2017-07-25,15.600000,15.660000,15.400000,15.400000,1912000.000000
2017-07-26,15.400000,15.540000,15.340000,15.420000,5761800.000000
2017-07-27,15.420000,15.440000,14.760000,14.980000,10604300.000000
2017-07-28,14.980000,14.980000,14.860000,14.920000,4877000.000000
2017-07-31,14.920000,14.980000,14.860000,14.940000,2124800.000000
2017-08-01,14.960000,14.960000,14.840000,14.880000,1352600.000000
2017-08-02,14.880000,14.900000,14.860000,14.900000,1393700.000000
2017-08-03,14.940000,14.960000,14.900000,14.940000,1235500.000000
2017-08-04,14.940000,15.220000,14.940000,15.200000,2213600.000000
2017-08-07,15.220000,15.240000,14.960000,15.200000,865100.000000
2017-08-08,15.180000,15.180000,14.960000,15.000000,1993300.000000
2017-08-09,15.000000,15.100000,14.780000,15.020000,2218700.000000
2017-08-10,15.060000,15.080000,14.980000,15.000000,416800.000000
2017-08-11,15.000000,15.000000,14.880000,15.000000,910100.000000
2017-08-14,15.000000,15.000000,14.900000,14.980000,211900.000000
2017-08-15,14.980000,15.000000,14.940000,15.000000,1404100.000000
2017-08-16,15.020000,15.200000,14.980000,15.140000,1213700.000000
2017-08-17,15.140000,15.140000,15.100000,15.140000,457000.000000
2017-08-18,15.120000,15.120000,14.980000,15.100000,1506100.000000
2017-08-22,15.100000,15.100000,15.000000,15.100000,386900.000000
2017-08-23,15.100000,15.100000,14.980000,15.100000,1671000.000000
2017-08-24,15.100000,15.240000,15.100000,15.100000,1299300.000000
2017-08-25,15.100000,15.660000,15.100000,15.600000,7502100.000000
2017-08-29,15.600000,15.600000,15.380000,15.380000,2462300.000000
2017-08-30,15.400000,15.400000,15.020000,15.100000,2093300.000000
2017-08-31,15.120000,15.180000,15.000000,15.180000,481900.000000
2017-09-04,15.180000,15.200000,15.100000,15.120000,612200.000000
2017-09-05,15.180000,15.200000,14.980000,15.060000,1413900.000000
2017-09-06,15.060000,15.060000,14.940000,15.000000,906600.000000
2017-09-07,15.000000,15.060000,14.940000,15.060000,983800.000000
2017-09-08,15.060000,15.080000,14.960000,15.040000,422600.000000
2017-09-11,15.040000,15.100000,14.980000,15.100000,386100.000000
2017-09-13,15.200000,15.340000,15.140000,15.320000,1985100.000000
2017-09-14,15.400000,15.400000,15.100000,15.360000,1738100.000000
2017-09-15,15.360000,15.420000,15.280000,15.360000,2019900.000000
2017-09-18,15.360000,15.680000,15.280000,15.400000,3416900.000000
2017-09-19,15.500000,15.580000,15.300000,15.360000,1409200.000000
2017-09-20,15.440000,15.440000,15.280000,15.320000,1210500.000000
2017-09-21,15.300000,15.300000,15.000000,15.180000,1449400.000000
2017-09-22,15.240000,15.240000,15.020000,15.160000,830600.000000
2017-09-25,15.160000,15.160000,15.020000,15.100000,1674800.000000
2017-09-26,15.080000,15.080000,14.980000,15.040000,572800.000000
2017-09-27,15.180000,15.180000,15.000000,15.000000,2356600.000000
2017-09-28,15.000000,15.120000,15.000000,15.020000,182900.000000
2017-09-29,15.040000,15.140000,15.000000,15.120000,178000.000000
2017-10-02,15.140000,15.180000,15.100000,15.180000,57300.000000
2017-10-03,15.180000,15.180000,15.080000,15.100000,194800.000000
2017-10-04,15.100000,15.120000,15.020000,15.020000,129000.000000
2017-10-05,15.020000,15.100000,15.020000,15.100000,368900.000000
2017-10-06,15.100000,15.100000,15.000000,15.020000,1572500.000000
2017-10-09,15.040000,15.100000,14.940000,15.000000,2190100.000000
2017-10-10,15.040000,15.040000,14.940000,15.000000,521900.000000
2017-10-11,14.940000,15.020000,14.920000,15.000000,1778700.000000
2017-10-12,15.000000,15.000000,14.900000,14.960000,1738800.000000
2017-10-13,14.960000,14.960000,14.820000,14.840000,1560100.000000
2017-10-17,14.820000,14.840000,14.800000,14.820000,1189900.000000
2017-10-18,14.800000,14.820000,14.720000,14.780000,859500.000000
2017-10-19,14.780000,14.800000,14.700000,14.800000,801400.000000
2017-10-20,14.900000,14.900000,14.800000,14.880000,295200.000000
2017-10-23,14.800000,15.000000,14.800000,15.000000,257500.000000
2017-10-24,15.000000,15.000000,14.800000,14.900000,156000.000000
2017-10-25,14.840000,14.900000,14.740000,14.800000,447700.000000
2017-10-26,14.760000,14.800000,14.720000,14.760000,487100.000000
2017-10-27,14.960000,14.960000,14.100000,14.660000,4920200.000000
2017-10-30,14.660000,14.840000,14.500000,14.600000,2593500.000000
2017-11-02,14.600000,14.940000,14.540000,14.880000,402500.000000
2017-11-03,14.880000,14.960000,14.800000,14.960000,2629900.000000
2017-11-06,14.940000,15.020000,14.880000,14.960000,6205800.000000
2017-11-07,14.900000,15.000000,14.880000,14.960000,413600.000000
2017-11-08,14.900000,14.980000,14.800000,14.920000,405100.000000
2017-11-09,14.920000,14.920000,14.860000,14.880000,1359000.000000
2017-11-10,14.900000,14.980000,14.880000,14.920000,821900.000000
2017-11-13,14.920000,14.920000,14.880000,14.920000,482200.000000
2017-11-14,14.940000,14.940000,14.780000,14.900000,2735700.000000
2017-11-15,14.700000,14.900000,14.700000,14.880000,188500.000000
2017-11-16,14.860000,14.860000,14.760000,14.840000,394100.000000
2017-11-17,14.800000,14.800000,14.600000,14.800000,170000.000000
2017-11-20,14.800000,14.800000,14.440000,14.800000,747900.000000
2017-11-21,14.800000,14.800000,14.600000,14.760000,188300.000000
2017-11-22,14.700000,14.780000,14.500000,14.700000,524900.000000
2017-11-23,14.780000,14.800000,14.500000,14.760000,313800.000000
2017-11-24,14.760000,14.880000,14.600000,14.700000,537600.000000
2017-11-27,14.800000,14.800000,14.720000,14.760000,140500.000000
2017-11-28,14.760000,14.860000,14.680000,14.800000,295500.000000
2017-11-29,14.800000,14.800000,14.600000,14.800000,282800.000000
2017-12-01,14.800000,14.800000,14.580000,14.800000,380300.000000
2017-12-04,14.580000,14.760000,14.540000,14.760000,1165500.000000
2017-12-05,14.760000,14.980000,14.760000,14.900000,2615000.000000
2017-12-06,14.940000,14.980000,14.820000,14.840000,330600.000000
2017-12-07,14.840000,14.880000,14.700000,14.880000,150100.000000
2017-12-08,14.820000,14.900000,14.700000,14.900000,107300.000000
2017-12-11,14.900000,14.900000,14.800000,14.840000,690100.000000
2017-12-12,14.800000,14.820000,14.620000,14.660000,67100.000000
2017-12-13,14.800000,14.800000,14.660000,14.680000,557500.000000
2017-12-14,14.640000,14.840000,14.640000,14.780000,773900.000000
2017-12-15,14.780000,14.800000,14.620000,14.760000,222900.000000
2017-12-18,14.680000,14.760000,14.600000,14.720000,202900.000000
2017-12-19,14.760000,14.840000,14.720000,14.800000,1554900.000000
2017-12-20,14.800000,14.800000,14.640000,14.640000,187300.000000
2017-12-21,14.800000,14.800000,14.620000,14.680000,150300.000000
2017-12-22,14.760000,14.760000,14.400000,14.400000,5359500.000000
2017-12-27,14.440000,14.580000,14.440000,14.440000,97800.000000
2017-12-28,14.500000,14.680000,14.500000,14.680000,238100.000000
2017-12-29,14.680000,14.780000,14.540000,14.780000,1554800.000000
2018-01-03,14.600000,14.700000,14.580000,14.580000,377300.000000
2018-01-04,14.580000,14.900000,14.560000,14.600000,4195300.000000
2018-01-05,14.620000,14.880000,14.620000,14.720000,557500.000000
2018-01-08,14.900000,15.320000,14.820000,15.140000,5179100.000000
2018-01-09,15.140000,15.600000,15.140000,15.540000,4095200.000000
2018-01-10,15.540000,15.600000,15.420000,15.500000,3539000.000000
2018-01-11,15.500000,15.860000,15.360000,15.720000,5896300.000000
2018-01-12,15.700000,15.720000,15.360000,15.500000,1983000.000000
2018-01-15,15.500000,15.500000,15.400000,15.460000,1516800.000000
2018-01-16,15.480000,15.500000,15.340000,15.380000,1086600.000000
2018-01-17,15.380000,15.760000,15.320000,15.560000,2469100.000000
2018-01-18,15.600000,15.600000,15.400000,15.400000,375600.000000
2018-01-19,15.500000,15.500000,15.340000,15.340000,834000.000000
2018-01-22,15.300000,15.360000,15.200000,15.280000,364900.000000
2018-01-23,15.280000,15.280000,15.060000,15.080000,1243500.000000
2018-01-24,15.040000,15.400000,15.020000,15.080000,5677300.000000
2018-01-25,15.120000,15.180000,15.000000,15.000000,683400.000000
2018-01-26,15.000000,15.000000,14.760000,14.820000,1017800.000000
2018-01-29,14.820000,14.840000,14.760000,14.800000,2123500.000000
2018-01-30,14.800000,14.800000,14.720000,14.800000,3401100.000000
2018-01-31,14.880000,14.880000,14.720000,14.740000,3389900.000000
2018-02-01,14.740000,14.900000,14.740000,14.800000,570400.000000
2018-02-02,14.800000,15.000000,14.800000,14.800000,122700.000000
2018-02-05,14.800000,14.800000,14.600000,14.700000,250800.000000
2018-02-06,14.540000,14.700000,14.500000,14.700000,265700.000000
2018-02-07,14.700000,14.860000,14.700000,14.860000,255600.000000
2018-02-08,14.860000,14.860000,14.680000,14.680000,108000.000000
2018-02-09,14.680000,14.840000,14.600000,14.760000,171800.000000
2018-02-12,14.760000,14.800000,14.680000,14.780000,316400.000000
2018-02-13,14.780000,14.780000,14.580000,14.600000,372300.000000
2018-02-14,14.600000,14.600000,14.460000,14.480000,360100.000000
2018-02-15,14.400000,14.440000,14.100000,14.400000,380500.000000
2018-02-19,14.400000,14.400000,14.240000,14.360000,221800.000000
2018-02-20,14.360000,14.980000,14.360000,14.400000,150400.000000
2018-02-21,14.400000,14.600000,14.340000,14.600000,221900.000000
2018-02-22,14.600000,14.600000,14.320000,14.360000,277600.000000
2018-02-23,14.360000,14.360000,14.000000,14.120000,344200.000000
2018-02-26,14.140000,14.160000,13.820000,13.900000,850100.000000
2018-02-27,13.820000,14.400000,13.820000,14.200000,1018900.000000
2018-02-28,14.200000,14.500000,14.200000,14.400000,371400.000000
2018-03-01,14.400000,14.500000,14.400000,14.400000,485800.000000
2018-03-02,14.400000,14.400000,14.140000,14.180000,105800.000000
2018-03-05,14.180000,14.480000,14.180000,14.400000,162100.000000
2018-03-06,14.400000,14.400000,14.200000,14.220000,126900.000000
2018-03-07,14.220000,14.280000,14.100000,14.280000,284000.000000
2018-03-08,14.200000,14.380000,14.180000,14.380000,376800.000000
2018-03-09,14.260000,14.460000,14.200000,14.460000,352100.000000
2018-03-12,14.460000,14.720000,14.300000,14.500000,131800.000000
2018-03-13,14.480000,14.680000,14.420000,14.680000,296500.000000
2018-03-14,14.680000,14.900000,14.500000,14.680000,160900.000000
2018-03-15,14.780000,14.780000,14.460000,14.680000,413000.000000
2018-03-16,14.600000,14.740000,14.500000,14.680000,490600.000000
2018-03-19,14.780000,14.780000,14.540000,14.700000,99300.000000
2018-03-20,14.700000,14.700000,14.200000,14.200000,436500.000000
2018-03-21,14.300000,14.500000,14.200000,14.260000,269600.000000
2018-03-22,14.260000,14.600000,14.100000,14.500000,1142600.000000
2018-03-23,14.400000,14.500000,14.020000,14.380000,143500.000000
2018-03-26,14.380000,14.380000,14.020000,14.040000,48900.000000
2018-03-27,14.480000,14.480000,14.100000,14.100000,3028900.000000
2018-03-28,14.080000,14.420000,14.060000,14.240000,83300.000000
2018-04-02,14.400000,14.400000,14.200000,14.200000,148600.000000
2018-04-03,14.200000,14.580000,14.200000,14.540000,4266200.000000
2018-04-04,14.600000,15.200000,14.600000,15.000000,4463100.000000
2018-04-05,15.100000,15.180000,15.000000,15.140000,2021800.000000
2018-04-06,15.180000,15.220000,15.140000,15.160000,6367500.000000
2018-04-10,15.160000,15.500000,15.000000,15.400000,5541000.000000
2018-04-11,15.400000,15.520000,15.160000,15.240000,846900.000000
2018-04-12,15.240000,15.240000,15.160000,15.180000,667200.000000
2018-04-13,15.180000,15.220000,14.960000,15.080000,704900.000000
2018-04-16,15.000000,15.020000,14.940000,14.940000,74100.000000
2018-04-17,14.920000,14.920000,14.880000,14.900000,172700.000000
2018-04-18,14.900000,15.380000,14.900000,15.300000,3303300.000000
2018-04-19,15.340000,15.340000,15.000000,15.040000,4202800.000000
2018-04-20,15.020000,15.080000,14.980000,15.000000,398300.000000
2018-04-23,15.040000,15.100000,14.980000,15.100000,136500.000000
2018-04-24,15.120000,15.260000,14.980000,15.180000,3547700.000000
2018-04-25,15.180000,15.180000,15.020000,15.100000,401000.000000
2018-04-26,15.200000,15.540000,15.100000,15.320000,7656100.000000
2018-04-27,15.320000,15.600000,15.320000,15.580000,6310700.000000
2018-04-30,15.620000,15.860000,15.580000,15.760000,7063800.000000
2018-05-02,15.700000,15.760000,15.500000,15.500000,1251800.000000
2018-05-03,15.500000,15.920000,15.500000,15.840000,5132900.000000
2018-05-04,15.840000,15.860000,15.600000,15.860000,1759700.000000
2018-05-07,15.900000,15.980000,15.700000,15.900000,1378300.000000
2018-05-08,15.900000,16.680000,15.900000,16.280000,11168200.000000
2018-05-09,16.360000,16.500000,16.000000,16.100000,2418200.000000
2018-05-10,16.040000,16.340000,16.040000,16.260000,412900.000000
2018-05-11,16.300000,16.500000,16.200000,16.300000,1325200.000000
2018-05-15,16.300000,16.320000,16.100000,16.200000,1920000.000000
2018-05-16,16.200000,16.260000,16.120000,16.220000,1010000.000000
2018-05-17,16.300000,16.360000,16.080000,16.220000,2340700.000000
2018-05-18,16.220000,16.220000,16.100000,16.200000,1970400.000000
2018-05-21,16.200000,16.280000,16.020000,16.220000,1438400.000000
2018-05-22,16.220000,16.300000,16.180000,16.220000,1559300.000000
2018-05-23,16.240000,16.240000,15.660000,15.980000,4976800.000000
2018-05-24,15.760000,15.960000,15.600000,15.960000,1328600.000000
2018-05-25,15.960000,15.980000,15.880000,15.940000,475400.000000
2018-05-28,15.800000,16.000000,15.500000,16.000000,656600.000000
2018-05-29,15.600000,15.980000,15.600000,15.980000,371200.000000
2018-05-30,15.880000,15.980000,15.620000,15.980000,599600.000000
2018-05-31,15.960000,15.980000,15.680000,15.960000,2347800.000000
2018-06-01,15.940000,15.980000,15.720000,15.980000,471700.000000
2018-06-04,15.980000,16.200000,15.800000,16.000000,745200.000000
2018-06-05,16.000000,16.160000,15.980000,16.140000,933700.000000
2018-06-06,16.140000,16.240000,16.120000,16.200000,1105400.000000
2018-06-07,16.200000,16.240000,16.000000,16.180000,264500.000000
2018-06-08,16.220000,16.220000,16.020000,16.120000,78800.000000
2018-06-11,16.200000,16.200000,15.980000,15.980000,285400.000000
2018-06-13,16.000000,16.120000,15.900000,16.040000,691400.000000
2018-06-14,16.000000,16.000000,15.820000,16.000000,658500.000000
2018-06-18,16.000000,16.000000,15.720000,16.000000,616600.000000
2018-06-19,15.820000,15.860000,15.780000,15.800000,809900.000000
2018-06-20,15.800000,16.000000,15.640000,15.900000,634800.000000
2018-06-21,15.880000,15.880000,15.500000,15.880000,1808400.000000
2018-06-22,15.880000,15.900000,15.500000,15.900000,4228100.000000
2018-06-25,16.000000,16.000000,15.620000,15.820000,1005500.000000
2018-06-26,15.660000,15.800000,15.620000,15.780000,460800.000000
2018-06-27,15.880000,15.940000,15.680000,15.940000,218800.000000
2018-06-28,15.940000,15.940000,15.760000,15.800000,353100.000000
2018-06-29,15.940000,15.940000,15.720000,15.800000,759700.000000
2018-07-02,15.800000,15.900000,15.700000,15.860000,445500.000000
2018-07-03,15.640000,15.840000,15.640000,15.780000,74900.000000
2018-07-04,15.800000,15.800000,15.700000,15.760000,64900.000000
2018-07-05,15.760000,15.800000,15.620000,15.740000,110400.000000
2018-07-06,15.600000,15.740000,15.400000,15.500000,448800.000000
2018-07-09,15.380000,15.800000,15.380000,15.800000,341000.000000
2018-07-10,15.720000,15.920000,15.500000,15.920000,142700.000000
2018-07-11,15.920000,15.940000,15.800000,15.940000,231800.000000
2018-07-12,15.540000,15.920000,15.540000,15.920000,208400.000000
2018-07-13,15.920000,15.920000,15.780000,15.900000,66700.000000
2018-07-16,15.900000,15.900000,15.760000,15.900000,96100.000000
2018-07-17,15.840000,15.900000,15.820000,15.900000,346200.000000
2018-07-18,15.920000,15.920000,15.840000,15.900000,970800.000000
2018-07-19,15.820000,15.900000,15.780000,15.860000,406100.000000
2018-07-20,15.800000,15.900000,15.800000,15.900000,114100.000000
2018-07-23,15.880000,15.900000,15.740000,15.900000,70300.000000
2018-07-24,15.880000,15.900000,15.760000,15.880000,1248000.000000
2018-07-25,15.800000,15.900000,15.720000,15.900000,2888200.000000
2018-07-26,15.880000,15.900000,15.740000,15.900000,921600.000000
2018-07-27,15.900000,16.000000,15.900000,16.000000,932500.000000
2018-07-30,16.000000,16.000000,15.820000,15.940000,748200.000000
2018-07-31,15.900000,15.920000,15.800000,15.900000,3880100.000000
2018-08-01,15.760000,15.880000,15.760000,15.880000,54100.000000
2018-08-02,15.880000,15.900000,15.840000,15.880000,347700.000000
2018-08-03,15.920000,16.160000,15.900000,16.000000,2293500.000000
2018-08-06,16.000000,16.080000,15.760000,15.900000,759800.000000
2018-08-07,15.900000,15.900000,15.740000,15.880000,441300.000000
2018-08-08,15.960000,15.960000,15.760000,15.880000,489000.000000
2018-08-09,15.880000,15.880000,15.760000,15.800000,926500.000000
2018-08-10,15.800000,15.860000,15.720000,15.800000,244200.000000
2018-08-13,15.800000,15.800000,15.680000,15.760000,255000.000000
2018-08-14,15.760000,15.800000,15.620000,15.800000,1421500.000000
2018-08-15,15.820000,15.820000,15.600000,15.820000,616900.000000
2018-08-16,15.600000,15.780000,15.600000,15.600000,162300.000000
2018-08-17,15.420000,15.880000,15.420000,15.880000,565400.000000
2018-08-20,15.880000,15.880000,15.500000,15.700000,488500.000000
2018-08-22,15.500000,15.860000,15.500000,15.660000,337700.000000
2018-08-23,15.600000,15.800000,15.520000,15.680000,260300.000000
2018-08-24,15.600000,15.680000,15.600000,15.620000,172400.000000
2018-08-28,15.620000,15.900000,15.620000,15.880000,889400.000000
2018-08-29,15.920000,16.420000,15.820000,16.200000,3027700.000000
2018-08-30,16.240000,16.240000,15.980000,16.220000,1700500.000000
2018-08-31,16.220000,16.380000,15.840000,16.240000,2311200.000000
2018-09-03,16.360000,16.360000,16.060000,16.100000,687100.000000
2018-09-04,16.100000,16.300000,16.000000,16.240000,882800.000000
2018-09-05,16.200000,16.260000,15.620000,15.880000,856300.000000
2018-09-06,15.700000,15.880000,15.500000,15.500000,700500.000000
2018-09-07,15.540000,15.940000,15.500000,15.920000,905900.000000
2018-09-10,15.920000,15.920000,15.800000,15.800000,116900.000000
2018-09-11,15.800000,15.800000,15.620000,15.620000,214100.000000
2018-09-12,15.620000,15.820000,15.480000,15.600000,857600.000000
2018-09-13,15.460000,15.600000,15.400000,15.600000,71300.000000
2018-09-14,15.600000,15.700000,15.600000,15.700000,108000.000000
2018-09-17,15.700000,15.800000,15.400000,15.800000,190400.000000
2018-09-18,15.500000,15.600000,15.440000,15.500000,121100.000000
2018-09-19,15.480000,15.480000,15.120000,15.120000,244000.000000
2018-09-20,15.200000,15.600000,15.120000,15.300000,116800.000000
2018-09-21,15.280000,15.280000,15.080000,15.200000,727100.000000
2018-09-24,15.140000,15.680000,15.100000,15.140000,843500.000000
2018-09-25,15.100000,15.360000,15.100000,15.340000,10600.000000
2018-09-26,15.340000,15.680000,15.100000,15.560000,489800.000000
2018-09-27,15.560000,15.700000,15.200000,15.400000,3451100.000000
2018-09-28,15.720000,15.720000,15.440000,15.480000,334200.000000
2018-10-01,15.480000,15.480000,15.380000,15.380000,252600.000000
2018-10-02,15.200000,15.300000,15.140000,15.160000,67500.000000
2018-10-03,15.480000,15.480000,15.140000,15.160000,12200.000000
2018-10-04,15.160000,15.400000,15.140000,15.140000,38300.000000
2018-10-05,15.200000,15.400000,15.140000,15.360000,113000.000000
2018-10-08,15.200000,15.380000,15.120000,15.140000,199600.000000
2018-10-09,15.160000,15.160000,15.140000,15.140000,7500.000000
2018-10-10,15.160000,15.400000,15.120000,15.120000,54400.000000
2018-10-11,15.100000,15.100000,14.800000,14.840000,460800.000000
2018-10-12,14.580000,15.400000,14.500000,14.640000,309900.000000
2018-10-15,14.640000,15.200000,14.640000,14.700000,2400.000000
2018-10-16,15.000000,15.100000,15.000000,15.000000,13700.000000
2018-10-17,14.700000,15.000000,14.700000,15.000000,7900.000000
2018-10-18,15.000000,15.000000,14.760000,14.760000,600.000000
2018-10-19,14.760000,14.760000,14.700000,14.760000,8800.000000
2018-10-22,14.800000,15.000000,14.800000,14.920000,12300.000000
2018-10-23,14.980000,15.200000,14.940000,15.200000,419500.000000
2018-10-24,15.200000,15.200000,14.880000,14.900000,9500.000000
2018-10-25,14.900000,15.000000,14.900000,14.980000,10100.000000
2018-10-26,14.900000,14.900000,14.700000,14.700000,14700.000000
2018-10-29,14.720000,14.860000,14.720000,14.860000,7400.000000
2018-10-30,14.840000,14.840000,14.840000,14.840000,700.000000
2018-10-31,14.980000,15.200000,14.980000,15.200000,440800.000000
2018-11-05,15.200000,15.200000,14.740000,14.780000,23800.000000
2018-11-06,14.780000,14.780000,14.780000,14.780000,3600.000000
2018-11-07,15.000000,15.000000,14.780000,14.780000,37800.000000
2018-11-08,14.780000,15.000000,14.780000,14.800000,56500.000000
2018-11-09,14.780000,14.900000,14.780000,14.780000,55600.000000
2018-11-12,14.800000,14.800000,14.780000,14.780000,20800.000000
2018-11-13,14.780000,15.340000,14.700000,15.340000,292400.000000
2018-11-14,15.000000,15.340000,14.780000,15.340000,263300.000000
2018-11-15,15.280000,15.400000,14.820000,15.400000,493400.000000
2018-11-16,15.200000,15.400000,15.000000,15.400000,319400.000000
2018-11-19,15.420000,15.420000,15.220000,15.400000,74100.000000
2018-11-20,15.300000,15.320000,15.200000,15.280000,2918400.000000
2018-11-21,15.300000,15.300000,15.120000,15.300000,75200.000000
2018-11-22,15.400000,15.520000,15.180000,15.500000,387100.000000
2018-11-23,15.540000,15.660000,15.540000,15.660000,349900.000000
2018-11-26,15.680000,15.680000,15.660000,15.660000,5304700.000000
2018-11-27,15.600000,15.680000,15.440000,15.500000,10100.000000
2018-11-28,15.440000,15.440000,15.200000,15.280000,12800.000000
2018-11-29,15.240000,15.600000,15.220000,15.500000,288200.000000
2018-12-03,15.400000,15.500000,15.400000,15.500000,30100.000000
2018-12-04,15.240000,15.460000,15.200000,15.200000,109800.000000
2018-12-05,15.300000,15.440000,15.000000,15.020000,247200.000000
2018-12-06,15.000000,15.380000,14.880000,14.960000,196800.000000
2018-12-07,14.960000,14.960000,14.800000,14.880000,65800.000000
2018-12-10,14.900000,14.980000,14.900000,14.900000,5800.000000
2018-12-11,14.900000,14.900000,14.560000,14.620000,129900.000000
2018-12-12,14.700000,14.700000,14.600000,14.680000,317500.000000
2018-12-13,14.700000,14.980000,14.700000,14.780000,76400.000000
2018-12-14,15.000000,15.000000,14.760000,14.760000,69200.000000
2018-12-17,14.800000,14.820000,14.800000,14.820000,4000.000000
2018-12-18,14.800000,15.200000,14.680000,15.200000,350700.000000
2018-12-19,15.200000,15.200000,14.800000,15.000000,48200.000000
2018-12-20,15.020000,15.180000,14.900000,15.180000,466100.000000
2018-12-21,15.180000,15.300000,15.100000,15.300000,450800.000000
2018-12-26,15.300000,15.500000,15.000000,15.340000,319200.000000
2018-12-27,15.500000,15.560000,15.300000,15.500000,391500.000000
2018-12-28,15.500000,15.500000,15.160000,15.460000,530200.000000
2019-01-02,15.460000,15.460000,15.100000,15.200000,652800.000000
2019-01-03,15.200000,15.400000,15.020000,15.400000,115900.000000
2019-01-04,15.400000,15.400000,15.120000,15.360000,60900.000000
2019-01-07,15.100000,15.200000,15.080000,15.120000,370900.000000
2019-01-08,15.120000,15.120000,15.000000,15.000000,232700.000000
2019-01-09,15.020000,15.100000,15.000000,15.100000,45100.000000
2019-01-10,15.100000,15.100000,15.000000,15.100000,153900.000000
2019-01-11,15.160000,15.380000,15.060000,15.060000,140800.000000
2019-01-14,15.040000,15.360000,15.040000,15.300000,46700.000000
2019-01-15,15.300000,15.380000,15.100000,15.300000,518400.000000
2019-01-16,15.300000,15.300000,15.140000,15.200000,130900.000000
2019-01-17,15.200000,15.300000,15.200000,15.300000,85500.000000
2019-01-18,15.460000,16.260000,15.460000,15.880000,3970800.000000
2019-01-21,15.900000,16.000000,15.760000,15.780000,1909200.000000
2019-01-22,15.740000,15.860000,15.620000,15.620000,427200.000000
2019-01-23,15.600000,15.760000,15.480000,15.700000,326000.000000
2019-01-24,15.700000,15.900000,15.560000,15.800000,1950500.000000
2019-01-25,15.800000,15.800000,15.580000,15.800000,177100.000000
2019-01-28,15.800000,16.100000,15.800000,15.940000,1810300.000000
2019-01-29,15.960000,15.960000,15.740000,15.900000,495500.000000
2019-01-30,15.800000,15.840000,15.640000,15.800000,708900.000000
2019-01-31,15.560000,16.020000,15.500000,16.000000,1024000.000000
2019-02-01,15.800000,16.100000,15.800000,16.100000,1579000.000000
2019-02-04,16.040000,16.120000,16.000000,16.080000,622100.000000
2019-02-06,16.080000,16.480000,16.080000,16.380000,1969700.000000
2019-02-07,16.400000,16.400000,16.120000,16.120000,182900.000000
2019-02-08,16.000000,16.380000,16.000000,16.100000,397600.000000
2019-02-11,16.140000,16.140000,15.820000,16.000000,801900.000000
2019-02-12,15.800000,15.900000,15.800000,15.900000,108200.000000
2019-02-13,16.000000,16.000000,15.800000,15.960000,474900.000000
2019-02-14,15.940000,16.020000,15.820000,16.020000,304500.000000
2019-02-15,15.980000,16.000000,15.940000,15.940000,184800.000000
2019-02-18,15.960000,16.040000,15.900000,16.020000,595000.000000
2019-02-19,16.020000,16.100000,15.820000,16.080000,156500.000000
2019-02-20,15.840000,15.980000,15.840000,15.880000,33000.000000
2019-02-21,15.880000,16.140000,15.880000,16.080000,8028400.000000
2019-02-22,16.100000,16.120000,16.060000,16.100000,2861800.000000
2019-02-26,16.100000,16.100000,15.880000,16.060000,134000.000000
2019-02-27,16.000000,16.000000,15.900000,16.000000,95800.000000
2019-02-28,16.000000,16.000000,15.840000,16.000000,428900.000000
2019-03-01,16.000000,16.000000,15.800000,15.960000,182900.000000
2019-03-04,15.800000,16.000000,15.780000,16.000000,215300.000000
2019-03-05,15.840000,16.000000,15.820000,15.820000,186500.000000
2019-03-06,16.000000,16.000000,15.860000,15.920000,393900.000000
2019-03-07,15.820000,16.000000,15.820000,15.900000,664600.000000
2019-03-08,15.920000,15.920000,15.760000,15.800000,1067000.000000
2019-03-11,15.780000,15.900000,15.600000,15.780000,40000.000000
2019-03-12,15.780000,15.780000,15.720000,15.720000,43600.000000
2019-03-13,15.780000,15.780000,15.600000,15.760000,172500.000000
2019-03-14,15.760000,15.800000,15.540000,15.700000,714200.000000
2019-03-15,15.700000,15.800000,15.700000,15.700000,694800.000000
2019-03-18,15.660000,15.800000,15.520000,15.800000,497400.000000
2019-03-19,15.760000,15.860000,15.760000,15.800000,1028300.000000
2019-03-20,15.820000,16.020000,15.820000,16.000000,2697500.000000
2019-03-21,16.000000,16.000000,15.900000,16.000000,1240900.000000
2019-03-22,15.920000,16.060000,15.920000,16.060000,1273100.000000
2019-03-25,16.060000,16.060000,15.900000,16.000000,3766900.000000
2019-03-26,15.900000,16.080000,15.900000,15.900000,1159400.000000
2019-03-27,15.900000,16.000000,15.860000,15.940000,92500.000000
2019-03-28,15.900000,16.000000,15.860000,15.900000,251800.000000
2019-03-29,16.000000,16.000000,15.840000,16.000000,914300.000000
2019-04-01,16.000000,16.000000,15.820000,15.820000,124700.000000
2019-04-02,15.820000,15.900000,15.800000,15.900000,147800.000000
2019-04-03,15.780000,15.900000,15.700000,15.880000,77800.000000
2019-04-04,15.900000,15.900000,15.760000,15.800000,77500.000000
2019-04-05,15.860000,15.940000,15.800000,15.940000,53800.000000
2019-04-08,15.700000,15.940000,15.700000,15.900000,74700.000000
2019-04-10,15.920000,15.980000,15.760000,15.960000,180700.000000
2019-04-11,15.960000,15.960000,15.800000,15.940000,680700.000000
2019-04-12,15.800000,15.980000,15.740000,15.960000,263500.000000
2019-04-15,15.900000,15.960000,15.740000,15.840000,254700.000000
2019-04-16,15.940000,16.000000,15.780000,15.860000,3951200.000000
2019-04-17,15.920000,15.920000,15.860000,15.900000,5100.000000
2019-04-22,15.860000,15.900000,15.720000,15.800000,222900.000000
2019-04-23,15.720000,16.000000,15.700000,15.900000,310300.000000
2019-04-24,15.900000,15.960000,15.740000,15.960000,104000.000000
2019-04-25,15.900000,15.980000,15.760000,15.960000,336200.000000
2019-04-26,15.800000,16.000000,15.800000,15.900000,1384300.000000
2019-04-29,15.900000,16.000000,15.800000,15.980000,498600.000000
2019-04-30,15.980000,16.380000,15.860000,15.860000,17578900.000000
2019-05-02,16.080000,16.080000,15.880000,16.000000,339100.000000
2019-05-03,15.900000,16.200000,15.900000,16.000000,1704800.000000
2019-05-06,16.100000,16.160000,15.900000,16.000000,698500.000000
2019-05-07,16.000000,16.000000,15.900000,15.900000,358300.000000
2019-05-08,15.960000,15.960000,15.800000,15.900000,580500.000000
2019-05-09,15.900000,15.960000,15.820000,15.960000,233900.000000
2019-05-10,15.980000,16.040000,15.800000,15.980000,3123900.000000
2019-05-14,15.980000,15.980000,15.900000,15.980000,522100.000000
2019-05-15,15.960000,15.980000,15.840000,15.840000,533100.000000
2019-05-16,15.840000,15.940000,15.820000,15.900000,276900.000000
2019-05-17,15.900000,16.000000,15.840000,16.000000,272000.000000
2019-05-20,15.860000,16.000000,15.860000,16.000000,34900.000000
2019-05-21,15.980000,16.060000,15.960000,16.020000,1110000.000000
2019-05-22,16.040000,16.100000,16.000000,16.020000,828200.000000
2019-05-23,16.020000,16.100000,16.000000,16.100000,712900.000000
2019-05-24,16.100000,16.300000,16.000000,16.220000,1939600.000000
2019-05-27,16.240000,16.700000,16.020000,16.020000,3082300.000000
2019-05-28,16.240000,16.260000,16.080000,16.140000,146800.000000
2019-05-29,16.000000,16.200000,15.860000,15.860000,1124500.000000
2019-05-30,15.880000,16.200000,15.880000,16.020000,140700.000000
2019-05-31,16.020000,16.160000,15.960000,15.960000,350800.000000
2019-06-03,15.960000,16.120000,15.960000,16.000000,371700.000000
2019-06-04,16.000000,16.120000,15.940000,15.940000,150700.000000
2019-06-06,15.920000,16.160000,15.920000,16.000000,244800.000000
2019-06-07,16.000000,16.100000,15.900000,16.000000,307700.000000
2019-06-10,16.000000,16.080000,15.960000,15.960000,710900.000000
2019-06-11,15.900000,16.040000,15.900000,16.000000,360100.000000
2019-06-13,16.000000,16.040000,16.000000,16.020000,121000.000000
2019-06-14,16.020000,16.180000,16.000000,16.100000,85900.000000
2019-06-17,16.100000,16.100000,15.960000,15.960000,82600.000000
2019-06-18,15.940000,16.000000,15.920000,16.000000,203800.000000
2019-06-19,16.000000,16.100000,16.000000,16.000000,902900.000000
2019-06-20,15.900000,16.180000,15.900000,16.000000,105000.000000
2019-06-21,15.920000,16.000000,15.920000,16.000000,67300.000000
2019-06-24,16.000000,16.060000,15.920000,15.940000,23100.000000
2019-06-25,15.900000,15.960000,15.900000,15.960000,49800.000000
2019-06-26,15.880000,15.880000,15.800000,15.800000,848400.000000
2019-06-27,15.780000,15.780000,15.500000,15.700000,1238300.000000
2019-06-28,15.500000,15.880000,15.500000,15.600000,36400.000000
2019-07-01,15.620000,15.800000,15.600000,15.800000,144800.000000
2019-07-02,15.540000,15.780000,15.540000,15.560000,130500.000000
2019-07-03,15.600000,15.800000,15.580000,15.700000,71000.000000
2019-07-04,15.600000,15.660000,15.600000,15.600000,497800.000000
2019-07-05,15.600000,15.600000,15.560000,15.580000,2477400.000000
2019-07-08,15.580000,15.620000,15.440000,15.460000,1244400.000000
2019-07-09,15.460000,15.820000,15.440000,15.540000,28000.000000
2019-07-10,15.540000,15.540000,15.380000,15.380000,1256300.000000
2019-07-11,15.380000,15.500000,15.180000,15.500000,116200.000000
2019-07-12,15.240000,15.420000,15.240000,15.300000,412000.000000
2019-07-15,15.400000,15.400000,15.280000,15.300000,557700.000000
2019-07-16,15.400000,15.500000,15.200000,15.200000,1807800.000000
2019-07-17,15.220000,15.260000,15.200000,15.220000,444600.000000
2019-07-18,15.460000,15.660000,15.200000,15.200000,488900.000000
2019-07-19,15.220000,15.300000,15.000000,15.000000,2261100.000000
2019-07-22,15.020000,15.300000,14.760000,15.000000,422300.000000
2019-07-23,15.200000,15.200000,14.700000,14.700000,1345600.000000
2019-07-24,14.720000,14.920000,14.700000,14.700000,221100.000000
2019-07-25,14.700000,14.700000,14.500000,14.500000,1883500.000000
2019-07-26,14.500000,14.680000,14.500000,14.580000,1027000.000000
2019-07-29,14.700000,14.700000,14.420000,14.420000,1391100.000000
2019-07-30,14.460000,14.540000,14.460000,14.500000,694400.000000
2019-07-31,14.500000,14.700000,14.460000,14.500000,987700.000000
2019-08-01,14.500000,14.680000,14.500000,14.500000,1734200.000000
2019-08-02,14.520000,14.680000,14.500000,14.500000,112700.000000
2019-08-05,14.500000,14.540000,14.300000,14.320000,966100.000000
2019-08-06,14.280000,14.300000,13.980000,14.000000,3853200.000000
2019-08-07,14.140000,14.880000,14.140000,14.600000,1231400.000000
2019-08-08,14.600000,14.960000,14.600000,14.860000,2949800.000000
2019-08-09,15.000000,15.360000,14.960000,15.240000,278800.000000
2019-08-13,15.360000,15.360000,14.740000,14.800000,694100.000000
2019-08-14,15.000000,15.220000,14.800000,14.800000,900400.000000
2019-08-15,15.060000,15.100000,14.200000,14.660000,380700.000000
2019-08-16,14.660000,15.000000,14.640000,14.800000,371500.000000
2019-08-19,14.800000,14.820000,14.740000,14.800000,69700.000000
2019-08-20,14.800000,15.180000,14.800000,15.180000,103200.000000
2019-08-22,14.980000,15.140000,14.920000,15.100000,160600.000000
2019-08-23,15.160000,15.160000,15.060000,15.100000,54700.000000
2019-08-27,15.100000,15.100000,14.940000,15.060000,37600.000000
2019-08-28,14.940000,15.160000,14.940000,15.100000,4106000.000000
2019-08-29,15.160000,15.160000,14.880000,14.960000,257000.000000
2019-08-30,15.000000,15.180000,15.000000,15.100000,5928700.000000
2019-09-02,15.020000,15.180000,15.020000,15.140000,131000.000000
2019-09-03,15.160000,15.180000,15.060000,15.100000,13100.000000
2019-09-04,15.180000,15.180000,15.000000,15.000000,99200.000000
2019-09-05,15.000000,15.100000,15.000000,15.000000,38500.000000
2019-09-06,15.100000,15.120000,15.000000,15.100000,700900.000000
2019-09-09,15.160000,15.160000,15.000000,15.020000,39900.000000
2019-09-10,15.020000,15.080000,15.000000,15.020000,2327400.000000
2019-09-11,15.000000,15.300000,15.000000,15.300000,524000.000000
2019-09-12,15.300000,15.320000,15.120000,15.320000,271500.000000
2019-09-13,15.200000,15.460000,15.200000,15.460000,579900.000000
2019-09-16,15.460000,15.500000,15.000000,15.480000,1200900.000000
2019-09-17,15.480000,15.500000,15.420000,15.480000,286200.000000
2019-09-18,15.400000,15.760000,15.200000,15.660000,1603000.000000
2019-09-19,15.780000,15.780000,15.560000,15.720000,1750600.000000
2019-09-20,15.720000,15.920000,15.720000,15.840000,3826800.000000
2019-09-23,15.840000,15.900000,15.560000,15.840000,1229900.000000
2019-09-24,15.600000,15.800000,15.600000,15.720000,1389900.000000
2019-09-25,15.780000,15.800000,15.620000,15.740000,1130100.000000
2019-09-26,15.600000,15.780000,15.600000,15.700000,596100.000000
2019-09-27,15.760000,15.780000,15.700000,15.720000,4836000.000000
2019-09-30,15.700000,15.700000,15.260000,15.300000,31200.000000
2019-10-01,15.220000,15.600000,15.140000,15.600000,183500.000000
2019-10-02,15.220000,15.580000,15.160000,15.480000,36400.000000
2019-10-03,15.220000,15.280000,15.200000,15.280000,15100.000000
2019-10-04,15.220000,15.500000,15.120000,15.280000,17400.000000
2019-10-07,15.000000,15.400000,14.960000,15.380000,39100.000000
2019-10-08,15.500000,15.500000,15.020000,15.420000,385700.000000
2019-10-09,15.480000,15.480000,15.300000,15.300000,96200.000000
2019-10-10,15.400000,15.400000,15.380000,15.380000,200.000000
2019-10-11,15.400000,15.660000,15.400000,15.600000,1065400.000000
2019-10-14,15.600000,15.600000,15.400000,15.420000,14000.000000
2019-10-15,15.500000,15.760000,15.200000,15.600000,106200.000000
2019-10-16,15.600000,15.600000,15.000000,15.420000,102300.000000
2019-10-17,15.420000,15.420000,15.160000,15.160000,11500.000000
2019-10-18,15.300000,15.560000,15.140000,15.140000,28900.000000
2019-10-21,15.300000,15.300000,15.120000,15.160000,21400.000000
2019-10-22,15.120000,15.360000,15.120000,15.120000,45900.000000
2019-10-23,15.500000,15.500000,15.200000,15.300000,8500.000000
2019-10-24,15.300000,15.300000,15.200000,15.300000,72600.000000
2019-10-25,15.120000,15.280000,15.120000,15.140000,186500.000000
2019-10-28,15.140000,15.500000,15.120000,15.140000,79000.000000
2019-10-29,15.180000,15.200000,15.100000,15.140000,92500.000000
2019-10-30,15.140000,15.400000,15.040000,15.300000,184700.000000
2019-10-31,15.300000,15.560000,15.280000,15.500000,548100.000000
2019-11-04,15.480000,15.480000,15.140000,15.240000,74800.000000
2019-11-05,15.200000,15.220000,15.180000,15.220000,195200.000000
2019-11-06,15.220000,15.280000,15.220000,15.220000,20600.000000
2019-11-07,15.160000,15.260000,15.060000,15.200000,42500.000000
2019-11-08,15.380000,15.640000,15.120000,15.500000,1216600.000000
2019-11-11,15.400000,15.460000,15.080000,15.200000,89700.000000
2019-11-12,15.160000,15.360000,15.020000,15.080000,200900.000000
2019-11-13,15.200000,15.200000,15.000000,15.100000,477900.000000
2019-11-14,15.100000,15.380000,15.100000,15.380000,10000.000000
2019-11-15,15.340000,15.360000,15.020000,15.040000,40200.000000
2019-11-18,15.040000,15.300000,15.020000,15.080000,30300.000000
2019-11-19,15.280000,15.300000,15.020000,15.200000,40700.000000
2019-11-20,15.200000,15.200000,15.080000,15.080000,7700.000000
2019-11-21,15.080000,15.100000,15.000000,15.100000,28200.000000
2019-11-22,15.000000,15.200000,14.980000,15.000000,31800.000000
2019-11-25,14.980000,15.200000,14.980000,15.000000,19900.000000
2019-11-26,15.020000,15.020000,14.920000,14.920000,451500.000000
2019-11-27,15.220000,15.220000,14.880000,15.100000,264000.000000
2019-11-28,15.100000,15.100000,15.100000,15.100000,300.000000
2019-11-29,15.180000,15.180000,14.880000,14.980000,227000.000000
2019-12-02,14.980000,15.000000,14.860000,14.880000,318600.000000
2019-12-03,15.000000,15.000000,14.700000,14.700000,61300.000000
2019-12-04,14.700000,14.900000,14.700000,14.700000,200300.000000
2019-12-05,14.680000,15.000000,14.600000,14.620000,1692400.000000
2019-12-06,14.620000,15.000000,14.620000,14.620000,97500.000000
2019-12-09,15.000000,15.000000,14.700000,14.700000,67400.000000
2019-12-10,14.900000,14.900000,14.600000,14.600000,13800.000000
2019-12-11,14.580000,14.960000,14.580000,14.600000,4700.000000
2019-12-12,14.560000,14.600000,14.520000,14.520000,37000.000000
2019-12-13,14.540000,14.800000,14.520000,14.560000,22800.000000
2019-12-16,14.580000,14.980000,14.440000,14.440000,79700.000000
2019-12-17,14.440000,14.900000,14.440000,14.440000,23200.000000
2019-12-18,14.440000,14.440000,14.100000,14.300000,389800.000000
2019-12-19,14.160000,14.500000,14.100000,14.120000,216900.000000
2019-12-20,14.100000,14.700000,14.040000,14.060000,52100.000000
2019-12-23,14.060000,14.800000,14.060000,14.140000,14400.000000
2019-12-26,14.140000,14.780000,14.140000,14.480000,395700.000000
2019-12-27,14.500000,14.900000,14.300000,14.860000,19200.000000
2020-01-02,14.880000,14.880000,14.700000,14.780000,155200.000000
2020-01-03,14.780000,14.780000,14.500000,14.740000,600300.000000
2020-01-06,14.740000,14.880000,14.740000,14.740000,206400.000000
2020-01-07,14.740000,14.740000,14.200000,14.600000,69100.000000
2020-01-08,14.200000,14.220000,14.080000,14.080000,365200.000000
2020-01-09,14.200000,14.560000,14.060000,14.200000,202800.000000
2020-01-10,14.100000,14.100000,14.000000,14.020000,514600.000000
2020-01-14,14.020000,14.100000,13.500000,13.880000,590800.000000
2020-01-15,13.660000,14.180000,13.660000,13.700000,186100.000000
2020-01-16,13.620000,13.940000,13.600000,13.660000,131300.000000
2020-01-17,13.940000,13.940000,13.300000,13.600000,688600.000000
2020-01-20,13.620000,13.800000,13.500000,13.500000,34800.000000
2020-01-21,13.500000,13.940000,13.380000,13.380000,38700.000000
2020-01-22,13.360000,13.600000,13.320000,13.360000,8700.000000
2020-01-23,13.600000,13.800000,13.600000,13.640000,798100.000000
2020-01-24,13.700000,13.700000,13.000000,13.600000,1707000.000000
2020-01-27,13.700000,13.800000,13.560000,13.700000,7300.000000
2020-01-28,13.700000,13.700000,13.180000,13.180000,15200.000000
2020-01-29,13.000000,13.000000,12.700000,13.000000,69500.000000
2020-01-30,13.000000,13.000000,12.560000,12.620000,339800.000000
2020-01-31,12.880000,12.880000,12.500000,12.700000,122200.000000
2020-02-03,12.500000,12.500000,11.800000,11.940000,98300.000000
2020-02-04,12.120000,12.460000,11.940000,12.000000,848600.000000
2020-02-05,12.000000,12.920000,12.000000,12.060000,391400.000000
2020-02-06,12.060000,12.200000,12.060000,12.080000,75200.000000
2020-02-07,12.360000,12.720000,12.360000,12.360000,2500.000000
2020-02-10,12.360000,12.360000,12.000000,12.020000,119900.000000
2020-02-11,12.020000,12.100000,12.020000,12.100000,2800.000000
2020-02-12,12.100000,12.500000,12.020000,12.100000,12000.000000
2020-02-13,12.100000,12.200000,12.000000,12.000000,41400.000000
2020-02-14,12.020000,12.400000,12.000000,12.000000,21400.000000
2020-02-17,12.500000,12.500000,12.000000,12.020000,88500.000000
2020-02-18,12.340000,12.340000,11.800000,11.820000,1202800.000000
2020-02-19,11.780000,12.200000,11.700000,11.720000,381600.000000
2020-02-20,12.300000,12.300000,11.720000,11.840000,239700.000000
2020-02-21,11.900000,12.000000,11.860000,11.860000,45600.000000
2020-02-24,11.900000,11.900000,11.800000,11.800000,47900.000000
2020-02-26,11.720000,11.720000,11.120000,11.140000,225600.000000
2020-02-27,11.180000,11.600000,11.180000,11.220000,154700.000000
2020-02-28,11.120000,11.120000,10.180000,10.300000,487700.000000
2020-03-02,10.500000,10.520000,10.300000,10.500000,58100.000000
2020-03-03,10.500000,10.600000,10.480000,10.480000,154500.000000
2020-03-04,10.500000,10.500000,10.200000,10.200000,191900.000000
2020-03-05,10.220000,10.680000,10.180000,10.180000,479100.000000
2020-03-06,10.180000,10.200000,10.140000,10.200000,474500.000000
2020-03-09,10.180000,10.200000,9.000000,9.080000,329500.000000
2020-03-10,8.950000,9.050000,8.020000,8.920000,959800.000000
2020-03-11,8.860000,9.800000,8.860000,8.930000,70100.000000
2020-03-12,9.050000,9.050000,7.200000,7.200000,302900.000000
2020-03-13,7.200000,7.700000,6.500000,7.100000,341300.000000
2020-03-16,7.420000,7.450000,7.000000,7.100000,99000.000000
2020-03-19,6.960000,6.960000,5.900000,5.900000,591900.000000
2020-03-20,6.700000,7.090000,6.400000,6.480000,632300.000000
2020-03-23,6.480000,7.080000,6.480000,6.700000,763700.000000
2020-03-24,6.700000,6.710000,6.680000,6.680000,1685400.000000
2020-03-25,6.780000,7.000000,6.740000,6.860000,208200.000000
2020-03-26,7.090000,7.450000,7.090000,7.100000,318400.000000
2020-03-27,7.600000,7.800000,7.360000,7.600000,561200.000000
2020-03-30,7.650000,7.780000,7.400000,7.500000,370900.000000
2020-03-31,7.520000,7.520000,7.350000,7.400000,1457800.000000
2020-04-01,7.500000,7.500000,7.360000,7.400000,116900.000000
2020-04-02,7.400000,7.400000,7.310000,7.350000,523200.000000
2020-04-03,7.700000,7.700000,7.350000,7.530000,197400.000000
2020-04-06,7.550000,7.600000,7.530000,7.530000,42700.000000
2020-04-07,7.540000,7.740000,7.540000,7.620000,288700.000000
2020-04-08,7.780000,7.780000,7.500000,7.550000,480800.000000
2020-04-13,7.550000,7.550000,7.450000,7.490000,461900.000000
2020-04-14,7.600000,7.800000,7.450000,7.700000,75100.000000
2020-04-15,7.800000,8.550000,7.650000,7.700000,644200.000000
2020-04-16,7.800000,7.900000,7.650000,7.700000,285500.000000
2020-04-17,7.910000,8.300000,7.910000,8.000000,1150000.000000
2020-04-20,8.200000,8.380000,8.180000,8.200000,2107300.000000
2020-04-21,8.250000,8.250000,7.950000,8.000000,1876600.000000
2020-04-22,8.000000,8.010000,7.810000,8.000000,1523300.000000
2020-04-23,8.100000,8.200000,8.000000,8.000000,1333000.000000
2020-04-24,7.970000,8.470000,7.970000,8.450000,58300.000000
2020-04-27,8.450000,8.460000,8.020000,8.020000,1033700.000000
2020-04-28,8.020000,8.260000,8.010000,8.200000,383000.000000
2020-04-29,8.290000,8.290000,8.020000,8.100000,457300.000000
2020-04-30,8.160000,8.220000,8.050000,8.170000,425800.000000
2020-05-04,8.220000,8.440000,8.220000,8.370000,159700.000000
2020-05-05,8.440000,8.600000,8.440000,8.590000,216300.000000
2020-05-06,8.590000,8.740000,8.500000,8.600000,311300.000000
2020-05-07,8.700000,8.700000,8.500000,8.530000,118800.000000
2020-05-08,8.700000,8.700000,8.510000,8.590000,60000.000000
2020-05-11,8.700000,8.700000,8.500000,8.520000,256700.000000
2020-05-12,8.580000,8.580000,8.500000,8.500000,55100.000000
2020-05-13,8.500000,8.500000,8.350000,8.400000,116000.000000
2020-05-14,8.680000,8.680000,8.060000,8.400000,152700.000000
2020-05-15,8.590000,8.590000,8.110000,8.480000,28200.000000
2020-05-18,8.500000,8.500000,8.180000,8.190000,316000.000000
2020-05-19,8.570000,8.570000,8.200000,8.220000,31300.000000
2020-05-20,8.400000,8.570000,8.240000,8.350000,25200.000000
2020-05-21,8.490000,8.490000,8.250000,8.350000,31900.000000
2020-05-22,8.460000,8.460000,8.200000,8.300000,38500.000000
2020-05-26,8.300000,8.300000,7.900000,8.050000,1232400.000000
2020-05-27,8.010000,8.190000,8.000000,8.190000,57100.000000
2020-05-28,8.200000,8.200000,8.150000,8.200000,34500.000000
2020-05-29,8.180000,8.240000,8.090000,8.240000,96200.000000
2020-06-01,8.240000,8.240000,8.200000,8.230000,78400.000000
2020-06-02,8.200000,8.320000,8.000000,8.180000,2762900.000000
2020-06-03,8.150000,8.300000,8.150000,8.300000,3568600.000000
2020-06-04,8.340000,9.280000,8.340000,9.030000,3467700.000000
2020-06-05,9.280000,9.580000,9.100000,9.580000,334000.000000
2020-06-08,9.600000,10.000000,9.600000,9.900000,4659500.000000
2020-06-09,10.000000,10.400000,9.900000,10.000000,6680200.000000
2020-06-10,10.000000,10.180000,9.950000,10.040000,6550300.000000
2020-06-11,10.000000,10.000000,9.940000,9.950000,13450000.000000
2020-06-15,9.950000,10.680000,9.950000,10.500000,7324500.000000
2020-06-16,10.520000,10.960000,10.520000,10.880000,2325700.000000
2020-06-17,10.880000,11.000000,10.580000,10.880000,225500.000000
2020-06-18,10.800000,10.840000,10.500000,10.500000,185800.000000
2020-06-19,10.420000,10.480000,9.980000,9.980000,361800.000000
2020-06-22,9.960000,10.360000,9.960000,10.160000,68100.000000
2020-06-23,10.000000,10.020000,9.950000,10.000000,713100.000000
2020-06-24,10.000000,10.000000,9.900000,9.960000,120700.000000
2020-06-25,9.960000,10.080000,9.500000,10.000000,413100.000000
2020-06-26,10.000000,10.000000,9.500000,10.000000,13700.000000
2020-06-29,9.920000,9.920000,9.790000,9.800000,147900.000000
2020-06-30,9.790000,9.900000,9.790000,9.900000,59200.000000
2020-07-01,9.750000,9.840000,9.700000,9.790000,106800.000000
2020-07-02,9.800000,9.810000,9.780000,9.810000,204100.000000
2020-07-03,9.820000,9.980000,9.820000,9.920000,15500.000000
2020-07-06,9.900000,9.900000,9.780000,9.820000,2149700.000000
2020-07-07,9.920000,9.920000,9.780000,9.800000,62200.000000
2020-07-08,9.800000,9.980000,9.800000,9.940000,14000.000000
2020-07-09,9.900000,9.980000,9.800000,9.820000,109700.000000
2020-07-10,9.800000,9.820000,9.790000,9.800000,3375400.000000
2020-07-13,9.900000,9.980000,9.790000,9.800000,290000.000000
2020-07-14,9.990000,9.990000,9.790000,9.800000,632400.000000
2020-07-15,9.760000,9.810000,9.750000,9.800000,359900.000000
2020-07-16,9.800000,9.820000,9.800000,9.820000,311800.000000
2020-07-17,9.820000,10.000000,9.800000,9.800000,260000.000000
2020-07-20,9.800000,9.970000,9.800000,9.850000,72700.000000
2020-07-21,9.820000,9.900000,9.820000,9.900000,33700.000000
2020-07-22,9.900000,9.980000,9.900000,9.900000,184700.000000
2020-07-23,9.970000,9.970000,9.010000,9.800000,451400.000000
2020-07-24,9.800000,9.810000,9.790000,9.800000,548500.000000
2020-07-27,9.160000,9.810000,9.160000,9.800000,521400.000000
2020-07-28,9.800000,9.800000,9.780000,9.790000,113500.000000
2020-07-29,9.160000,9.850000,9.160000,9.800000,715700.000000
2020-07-30,9.800000,9.850000,9.800000,9.800000,380800.000000
2020-08-03,9.780000,9.850000,9.780000,9.810000,173200.000000
2020-08-04,9.800000,10.100000,9.800000,10.020000,123500.000000
2020-08-05,10.080000,10.400000,10.080000,10.300000,35200.000000
2020-08-06,10.300000,10.380000,10.260000,10.380000,114000.000000
2020-08-07,10.400000,10.400000,10.100000,10.240000,166500.000000
2020-08-10,10.240000,10.360000,10.000000,10.000000,1535400.000000
2020-08-11,10.000000,10.500000,9.900000,10.500000,3048800.000000
2020-08-12,10.500000,10.500000,10.160000,10.360000,67600.000000
2020-08-13,10.000000,10.340000,10.000000,10.080000,516100.000000
2020-08-14,10.300000,10.340000,10.060000,10.060000,947900.000000
2020-08-17,10.440000,10.440000,10.000000,10.000000,1987200.000000
2020-08-18,10.100000,10.200000,10.000000,10.000000,920700.000000
2020-08-19,10.000000,10.100000,10.000000,10.000000,265200.000000
2020-08-20,10.100000,10.480000,10.020000,10.480000,3129000.000000
2020-08-24,10.500000,10.500000,10.300000,10.480000,627100.000000
2020-08-25,10.480000,10.700000,10.400000,10.700000,281600.000000
2020-08-26,10.700000,11.280000,10.600000,11.280000,320200.000000
2020-08-27,11.300000,12.440000,11.300000,11.980000,905500.000000
2020-08-28,12.000000,12.500000,12.000000,12.300000,454100.000000
2020-09-01,12.300000,12.300000,12.000000,12.300000,243500.000000
2020-09-02,12.300000,12.480000,12.100000,12.400000,387100.000000
2020-09-03,12.400000,12.400000,12.180000,12.400000,218000.000000
2020-09-04,12.100000,12.400000,12.100000,12.400000,106400.000000
2020-09-07,12.500000,13.780000,12.500000,13.780000,892300.000000
2020-09-08,13.840000,14.800000,13.840000,14.600000,2872200.000000
2020-09-09,14.700000,14.800000,14.380000,14.500000,1223600.000000
2020-09-10,14.600000,14.600000,14.400000,14.480000,2903100.000000
2020-09-11,14.460000,14.460000,14.220000,14.220000,3245400.000000
2020-09-14,14.220000,14.600000,14.220000,14.400000,147200.000000
2020-09-15,14.200000,14.200000,12.680000,13.800000,1292200.000000
2020-09-16,13.800000,13.900000,13.440000,13.800000,740900.000000
2020-09-17,13.900000,14.400000,13.800000,14.060000,88700.000000
2020-09-18,14.000000,14.000000,13.660000,14.000000,200800.000000
2020-09-21,13.900000,13.900000,13.700000,13.880000,92400.000000
2020-09-22,13.600000,14.100000,13.580000,14.100000,451300.000000
2020-09-23,14.000000,14.180000,13.900000,14.180000,112800.000000
2020-09-24,13.800000,14.080000,13.740000,13.880000,573900.000000
2020-09-25,13.720000,14.000000,13.720000,14.000000,525300.000000
2020-09-28,14.000000,14.180000,13.880000,14.180000,671200.000000
2020-09-29,14.100000,14.100000,13.700000,14.100000,1831300.000000
2020-09-30,14.020000,14.300000,13.900000,14.300000,698800.000000
2020-10-01,14.320000,14.480000,14.180000,14.480000,703100.000000
2020-10-02,14.560000,14.700000,14.380000,14.700000,425700.000000
2020-10-05,14.700000,14.760000,14.260000,14.700000,2999200.000000
2020-10-06,14.700000,14.700000,14.200000,14.700000,118900.000000
2020-10-07,14.700000,14.700000,14.300000,14.700000,98500.000000
2020-10-08,14.360000,14.780000,14.240000,14.780000,208500.000000
2020-10-09,14.780000,14.900000,14.500000,14.900000,305000.000000
2020-10-12,14.920000,14.960000,14.600000,14.900000,2766500.000000
2020-10-13,15.000000,15.180000,14.900000,14.900000,3801200.000000
2020-10-14,14.900000,14.980000,14.600000,14.980000,33100.000000
2020-10-15,14.600000,14.980000,14.460000,14.520000,121400.000000
2020-10-16,14.560000,14.560000,14.000000,14.400000,128700.000000
2020-10-19,14.420000,14.700000,14.100000,14.700000,201100.000000
2020-10-20,14.680000,14.680000,14.300000,14.500000,101600.000000
2020-10-21,14.400000,14.500000,14.140000,14.500000,899800.000000
2020-10-22,14.200000,14.640000,14.200000,14.640000,2499300.000000
2020-10-23,14.640000,14.680000,14.400000,14.680000,152100.000000
2020-10-26,14.680000,14.700000,14.480000,14.700000,229100.000000
2020-10-27,14.700000,14.800000,14.300000,14.800000,246600.000000
2020-10-28,14.800000,15.000000,14.400000,15.000000,540800.000000
2020-10-29,14.800000,14.980000,14.480000,14.980000,308000.000000
2020-10-30,14.500000,14.900000,14.500000,14.900000,69400.000000
2020-11-03,14.900000,15.100000,14.880000,15.100000,604300.000000
2020-11-04,15.100000,15.260000,15.080000,15.180000,3824100.000000
2020-11-05,15.260000,15.300000,15.000000,15.300000,1169000.000000
2020-11-06,15.320000,15.600000,15.100000,15.600000,2028300.000000
2020-11-09,15.600000,16.020000,15.600000,16.000000,4603500.000000
2020-11-10,15.800000,16.100000,15.800000,16.040000,5412900.000000
2020-11-11,16.020000,16.120000,15.900000,16.100000,5650300.000000
2020-11-13,16.100000,16.100000,15.500000,16.000000,2166200.000000
2020-11-16,16.000000,16.060000,15.940000,16.000000,1351700.000000
2020-11-17,15.940000,16.000000,15.700000,16.000000,237900.000000
2020-11-18,15.680000,15.960000,15.400000,15.960000,395500.000000
2020-11-19,15.940000,15.940000,15.480000,15.900000,293800.000000
2020-11-20,15.800000,15.900000,15.500000,15.900000,106100.000000
2020-11-23,15.860000,15.860000,15.200000,15.520000,341700.000000
2020-11-24,15.500000,15.500000,15.200000,15.400000,162500.000000
2020-11-25,15.380000,15.380000,15.020000,15.240000,212800.000000
2020-11-26,15.180000,15.180000,14.920000,15.180000,144700.000000
2020-11-27,14.900000,15.400000,14.500000,15.400000,853800.000000
2020-12-01,15.400000,15.520000,14.600000,15.000000,193900.000000
2020-12-02,14.980000,15.000000,14.620000,15.000000,192300.000000
2020-12-03,15.000000,15.100000,14.980000,15.080000,22900.000000
2020-12-04,15.020000,15.040000,14.900000,15.020000,375900.000000
2020-12-07,15.020000,15.020000,14.960000,15.020000,47500.000000
2020-12-09,15.000000,15.080000,15.000000,15.020000,9100.000000
2020-12-10,15.020000,15.020000,14.780000,15.020000,768300.000000
2020-12-11,15.020000,15.020000,14.700000,15.020000,1250900.000000
2020-12-14,14.920000,15.020000,14.820000,15.020000,134100.000000
2020-12-15,15.000000,15.020000,14.820000,15.020000,40500.000000
2020-12-16,14.920000,15.020000,14.700000,15.020000,173200.000000
2020-12-17,15.000000,15.020000,14.980000,15.020000,552400.000000
2020-12-18,15.000000,15.020000,14.980000,15.000000,632900.000000
2020-12-21,15.000000,15.000000,14.740000,15.000000,127400.000000
2020-12-22,14.720000,15.000000,14.220000,15.000000,138500.000000
2020-12-23,14.580000,14.820000,14.320000,14.500000,178000.000000
2020-12-28,14.500000,14.780000,14.500000,14.500000,63300.000000
2020-12-29,14.500000,14.620000,14.240000,14.480000,103600.000000
2021-01-04,14.240000,14.500000,14.220000,14.460000,186000.000000
2021-01-05,14.400000,14.500000,14.100000,14.500000,542200.000000
2021-01-06,14.100000,14.400000,14.080000,14.200000,147400.000000
2021-01-07,14.080000,14.160000,13.880000,14.160000,372800.000000
2021-01-08,14.160000,14.340000,14.000000,14.280000,76800.000000
2021-01-11,14.280000,14.300000,14.200000,14.280000,64500.000000
2021-01-12,14.260000,14.280000,13.880000,14.280000,119200.000000
2021-01-13,14.020000,14.260000,13.900000,14.200000,86900.000000
2021-01-14,14.100000,14.100000,13.880000,14.000000,96300.000000
2021-01-15,14.060000,14.080000,13.900000,14.000000,117200.000000
2021-01-18,14.000000,14.000000,13.600000,13.900000,84800.000000
2021-01-19,13.700000,13.700000,13.500000,13.560000,87400.000000
2021-01-20,13.540000,13.680000,13.480000,13.680000,51800.000000
2021-01-21,13.700000,14.200000,13.500000,14.200000,44600.000000
2021-01-22,14.200000,14.300000,13.600000,14.000000,173100.000000
2021-01-25,14.000000,14.000000,13.500000,13.600000,1115700.000000
2021-01-26,13.600000,14.180000,13.500000,14.000000,154100.000000
2021-01-27,13.640000,14.000000,13.500000,14.000000,17900.000000
2021-01-28,13.560000,13.980000,13.560000,13.560000,20900.000000
2021-01-29,13.400000,13.980000,13.060000,13.980000,63600.000000
2021-02-01,13.980000,13.980000,13.700000,13.880000,27400.000000
2021-02-02,13.980000,13.980000,13.240000,13.800000,12600.000000
2021-02-03,13.800000,13.900000,13.500000,13.500000,296800.000000
2021-02-04,13.400000,13.740000,13.400000,13.500000,7700.000000
2021-02-05,13.400000,13.500000,13.400000,13.500000,11600.000000
2021-02-08,13.500000,13.800000,13.240000,13.400000,6576100.000000
2021-02-09,13.400000,13.400000,13.220000,13.300000,70300.000000
2021-02-10,13.200000,13.880000,13.200000,13.880000,285300.000000
2021-02-11,13.880000,13.880000,13.240000,13.860000,62900.000000
2021-02-15,13.500000,13.800000,13.500000,13.600000,2600.000000
2021-02-16,13.600000,13.900000,13.500000,13.700000,141100.000000
2021-02-17,13.900000,13.900000,13.600000,13.600000,8800.000000
2021-02-18,13.440000,13.800000,13.240000,13.800000,143800.000000
2021-02-19,13.240000,13.740000,13.240000,13.320000,46600.000000
2021-02-22,13.320000,13.580000,12.980000,13.460000,1500300.000000
2021-02-23,13.000000,13.000000,12.800000,12.800000,928600.000000
2021-02-24,12.680000,12.700000,11.920000,12.000000,722000.000000
2021-02-26,11.900000,12.000000,11.800000,12.000000,195900.000000
2021-03-01,12.000000,12.000000,11.800000,11.940000,364200.000000
2021-03-02,12.000000,12.500000,11.980000,12.000000,435800.000000
2021-03-03,12.000000,12.000000,11.800000,12.000000,63100.000000
2021-03-04,12.000000,12.000000,11.800000,11.800000,91200.000000
2021-03-05,12.000000,12.460000,12.000000,12.380000,83400.000000
2021-03-08,12.420000,12.980000,12.000000,12.500000,129000.000000
2021-03-09,12.500000,12.500000,12.120000,12.200000,570800.000000
2021-03-10,12.000000,12.000000,11.660000,12.000000,1271800.000000
2021-03-11,11.980000,12.000000,11.800000,11.800000,96600.000000
2021-03-12,11.900000,11.900000,11.800000,11.840000,4600.000000
2021-03-15,11.680000,11.720000,10.220000,10.440000,604200.000000
2021-03-16,10.440000,10.600000,10.300000,10.600000,109100.000000
2021-03-17,10.640000,11.180000,10.640000,11.000000,93500.000000
2021-03-18,10.600000,11.280000,10.600000,11.220000,12800.000000
2021-03-19,11.200000,11.240000,11.040000,11.240000,418100.000000
2021-03-22,11.040000,11.040000,10.880000,11.000000,58100.000000
2021-03-23,11.000000,11.280000,11.000000,11.260000,1600.000000
2021-03-24,11.000000,11.300000,11.000000,11.300000,28000.000000
2021-03-25,11.020000,11.480000,11.020000,11.480000,700.000000
2021-03-26,11.000000,11.500000,11.000000,11.500000,15300.000000
2021-03-29,11.500000,11.500000,11.020000,11.400000,600.000000
2021-03-30,11.700000,11.700000,11.000000,11.340000,88500.000000
2021-03-31,11.000000,11.200000,10.900000,10.900000,60500.000000
2021-04-05,10.900000,11.000000,10.600000,10.600000,335900.000000
2021-04-06,10.940000,10.960000,10.700000,10.740000,9500.000000
2021-04-07,10.960000,10.960000,10.760000,10.820000,7000.000000
2021-04-08,10.900000,11.020000,10.760000,11.000000,155400.000000
2021-04-12,10.900000,11.680000,10.900000,11.600000,33700.000000
2021-04-13,11.200000,11.400000,11.200000,11.360000,89600.000000
2021-04-14,11.400000,11.400000,11.160000,11.260000,65000.000000
2021-04-15,11.300000,11.500000,11.280000,11.340000,16900.000000
2021-04-16,11.500000,11.620000,11.400000,11.620000,10700.000000
2021-04-19,11.660000,11.660000,11.500000,11.520000,33300.000000
2021-04-20,11.680000,11.700000,11.520000,11.700000,103900.000000
2021-04-21,11.720000,12.020000,11.720000,12.020000,62100.000000
2021-04-22,12.100000,12.160000,11.860000,12.040000,27600.000000
2021-04-23,12.100000,12.100000,11.820000,12.000000,32279500.000000
2021-04-26,12.000000,12.020000,11.820000,11.900000,20600.000000
2021-04-27,11.860000,11.860000,11.700000,11.800000,27800.000000
2021-04-28,11.800000,11.800000,11.700000,11.800000,2800.000000
2021-04-29,12.000000,12.060000,12.000000,12.000000,37200.000000
2021-04-30,12.000000,12.040000,12.000000,12.020000,24200.000000
2021-05-03,12.160000,12.160000,11.700000,11.700000,75700.000000
2021-05-04,12.140000,12.140000,11.980000,11.980000,88000.000000
2021-05-05,11.900000,12.000000,11.240000,11.700000,71400.000000
2021-05-06,12.000000,12.000000,11.420000,12.000000,2800.000000
2021-05-07,12.000000,12.000000,11.480000,11.800000,94500.000000
2021-05-10,11.800000,12.000000,11.800000,11.980000,40300.000000
2021-05-11,11.960000,11.960000,11.580000,11.880000,7600.000000
2021-05-12,11.900000,11.900000,11.820000,11.820000,14300.000000
2021-05-14,11.880000,11.880000,11.820000,11.860000,32700.000000
2021-05-17,11.900000,12.200000,11.900000,12.200000,655500.000000
2021-05-18,12.260000,12.260000,12.160000,12.200000,79600.000000
2021-05-19,12.240000,12.300000,12.180000,12.200000,1111500.000000
2021-05-20,12.120000,12.400000,12.120000,12.300000,251700.000000
2021-05-21,12.300000,12.300000,12.260000,12.300000,177800.000000
2021-05-24,12.500000,12.500000,12.320000,12.320000,248200.000000
2021-05-25,12.320000,12.480000,12.320000,12.400000,13100.000000
2021-05-26,12.340000,12.500000,12.340000,12.500000,383700.000000
2021-05-27,12.500000,12.740000,12.440000,12.500000,351400.000000
2021-05-28,13.000000,13.000000,12.620000,12.620000,54500.000000
2021-05-31,12.620000,13.000000,12.620000,12.980000,11200.000000
2021-06-01,12.800000,12.980000,12.720000,12.980000,43100.000000
2021-06-02,12.980000,13.600000,12.980000,13.300000,61700.000000
2021-06-03,13.300000,13.300000,13.200000,13.300000,256500.000000
2021-06-04,13.300000,13.500000,13.220000,13.340000,38000.000000
2021-06-07,13.340000,13.500000,13.320000,13.360000,58400.000000
2021-06-08,13.320000,14.000000,13.320000,14.000000,437200.000000
2021-06-09,14.100000,14.200000,13.500000,14.200000,134500.000000
2021-06-10,14.200000,14.500000,13.620000,14.500000,884500.000000
2021-06-11,14.520000,14.520000,13.940000,14.520000,56500.000000
2021-06-14,14.520000,14.520000,14.300000,14.520000,175300.000000
2021-06-15,14.160000,14.700000,14.060000,14.400000,37600.000000
2021-06-16,14.540000,14.540000,14.300000,14.480000,37600.000000
2021-06-17,14.480000,14.480000,14.300000,14.480000,143700.000000
2021-06-18,14.300000,14.480000,14.200000,14.480000,132200.000000
2021-06-21,14.400000,14.460000,14.040000,14.460000,124200.000000
2021-06-22,14.220000,14.560000,14.220000,14.500000,393800.000000
2021-06-23,14.500000,14.900000,14.400000,14.900000,584400.000000
2021-06-24,14.900000,15.000000,14.700000,15.000000,2297100.000000
2021-06-25,15.000000,15.900000,15.000000,15.280000,14495700.000000
2021-06-28,15.280000,15.280000,15.000000,15.280000,1483900.000000
2021-06-29,15.020000,15.300000,15.000000,15.300000,281900.000000
2021-06-30,15.000000,15.240000,14.940000,15.240000,1297600.000000
2021-07-01,15.100000,15.300000,15.000000,15.300000,1845700.000000
2021-07-02,15.320000,15.340000,15.200000,15.340000,559500.000000
2021-07-05,15.340000,15.500000,15.340000,15.500000,890500.000000
2021-07-06,15.500000,15.700000,15.500000,15.680000,287400.000000
2021-07-07,15.680000,15.800000,15.500000,15.700000,1661800.000000
2021-07-08,15.760000,15.760000,15.700000,15.700000,266200.000000
2021-07-09,15.700000,15.720000,15.600000,15.700000,1571600.000000
2021-07-12,15.700000,15.700000,15.100000,15.500000,158800.000000
2021-07-13,15.500000,15.600000,15.500000,15.500000,43200.000000
2021-07-14,15.500000,15.620000,15.500000,15.500000,181800.000000
2021-07-15,15.620000,15.620000,15.480000,15.480000,1004200.000000
2021-07-16,15.480000,15.480000,14.500000,14.520000,623400.000000
2021-07-19,14.500000,15.480000,14.300000,14.520000,1046900.000000
2021-07-21,14.500000,15.000000,14.500000,14.880000,24100.000000
2021-07-22,14.420000,14.880000,14.420000,14.880000,3100.000000
2021-07-23,14.320000,14.400000,14.280000,14.280000,24400.000000
2021-07-26,14.280000,14.280000,14.100000,14.100000,173100.000000
2021-07-27,14.100000,14.500000,14.100000,14.400000,522300.000000
2021-07-28,14.400000,15.000000,14.400000,14.960000,345800.000000
2021-07-29,14.960000,14.960000,14.860000,14.960000,11700.000000
2021-07-30,14.800000,14.800000,14.180000,14.500000,37000.000000
2021-08-02,14.500000,14.940000,14.500000,14.840000,122000.000000
2021-08-03,14.520000,14.840000,14.500000,14.840000,21100.000000
2021-08-04,14.040000,14.800000,14.040000,14.800000,29500.000000
2021-08-06,14.380000,14.800000,14.100000,14.800000,40900.000000
2021-08-09,14.160000,14.740000,14.160000,14.740000,48100.000000
2021-08-10,14.800000,14.980000,14.760000,14.880000,65600.000000
2021-08-11,14.880000,15.300000,14.880000,14.900000,265900.000000
2021-08-12,15.000000,15.100000,14.920000,15.000000,115700.000000
2021-08-13,15.100000,15.340000,15.000000,15.300000,455100.000000
2021-08-16,15.340000,15.340000,15.000000,15.000000,282400.000000
2021-08-17,14.980000,14.980000,14.020000,14.260000,225200.000000
2021-08-18,14.120000,14.560000,14.120000,14.500000,38200.000000
2021-08-19,14.180000,14.460000,14.120000,14.460000,24300.000000
2021-08-20,14.240000,14.460000,14.160000,14.460000,15000.000000
2021-08-23,14.500000,14.500000,14.220000,14.500000,72100.000000
2021-08-24,14.240000,14.500000,14.240000,14.320000,12700.000000
2021-08-25,14.800000,14.800000,14.400000,14.400000,118600.000000
2021-08-26,14.220000,14.360000,14.100000,14.320000,43900.000000
2021-08-27,14.280000,14.500000,14.280000,14.500000,53100.000000
2021-08-31,14.240000,14.280000,14.240000,14.260000,34500.000000
2021-09-01,14.120000,14.400000,14.100000,14.400000,88000.000000
2021-09-02,14.080000,14.200000,14.060000,14.200000,63200.000000
2021-09-03,14.200000,14.420000,14.200000,14.400000,32800.000000
2021-09-06,14.200000,14.240000,14.200000,14.200000,45600.000000
2021-09-07,14.180000,14.480000,14.180000,14.460000,14800.000000
2021-09-08,14.460000,14.460000,14.460000,14.460000,1400.000000
2021-09-09,14.400000,14.440000,14.340000,14.420000,103200.000000
2021-09-10,14.400000,14.400000,14.320000,14.400000,17500.000000
2021-09-13,14.300000,14.380000,14.240000,14.280000,19500.000000
2021-09-14,14.400000,14.400000,14.200000,14.220000,176100.000000
2021-09-15,14.200000,14.220000,14.100000,14.100000,239700.000000
2021-09-16,14.300000,14.300000,14.200000,14.200000,4500.000000
2021-09-17,14.200000,14.200000,14.100000,14.160000,11600.000000
2021-09-20,14.120000,14.140000,14.000000,14.000000,248100.000000
2021-09-21,14.000000,14.500000,14.000000,14.200000,47000.000000
2021-09-22,14.500000,14.500000,14.040000,14.120000,31700.000000
2021-09-23,14.120000,14.500000,14.080000,14.480000,15100.000000
2021-09-24,14.580000,14.640000,14.500000,14.560000,193200.000000
2021-09-27,14.560000,15.100000,14.560000,15.080000,212400.000000
2021-09-28,15.100000,15.100000,15.000000,15.020000,67900.000000
2021-09-29,15.020000,15.100000,14.520000,14.780000,72200.000000
2021-09-30,14.800000,14.860000,14.780000,14.780000,69800.000000
2021-10-01,14.800000,15.040000,14.700000,14.800000,231600.000000
2021-10-04,14.800000,15.400000,14.700000,15.260000,678300.000000
2021-10-05,15.300000,15.320000,14.700000,15.000000,135800.000000
2021-10-06,15.000000,15.000000,14.640000,14.740000,110000.000000
2021-10-07,14.760000,15.000000,14.140000,14.200000,224200.000000
2021-10-08,14.200000,14.580000,14.200000,14.500000,22700.000000
2021-10-11,14.260000,14.480000,14.240000,14.460000,50000.000000
2021-10-12,14.460000,14.480000,14.340000,14.380000,10200.000000
2021-10-13,14.400000,14.640000,14.200000,14.460000,63200.000000
2021-10-14,14.300000,14.460000,14.220000,14.440000,68000.000000
2021-10-15,14.280000,14.500000,14.280000,14.500000,34800.000000
2021-10-18,14.480000,14.480000,14.280000,14.360000,60500.000000
2021-10-19,14.360000,14.760000,14.360000,14.600000,31000.000000
2021-10-20,14.700000,14.760000,14.700000,14.700000,23900.000000
2021-10-21,14.280000,14.620000,14.280000,14.620000,15700.000000
2021-10-22,14.460000,14.460000,14.460000,14.460000,1300.000000
2021-10-25,14.760000,14.760000,14.460000,14.600000,5500.000000
2021-10-26,14.600000,14.600000,14.480000,14.480000,18600.000000
2021-10-27,14.600000,14.600000,14.360000,14.400000,4100.000000
2021-10-28,14.400000,14.400000,14.280000,14.300000,65300.000000
2021-10-29,14.300000,14.400000,14.280000,14.400000,50500.000000
2021-11-02,14.240000,14.500000,14.220000,14.240000,20300.000000
2021-11-03,14.260000,14.380000,14.220000,14.320000,150300.000000
2021-11-04,14.380000,14.380000,14.260000,14.260000,30900.000000
2021-11-05,14.300000,14.320000,14.260000,14.300000,325700.000000
2021-11-08,14.300000,14.320000,14.260000,14.300000,159800.000000
2021-11-09,14.320000,14.480000,14.280000,14.300000,485000.000000
2021-11-10,14.300000,14.300000,14.160000,14.200000,274500.000000
2021-11-11,14.300000,14.460000,14.280000,14.300000,58200.000000
2021-11-12,14.460000,14.580000,14.460000,14.480000,51600.000000
2021-11-15,14.480000,14.480000,14.240000,14.260000,35900.000000
2021-11-16,14.240000,14.580000,14.200000,14.220000,106600.000000
2021-11-17,14.220000,14.480000,14.220000,14.480000,12100.000000
2021-11-18,14.480000,14.480000,14.220000,14.240000,4900.000000
2021-11-19,14.220000,14.480000,13.600000,14.380000,228900.000000
2021-11-22,14.000000,14.380000,14.000000,14.340000,14300.000000
2021-11-23,14.300000,14.300000,14.280000,14.280000,6300.000000
2021-11-24,14.280000,14.280000,14.120000,14.140000,63800.000000
2021-11-25,14.060000,14.140000,14.040000,14.140000,44700.000000
2021-11-26,14.100000,14.280000,14.000000,14.000000,113500.000000
2021-11-29,14.000000,14.000000,13.700000,14.000000,63600.000000
2021-12-01,13.800000,13.980000,13.640000,13.700000,184200.000000
2021-12-02,13.620000,13.660000,13.620000,13.660000,9300.000000
2021-12-03,13.660000,13.900000,13.660000,13.720000,107700.000000
2021-12-06,14.000000,14.600000,13.700000,14.420000,48900.000000
2021-12-09,14.380000,14.500000,14.380000,14.500000,245400.000000
2021-12-10,14.520000,14.540000,14.420000,14.500000,1012100.000000
2021-12-13,14.500000,14.600000,14.500000,14.500000,13700.000000
2021-12-14,14.500000,14.500000,14.500000,14.500000,1159300.000000
2021-12-15,14.540000,14.540000,14.200000,14.500000,4415200.000000
2021-12-16,14.500000,14.500000,14.220000,14.460000,12000.000000
2021-12-17,14.500000,14.500000,14.440000,14.480000,25300.000000
2021-12-20,14.480000,14.480000,14.480000,14.480000,5000.000000
2021-12-21,14.240000,14.540000,14.240000,14.480000,20100.000000
2021-12-22,14.480000,14.500000,14.480000,14.480000,5100.000000
2021-12-23,14.320000,14.400000,14.000000,14.000000,60500.000000
2021-12-27,14.060000,14.440000,14.060000,14.440000,1000.000000
2021-12-28,14.460000,14.480000,14.300000,14.460000,1001300.000000
2021-12-29,14.480000,14.480000,14.320000,14.460000,338700.000000
2021-12-31,14.300000,14.600000,14.300000,14.600000,39400.000000
2022-01-03,14.600000,14.700000,14.580000,14.700000,494900.000000
2022-01-05,14.760000,14.940000,14.760000,14.860000,77000.000000
2022-01-06,14.900000,14.900000,14.780000,14.880000,67000.000000
2022-01-07,14.880000,14.880000,14.660000,14.760000,601100.000000
2022-01-10,14.760000,14.800000,14.760000,14.800000,48400.000000
2022-01-11,14.800000,14.900000,14.680000,14.800000,803300.000000
2022-01-12,14.780000,14.880000,14.740000,14.800000,70400.000000
2022-01-13,14.660000,14.800000,14.660000,14.800000,216100.000000
2022-01-14,14.720000,14.800000,14.720000,14.800000,28500.000000
2022-01-17,14.880000,14.920000,14.800000,14.800000,249900.000000
2022-01-18,14.800000,14.800000,14.720000,14.740000,252200.000000
2022-01-19,14.740000,14.740000,14.720000,14.740000,9300.000000
2022-01-20,14.720000,14.760000,14.700000,14.720000,191900.000000
2022-01-21,14.720000,14.740000,14.720000,14.740000,448100.000000
2022-01-24,14.660000,14.660000,14.500000,14.500000,54900.000000
2022-01-25,14.500000,14.600000,14.220000,14.600000,212000.000000
2022-01-26,14.600000,14.600000,14.340000,14.340000,13600.000000
2022-01-27,14.360000,14.400000,14.340000,14.400000,91800.000000
2022-01-28,14.400000,14.400000,14.080000,14.080000,268400.000000
2022-01-31,14.500000,14.500000,14.120000,14.120000,85100.000000
2022-02-02,14.140000,14.140000,14.040000,14.060000,479200.000000
2022-02-03,14.060000,14.140000,14.040000,14.140000,688000.000000
2022-02-04,14.140000,14.140000,13.800000,13.820000,213800.000000
2022-02-07,13.860000,14.740000,13.860000,14.740000,7200.000000
2022-02-08,14.580000,14.580000,13.880000,13.920000,57000.000000
2022-02-09,14.060000,14.420000,14.060000,14.060000,5700.000000
2022-02-10,14.060000,14.060000,13.880000,13.900000,26800.000000
2022-02-11,13.880000,13.900000,13.800000,13.900000,176000.000000
2022-02-14,14.000000,14.380000,13.800000,13.820000,27200.000000
2022-02-15,14.000000,14.200000,13.740000,13.740000,2500.000000
2022-02-16,13.740000,14.460000,13.740000,14.400000,6300.000000
2022-02-17,14.300000,14.300000,14.200000,14.200000,2100.000000
2022-02-18,14.200000,14.200000,13.800000,13.860000,52600.000000
2022-02-21,14.200000,14.200000,13.860000,13.880000,1500.000000
2022-02-22,13.800000,13.900000,13.760000,13.760000,31400.000000
2022-02-23,13.740000,14.180000,13.740000,14.180000,18000.000000
2022-02-24,13.780000,13.780000,13.700000,13.720000,78000.000000
2022-02-28,13.620000,13.800000,13.600000,13.640000,61700.000000
2022-03-01,13.660000,13.900000,13.580000,13.900000,413400.000000
2022-03-02,14.160000,14.160000,13.580000,13.600000,2317600.000000
2022-03-03,13.700000,13.700000,13.700000,13.700000,27100.000000
2022-03-04,13.600000,13.600000,13.420000,13.460000,29600.000000
2022-03-07,13.480000,13.480000,13.260000,13.380000,109900.000000
2022-03-08,13.400000,13.400000,12.700000,12.980000,224200.000000
2022-03-09,12.980000,12.980000,12.560000,12.920000,1977600.000000
2022-03-10,12.980000,13.480000,12.980000,13.480000,93200.000000
2022-03-11,13.460000,13.480000,13.000000,13.480000,2013800.000000
2022-03-14,13.000000,13.460000,13.000000,13.360000,2018700.000000
2022-03-15,12.900000,12.900000,12.560000,12.700000,59100.000000
2022-03-16,12.800000,12.900000,12.800000,12.900000,2100.000000
2022-03-17,13.500000,13.800000,13.040000,13.040000,47400.000000
2022-03-18,13.020000,13.020000,13.020000,13.020000,22100.000000
2022-03-21,13.020000,13.020000,13.020000,13.020000,2400.000000
2022-03-22,13.020000,13.780000,13.020000,13.680000,5900.000000
2022-03-23,13.500000,13.500000,12.800000,12.800000,252800.000000
2022-03-24,12.820000,13.600000,12.820000,13.600000,62900.000000
2022-03-25,13.540000,13.540000,13.080000,13.080000,12500.000000
2022-03-28,13.060000,13.560000,13.000000,13.200000,18000.000000
2022-03-29,13.080000,13.420000,12.920000,12.920000,122400.000000
2022-03-30,13.500000,13.500000,13.380000,13.380000,4900.000000
2022-03-31,13.200000,13.300000,13.200000,13.300000,3700.000000
2022-04-01,13.300000,13.300000,13.000000,13.200000,9600.000000
2022-04-04,13.000000,13.100000,13.000000,13.000000,37000.000000
2022-04-05,13.000000,13.000000,13.000000,13.000000,34000.000000
2022-04-06,13.000000,13.000000,12.940000,13.000000,36600.000000
2022-04-07,13.000000,13.000000,12.960000,13.000000,12300.000000
2022-04-08,12.940000,13.200000,12.940000,13.200000,4800.000000
2022-04-11,12.980000,12.980000,12.920000,12.920000,2900.000000
2022-04-12,13.360000,13.360000,13.340000,13.340000,2300.000000
2022-04-13,13.300000,13.300000,12.900000,12.900000,7700.000000
2022-04-18,13.340000,13.340000,12.940000,13.340000,4400.000000
2022-04-19,13.340000,13.340000,13.320000,13.320000,500.000000
2022-04-20,13.300000,13.300000,12.900000,13.260000,22500.000000
2022-04-21,13.100000,13.100000,13.000000,13.000000,8600.000000
2022-04-22,13.240000,13.240000,12.920000,12.920000,5600.000000
2022-04-25,12.920000,12.920000,12.800000,12.800000,38200.000000
2022-04-26,12.820000,12.920000,12.820000,12.920000,4500.000000
2022-04-27,12.980000,13.000000,12.920000,12.980000,6000.000000
2022-04-28,12.980000,12.980000,12.720000,12.720000,13200.000000
2022-04-29,12.780000,12.780000,12.500000,12.500000,21600.000000
2022-05-02,12.520000,12.940000,12.480000,12.480000,42200.000000
2022-05-04,12.320000,12.320000,12.240000,12.240000,6300.000000
2022-05-05,12.240000,12.240000,12.000000,12.200000,113600.000000
2022-05-06,12.200000,12.200000,12.000000,12.200000,31200.000000
2022-05-10,12.220000,12.980000,12.220000,12.220000,37000.000000
2022-05-11,12.300000,12.980000,12.300000,12.500000,9400.000000
2022-05-12,12.980000,12.980000,12.500000,12.500000,2400.000000
2022-05-13,12.860000,12.900000,12.780000,12.780000,8800.000000
2022-05-16,12.780000,12.940000,12.780000,12.800000,1000.000000
2022-05-17,12.800000,12.800000,11.820000,12.500000,62500.000000
2022-05-18,12.400000,12.600000,12.400000,12.600000,24900.000000
2022-05-19,12.600000,12.620000,12.600000,12.620000,5600.000000
2022-05-20,12.600000,12.820000,12.600000,12.820000,125000.000000
2022-05-23,12.820000,14.680000,12.640000,12.660000,2200.000000
2022-05-25,12.660000,12.660000,12.660000,12.660000,1200.000000
2022-05-26,12.920000,12.920000,12.300000,12.300000,200.000000
2022-05-27,12.300000,12.300000,12.260000,12.260000,18600.000000
2022-05-30,12.100000,12.580000,12.100000,12.160000,12400.000000
2022-05-31,12.200000,12.200000,12.200000,12.200000,14400.000000
2022-06-01,12.200000,12.200000,12.100000,12.100000,31100.000000
2022-06-03,12.200000,12.760000,12.120000,12.120000,25200.000000
2022-06-06,12.420000,12.420000,12.140000,12.140000,38300.000000
2022-06-07,12.200000,12.380000,12.200000,12.380000,2700.000000
2022-06-08,12.680000,12.680000,12.400000,12.400000,8500.000000
2022-06-09,12.220000,12.660000,12.200000,12.640000,7700.000000
2022-06-13,12.640000,12.640000,12.140000,12.140000,55000.000000
2022-06-14,12.520000,12.520000,12.520000,12.520000,100.000000
2022-06-15,12.360000,12.360000,12.140000,12.200000,6100.000000
2022-06-16,12.200000,12.200000,12.020000,12.200000,37800.000000
2022-06-17,12.400000,12.400000,12.400000,12.400000,200.000000
2022-06-20,12.200000,12.200000,12.200000,12.200000,2200.000000
2022-06-21,12.200000,12.380000,12.200000,12.380000,12700.000000
2022-06-22,12.380000,12.380000,12.380000,12.380000,5200.000000
2022-06-23,12.380000,12.380000,12.380000,12.380000,1300.000000
2022-06-24,12.340000,12.340000,12.040000,12.300000,7000.000000
2022-06-27,12.280000,12.360000,12.240000,12.360000,32400.000000
2022-06-28,12.340000,12.400000,12.340000,12.400000,16000.000000
2022-06-29,12.580000,12.580000,12.160000,12.460000,21600.000000
2022-06-30,12.180000,12.200000,12.060000,12.060000,45800.000000
2022-07-01,12.420000,12.420000,12.080000,12.240000,87400.000000
2022-07-04,12.240000,12.240000,12.240000,12.240000,13100.000000
2022-07-06,12.040000,12.380000,12.040000,12.380000,7800.000000
2022-07-07,12.360000,12.360000,12.340000,12.340000,1700.000000
2022-07-08,12.060000,12.300000,12.020000,12.200000,12500.000000
2022-07-11,12.060000,12.060000,12.060000,12.060000,100.000000
2022-07-13,12.080000,12.100000,12.080000,12.100000,3800.000000
2022-07-14,12.100000,12.100000,12.040000,12.080000,12000.000000
2022-07-15,12.020000,12.100000,12.000000,12.000000,103400.000000
2022-07-18,12.020000,12.340000,12.020000,12.200000,7600.000000
2022-07-20,12.340000,12.340000,12.200000,12.200000,17900.000000
2022-07-21,12.060000,12.080000,12.040000,12.080000,24200.000000
2022-07-22,12.040000,12.200000,12.020000,12.200000,45200.000000
2022-07-25,12.040000,12.340000,12.020000,12.020000,11800.000000
2022-07-26,12.380000,12.760000,12.380000,12.740000,134100.000000
2022-07-27,12.740000,12.760000,12.100000,12.340000,17600.000000
2022-07-28,12.800000,12.980000,12.340000,12.480000,124500.000000
2022-07-29,13.000000,13.000000,12.540000,13.000000,77300.000000
2022-08-01,13.040000,13.500000,13.040000,13.200000,57500.000000
2022-08-02,13.620000,13.620000,13.500000,13.600000,330100.000000
2022-08-03,13.600000,13.840000,13.600000,13.840000,64700.000000
2022-08-04,13.860000,14.480000,13.600000,14.300000,285400.000000
2022-08-05,14.300000,14.380000,14.000000,14.320000,196400.000000
2022-08-08,14.320000,14.500000,14.320000,14.400000,674900.000000
2022-08-09,14.380000,14.380000,14.300000,14.300000,2100.000000
2022-08-10,14.200000,14.280000,14.000000,14.020000,328600.000000
2022-08-11,14.020000,14.500000,14.020000,14.300000,247400.000000
2022-08-12,14.300000,14.600000,14.300000,14.600000,406600.000000
2022-08-15,14.600000,14.900000,14.600000,14.740000,470700.000000
2022-08-16,14.740000,14.740000,14.560000,14.680000,290800.000000
2022-08-17,14.500000,14.700000,14.500000,14.700000,288600.000000
2022-08-18,14.600000,14.680000,14.540000,14.680000,85200.000000
2022-08-19,14.680000,14.680000,14.480000,14.480000,217400.000000
2022-08-22,14.500000,14.500000,14.200000,14.400000,87800.000000
2022-08-23,14.200000,14.300000,14.000000,14.300000,10100.000000
2022-08-24,14.300000,14.320000,14.200000,14.200000,7700.000000
2022-08-25,14.200000,14.300000,14.120000,14.300000,22400.000000
2022-08-26,14.200000,14.320000,14.020000,14.200000,31300.000000
2022-08-30,14.200000,14.200000,14.200000,14.200000,35400.000000
2022-08-31,14.120000,14.260000,14.120000,14.260000,8400.000000
2022-09-01,14.260000,14.600000,14.260000,14.600000,171300.000000
2022-09-02,14.420000,14.640000,14.420000,14.640000,63300.000000
2022-09-05,14.640000,14.780000,14.640000,14.780000,428100.000000
2022-09-06,14.780000,14.780000,14.700000,14.700000,54800.000000
2022-09-07,14.700000,14.700000,14.600000,14.600000,48500.000000
2022-09-08,14.600000,14.800000,14.600000,14.800000,417500.000000
2022-09-09,14.800000,14.980000,14.800000,14.880000,372200.000000
2022-09-12,14.900000,15.280000,14.900000,15.000000,683600.000000
2022-09-13,15.000000,15.100000,15.000000,15.100000,107600.000000
2022-09-14,15.100000,15.100000,14.900000,14.900000,23200.000000
2022-09-15,14.820000,15.000000,14.820000,15.000000,40900.000000
2022-09-16,15.000000,15.000000,14.900000,15.000000,84400.000000
2022-09-19,15.000000,15.000000,14.900000,15.000000,313100.000000
2022-09-20,15.000000,15.000000,14.900000,15.000000,15400.000000
2022-09-21,15.000000,15.060000,14.920000,15.000000,193300.000000
2022-09-22,15.080000,15.100000,14.900000,14.980000,17900.000000
2022-09-23,14.900000,15.000000,14.900000,14.900000,14900.000000
2022-09-27,14.800000,14.980000,14.800000,14.960000,175100.000000
2022-09-28,15.000000,15.000000,14.820000,14.860000,100200.000000
2022-09-29,14.860000,14.960000,14.800000,14.840000,239000.000000
2022-09-30,14.960000,14.960000,14.880000,14.900000,120800.000000
2022-10-03,14.900000,14.940000,14.900000,14.900000,146600.000000
2022-10-04,14.940000,15.400000,14.940000,15.400000,1425400.000000
2022-10-05,19.080000,20.000000,18.500000,18.560000,7213200.000000
2022-10-06,18.960000,19.400000,18.800000,19.300000,1733400.000000
2022-10-07,19.300000,19.300000,18.900000,19.120000,2896400.000000
2022-10-10,19.060000,19.200000,19.060000,19.100000,2833100.000000
2022-10-11,19.060000,19.240000,19.060000,19.080000,1527600.000000
2022-10-12,19.180000,19.200000,18.900000,19.000000,2580400.000000
2022-10-13,19.000000,19.040000,18.980000,19.000000,2836400.000000
2022-10-14,18.980000,19.000000,18.960000,19.000000,339000.000000
2022-10-17,19.000000,19.000000,18.100000,18.120000,1068300.000000
2022-10-18,18.120000,19.000000,18.120000,18.520000,593300.000000
2022-10-19,18.800000,19.020000,18.800000,18.960000,2457000.000000
2022-10-20,18.800000,19.000000,18.600000,18.800000,68800.000000
2022-10-21,18.800000,19.000000,18.800000,19.000000,2596900.000000
2022-10-24,19.040000,19.160000,18.800000,18.800000,599200.000000
2022-10-25,18.800000,18.800000,18.760000,18.800000,81600.000000
2022-10-26,18.800000,18.800000,18.680000,18.700000,178100.000000
2022-10-27,18.700000,19.060000,18.700000,19.000000,1313500.000000
2022-10-28,19.140000,20.900000,19.140000,20.750000,3692200.000000
2022-11-02,20.750000,20.950000,20.700000,20.800000,389000.000000
2022-11-03,20.800000,20.950000,20.700000,20.800000,1945000.000000
2022-11-04,20.800000,21.250000,20.750000,21.100000,1487200.000000
2022-11-07,21.100000,21.600000,20.800000,21.500000,1462100.000000
2022-11-08,21.600000,21.600000,21.500000,21.550000,419300.000000
2022-11-09,21.550000,21.550000,21.450000,21.450000,283600.000000
2022-11-10,21.450000,21.450000,21.400000,21.400000,360000.000000
2022-11-11,21.400000,21.500000,21.400000,21.500000,249800.000000
2022-11-14,21.500000,21.750000,21.500000,21.700000,145200.000000
2022-11-15,21.550000,21.600000,21.500000,21.550000,814100.000000
2022-11-16,21.550000,21.700000,21.550000,21.600000,489000.000000
2022-11-17,21.600000,21.750000,21.600000,21.650000,60700.000000
2022-11-18,21.650000,21.700000,21.600000,21.600000,371500.000000
2022-11-21,21.600000,21.650000,21.600000,21.600000,35400.000000
2022-11-22,21.600000,21.650000,21.600000,21.650000,93700.000000
2022-11-23,21.600000,21.700000,21.600000,21.650000,96300.000000
2022-11-24,21.650000,21.650000,21.600000,21.650000,112000.000000
2022-11-25,21.650000,21.700000,21.650000,21.700000,167100.000000
2022-11-28,21.700000,21.700000,21.650000,21.650000,62600.000000
2022-11-29,21.650000,21.700000,21.650000,21.650000,35200.000000
2022-12-01,21.650000,21.650000,18.980000,20.450000,48800.000000
2022-12-02,20.000000,20.000000,19.020000,19.980000,62500.000000
2022-12-05,19.900000,19.900000,18.200000,19.720000,11300.000000
2022-12-06,19.780000,19.780000,18.300000,19.300000,10300.000000
2022-12-07,18.400000,18.420000,18.400000,18.420000,800.000000
2022-12-09,18.160000,18.160000,17.900000,18.000000,43800.000000
2022-12-12,18.000000,18.100000,17.000000,17.000000,13000.000000
2022-12-13,17.000000,17.000000,17.000000,17.000000,1200.000000
