2011-03-03,1040.000000,1040.000000,1002.000000,1002.000000,18015.000000
2011-03-04,1002.000000,1002.000000,1000.000000,1002.000000,17120.000000
2011-03-07,1002.000000,1002.000000,1000.000000,1002.000000,8380.000000
2011-03-08,1002.000000,1002.000000,990.000000,1002.000000,13430.000000
2011-03-09,1001.000000,1002.000000,1000.000000,1002.000000,4575.000000
2011-03-10,1000.000000,1002.000000,1000.000000,1001.000000,12515.000000
2011-03-11,1001.000000,1002.000000,1000.000000,1002.000000,3900.000000
2011-03-14,1001.000000,1002.000000,995.000000,1002.000000,12240.000000
2011-03-15,1000.000000,1000.000000,1000.000000,1000.000000,3050.000000
2011-03-16,1000.000000,1000.000000,1000.000000,1000.000000,1520.000000
2011-03-17,1000.000000,1000.000000,1000.000000,1000.000000,1050.000000
2011-03-18,1000.000000,1000.000000,998.000000,1000.000000,1300.000000
2011-03-21,1000.000000,1000.000000,1000.000000,1000.000000,2055.000000
2011-03-22,995.000000,1000.000000,995.000000,1000.000000,8725.000000
2011-03-23,998.000000,1000.000000,998.000000,1000.000000,3340.000000
2011-03-24,999.000000,1000.000000,999.000000,999.000000,2560.000000
2011-03-25,1000.000000,1000.000000,998.000000,1000.000000,16550.000000
2011-03-28,999.000000,1000.000000,999.000000,1000.000000,5150.000000
2011-03-29,999.000000,1000.000000,999.000000,1000.000000,6600.000000
2011-03-30,999.000000,999.000000,999.000000,999.000000,9105.000000
2011-03-31,999.000000,1000.000000,999.000000,1000.000000,7680.000000
2011-04-01,999.000000,1000.000000,999.000000,999.000000,7965.000000
2011-04-04,999.000000,1000.000000,995.000000,995.000000,7040.000000
2011-04-05,999.000000,1000.000000,996.000000,1000.000000,1780.000000
2011-04-06,997.000000,1000.000000,997.000000,1000.000000,14310.000000
2011-04-07,999.000000,1000.000000,998.000000,1000.000000,46795.000000
2011-04-08,999.000000,1000.000000,999.000000,1000.000000,2170.000000
2011-04-11,999.500000,1000.000000,999.000000,1000.000000,42060.000000
2011-04-12,999.500000,1000.000000,999.500000,1000.000000,4155.000000
2011-04-13,1000.000000,1000.000000,999.500000,1000.000000,7495.000000
2011-04-14,1000.000000,1000.000000,999.500000,1000.000000,3590.000000
2011-04-15,1000.000000,1000.000000,999.500000,1000.000000,7665.000000
2011-04-18,999.500000,1000.000000,999.500000,999.500000,24280.000000
2011-04-19,1000.000000,1000.000000,999.500000,1000.000000,1870.000000
2011-04-20,1000.000000,1000.000000,999.500000,999.500000,6445.000000
2011-04-25,999.500000,1000.000000,999.500000,1000.000000,3250.000000
2011-04-26,1000.000000,1000.000000,999.500000,999.500000,210.000000
2011-04-27,999.000000,1000.000000,999.000000,1000.000000,4830.000000
2011-04-28,999.500000,1000.000000,999.500000,999.500000,4295.000000
2011-04-29,999.500000,1000.000000,999.500000,1000.000000,1970.000000
2011-05-03,1000.000000,1000.000000,1000.000000,1000.000000,2335.000000
2011-05-04,1000.000000,1000.000000,1000.000000,1000.000000,6350.000000
2011-05-05,1000.000000,1000.000000,1000.000000,1000.000000,2615.000000
2011-05-06,1000.000000,1000.000000,1000.000000,1000.000000,520.000000
2011-05-09,1000.000000,1000.000000,999.500000,999.500000,170.000000
2011-05-10,1000.000000,1000.000000,999.500000,1000.000000,2260.000000
2011-05-11,999.500000,1000.000000,999.500000,1000.000000,2500.000000
2011-05-12,1000.000000,1000.000000,1000.000000,1000.000000,2645.000000
2011-05-13,1000.000000,1000.000000,1000.000000,1000.000000,1650.000000
2011-05-16,1000.000000,1002.000000,1000.000000,1001.000000,9085.000000
2011-05-17,1001.000000,1001.000000,1001.000000,1001.000000,2600.000000
2011-05-18,994.000000,1000.000000,994.000000,1000.000000,1720.000000
2011-05-19,995.000000,1000.000000,995.000000,999.000000,22850.000000
2011-05-20,999.000000,999.000000,995.000000,999.000000,12570.000000
2011-05-23,998.000000,999.000000,998.000000,999.000000,100.000000
2011-05-24,999.000000,999.000000,996.000000,998.000000,770.000000
2011-05-25,996.000000,996.000000,996.000000,996.000000,70.000000
2011-05-27,996.000000,996.000000,995.500000,996.000000,540.000000
2011-05-30,996.000000,996.000000,995.500000,995.500000,100.000000
2011-05-31,995.500000,995.500000,995.000000,995.000000,1040.000000
2011-06-02,995.000000,997.000000,995.000000,997.000000,28850.000000
2011-06-03,995.000000,998.000000,995.000000,998.000000,1880.000000
2011-06-06,997.500000,999.000000,997.500000,997.500000,6950.000000
2011-06-07,995.000000,998.000000,995.000000,998.000000,930.000000
2011-06-09,995.000000,999.000000,995.000000,999.000000,360.000000
2011-06-10,998.500000,998.500000,998.000000,998.500000,1300.000000
2011-06-13,999.000000,999.000000,998.000000,999.000000,1020.000000
2011-06-14,1000.000000,1000.000000,999.500000,999.500000,3090.000000
2011-06-15,999.000000,999.000000,998.000000,998.500000,1950.000000
2011-06-16,999.000000,999.000000,999.000000,999.000000,500.000000
2011-06-17,998.500000,1000.000000,998.500000,1000.000000,4750.000000
2011-06-21,995.000000,998.000000,995.000000,997.500000,3830.000000
2011-06-22,998.000000,998.000000,997.500000,997.500000,9700.000000
2011-06-23,998.000000,998.000000,997.500000,997.500000,3000.000000
2011-06-27,998.000000,998.500000,998.000000,998.000000,7000.000000
2011-06-28,998.000000,1001.000000,998.000000,1001.000000,450.000000
2011-06-29,998.500000,999.500000,998.000000,999.000000,9110.000000
2011-06-30,999.000000,999.000000,999.000000,999.000000,200.000000
2011-07-01,999.000000,1001.000000,999.000000,1000.000000,6100.000000
2011-07-04,1000.000000,1000.000000,1000.000000,1000.000000,100.000000
2011-07-05,1000.000000,1010.000000,1000.000000,1005.000000,1060.000000
2011-07-06,1000.000000,1002.000000,998.000000,999.000000,6015.000000
2011-07-07,1000.000000,1000.000000,1000.000000,1000.000000,80.000000
2011-07-08,1000.000000,1002.000000,1000.000000,1002.000000,1080.000000
2011-07-11,1000.000000,1002.000000,1000.000000,1002.000000,1470.000000
2011-07-12,1001.000000,1001.000000,1000.000000,1000.000000,250.000000
2011-07-13,1001.000000,1001.000000,1001.000000,1001.000000,100.000000
2011-07-14,1002.000000,1002.000000,1002.000000,1002.000000,2900.000000
2011-07-15,1002.000000,1002.000000,1001.000000,1001.000000,1605.000000
2011-07-18,1001.000000,1001.000000,1001.000000,1001.000000,110.000000
2011-07-19,1001.000000,1001.000000,1001.000000,1001.000000,85.000000
2011-07-20,1002.000000,1005.000000,1002.000000,1005.000000,480.000000
2011-07-21,1010.000000,1010.000000,1004.000000,1004.000000,1470.000000
2011-07-22,1003.000000,1007.000000,1003.000000,1006.000000,1470.000000
2011-07-25,1010.000000,1010.000000,1010.000000,1010.000000,500.000000
2011-07-26,1012.000000,1015.000000,1012.000000,1015.000000,10750.000000
2011-07-27,1020.000000,1020.000000,1020.000000,1020.000000,1000.000000
2011-07-28,1020.000000,1021.000000,1020.000000,1021.000000,1955.000000
2011-07-29,1020.000000,1020.000000,1010.000000,1010.000000,230.000000
2011-08-01,1020.000000,1025.000000,1020.000000,1025.000000,420.000000
2011-08-02,1016.000000,1026.000000,1016.000000,1026.000000,400.000000
2011-08-03,1026.000000,1026.000000,1020.000000,1020.000000,290.000000
2011-08-04,1020.000000,1030.000000,1020.000000,1025.000000,2260.000000
2011-08-05,1025.000000,1040.000000,1020.000000,1022.000000,5800.000000
2011-08-08,1020.000000,1025.000000,1020.000000,1020.000000,3440.000000
2011-08-09,1015.000000,1016.000000,1010.000000,1015.000000,3010.000000
2011-08-10,1020.000000,1020.000000,1020.000000,1020.000000,1000.000000
2011-08-11,1020.000000,1020.000000,1020.000000,1020.000000,40.000000
2011-08-12,1025.000000,1025.000000,1015.000000,1015.000000,2600.000000
2011-08-15,1021.000000,1025.000000,1021.000000,1025.000000,315.000000
2011-08-16,1025.000000,1025.000000,1020.000000,1025.000000,1815.000000
2011-08-17,1025.000000,1025.000000,1025.000000,1025.000000,1435.000000
2011-08-18,1030.000000,1030.000000,1025.000000,1030.000000,1260.000000
2011-08-19,1025.000000,1025.000000,1023.000000,1023.000000,1715.000000
2011-08-22,1025.000000,1030.000000,1025.000000,1030.000000,900.000000
2011-08-23,1020.000000,1030.000000,1020.000000,1030.000000,6650.000000
2011-08-24,1020.000000,1030.000000,1020.000000,1020.000000,15270.000000
2011-08-25,1020.000000,1030.000000,1020.000000,1028.000000,11800.000000
2011-08-31,1025.000000,1025.000000,1025.000000,1025.000000,10050.000000
2011-09-01,1025.000000,1025.000000,1025.000000,1025.000000,460.000000
2011-09-02,1023.000000,1023.000000,1020.000000,1020.000000,15050.000000
2011-09-05,1015.000000,1016.000000,1015.000000,1015.000000,250.000000
2011-09-06,1015.000000,1015.000000,1015.000000,1015.000000,300.000000
2011-09-07,1015.000000,1020.000000,1015.000000,1015.000000,2590.000000
2011-09-08,1020.000000,1020.000000,1020.000000,1020.000000,5005.000000
2011-09-09,1018.000000,1020.000000,1018.000000,1020.000000,1520.000000
2011-09-12,1016.000000,1016.000000,1000.000000,1015.000000,4100.000000
2011-09-13,1015.000000,1020.000000,1015.000000,1018.000000,3450.000000
2011-09-14,1021.000000,1021.000000,1020.000000,1020.000000,7590.000000
2011-09-15,1020.000000,1021.000000,1020.000000,1021.000000,5245.000000
2011-09-16,1020.000000,1020.000000,1018.000000,1018.000000,10300.000000
2011-09-19,1020.000000,1021.000000,1016.000000,1016.000000,2500.000000
2011-09-20,1020.000000,1021.000000,1020.000000,1021.000000,4480.000000
2011-09-21,1020.000000,1021.000000,1020.000000,1021.000000,610.000000
2011-09-22,1020.000000,1020.000000,1020.000000,1020.000000,630.000000
2011-09-23,1020.000000,1022.000000,1020.000000,1020.000000,2250.000000
2011-09-26,1010.000000,1020.000000,1010.000000,1020.000000,665.000000
2011-09-28,1010.000000,1010.000000,1010.000000,1010.000000,500.000000
2011-09-29,1010.000000,1011.000000,1010.000000,1011.000000,550.000000
2011-10-04,1018.000000,1018.000000,1012.000000,1012.000000,730.000000
2011-10-05,1015.000000,1016.000000,1015.000000,1016.000000,210.000000
2011-10-06,1016.000000,1019.000000,1016.000000,1019.000000,1300.000000
2011-10-07,1018.000000,1018.000000,1015.000000,1015.000000,3750.000000
2011-10-10,1019.000000,1019.000000,1017.000000,1019.000000,590.000000
2011-10-11,1019.000000,1019.000000,1017.000000,1017.000000,700.000000
2011-10-12,1017.000000,1017.000000,1015.000000,1016.000000,3655.000000
2011-10-13,1016.000000,1016.000000,1015.000000,1015.000000,900.000000
2011-10-14,1014.000000,1014.000000,1012.000000,1013.000000,1005.000000
2011-10-17,1013.000000,1018.000000,1013.000000,1017.000000,3090.000000
2011-10-18,1014.000000,1014.000000,1014.000000,1014.000000,150.000000
2011-10-19,1016.000000,1016.000000,1015.000000,1016.000000,2630.000000
2011-10-20,1016.000000,1016.000000,1015.000000,1015.000000,700.000000
2011-10-24,1017.000000,1017.000000,1017.000000,1017.000000,1100.000000
2011-10-25,1018.000000,1018.000000,1018.000000,1018.000000,565.000000
2011-10-26,1017.000000,1018.000000,1017.000000,1018.000000,570.000000
2011-10-27,1018.000000,1018.000000,1018.000000,1018.000000,200.000000
2011-10-28,1018.000000,1018.000000,1018.000000,1018.000000,100.000000
2011-11-02,1018.000000,1018.000000,1018.000000,1018.000000,1440.000000
2011-11-03,1017.000000,1018.000000,1017.000000,1018.000000,275.000000
2011-11-04,1017.000000,1018.000000,1017.000000,1017.000000,3435.000000
2011-11-08,1016.000000,1017.000000,1016.000000,1017.000000,4545.000000
2011-11-09,1017.000000,1017.000000,1017.000000,1017.000000,1800.000000
2011-11-10,1018.000000,1018.000000,1018.000000,1018.000000,6825.000000
2011-11-11,1019.000000,1019.000000,1019.000000,1019.000000,5860.000000
2011-11-14,1018.000000,1019.000000,1018.000000,1019.000000,2420.000000
2011-11-15,1019.000000,1019.000000,1016.000000,1019.000000,7660.000000
2011-11-16,1019.000000,1020.000000,1016.000000,1018.000000,8620.000000
2011-11-17,1020.000000,1021.000000,1019.000000,1019.000000,8775.000000
2011-11-18,1015.000000,1015.000000,1015.000000,1015.000000,550.000000
2011-11-21,1017.000000,1017.000000,1015.000000,1016.000000,2490.000000
2011-11-22,1016.000000,1016.000000,1015.000000,1015.000000,14120.000000
2011-11-23,1016.000000,1016.000000,1016.000000,1016.000000,12425.000000
2011-11-24,1016.000000,1016.000000,1015.000000,1015.000000,44680.000000
2011-11-25,1014.000000,1015.000000,1013.000000,1013.000000,3310.000000
2011-11-28,1015.000000,1015.000000,1014.000000,1014.000000,19500.000000
2011-11-29,1015.000000,1015.000000,1015.000000,1015.000000,2100.000000
2011-12-01,1015.000000,1015.000000,1015.000000,1015.000000,2000.000000
2011-12-02,1015.000000,1015.000000,1015.000000,1015.000000,200.000000
2011-12-05,1014.000000,1014.000000,1014.000000,1014.000000,5560.000000
2011-12-06,1014.000000,1015.000000,1014.000000,1014.000000,6735.000000
2011-12-07,1014.000000,1014.000000,1013.000000,1013.000000,1330.000000
2011-12-08,1013.000000,1015.000000,1013.000000,1013.000000,4310.000000
2011-12-09,1014.000000,1014.000000,1014.000000,1014.000000,2065.000000
2011-12-12,1014.000000,1014.000000,1012.000000,1012.000000,550.000000
2011-12-13,1013.000000,1014.000000,1013.000000,1014.000000,3235.000000
2011-12-14,1014.000000,1015.000000,1014.000000,1015.000000,28050.000000
2011-12-15,1016.000000,1016.000000,1016.000000,1016.000000,10800.000000
2011-12-16,1015.000000,1016.000000,1015.000000,1016.000000,9400.000000
2011-12-19,1015.000000,1015.000000,1015.000000,1015.000000,100.000000
2011-12-20,1016.000000,1018.000000,1016.000000,1018.000000,4545.000000
2011-12-21,1018.000000,1018.000000,1018.000000,1018.000000,500.000000
2011-12-22,1018.000000,1022.000000,1018.000000,1018.000000,29185.000000
2011-12-23,1018.000000,1018.000000,1018.000000,1018.000000,1050.000000
2011-12-26,1020.000000,1020.000000,1020.000000,1020.000000,50.000000
2011-12-29,1020.000000,1020.000000,1020.000000,1020.000000,3360.000000
2012-01-02,1020.000000,1030.000000,1020.000000,1030.000000,370.000000
2012-01-03,1022.000000,1030.000000,1022.000000,1027.000000,2625.000000
2012-01-04,1030.000000,1030.000000,1030.000000,1030.000000,4390.000000
2012-01-05,1030.000000,1040.000000,1030.000000,1040.000000,6840.000000
2012-01-06,1040.000000,1040.000000,1040.000000,1040.000000,930.000000
2012-01-09,1035.000000,1040.000000,1035.000000,1040.000000,860.000000
2012-01-10,1040.000000,1040.000000,1040.000000,1040.000000,100.000000
2012-01-11,1050.000000,1050.000000,1045.000000,1050.000000,10585.000000
2012-01-12,1050.000000,1050.000000,1045.000000,1050.000000,10645.000000
2012-01-13,1038.000000,1038.000000,1038.000000,1038.000000,1905.000000
2012-01-16,1035.000000,1035.000000,1030.000000,1035.000000,2665.000000
2012-01-17,1035.000000,1035.000000,1033.000000,1035.000000,16190.000000
2012-01-18,1030.000000,1035.000000,1028.000000,1028.000000,2295.000000
2012-01-19,1025.000000,1025.000000,1024.000000,1025.000000,5790.000000
2012-01-20,1022.000000,1022.000000,1022.000000,1022.000000,1260.000000
2012-01-24,1028.000000,1028.000000,1022.000000,1025.000000,1680.000000
2012-01-25,1030.000000,1035.000000,1023.000000,1023.000000,900.000000
2012-01-26,1026.000000,1026.000000,1026.000000,1026.000000,8380.000000
2012-01-27,1035.000000,1035.000000,1035.000000,1035.000000,3780.000000
2012-01-31,1029.000000,1029.000000,1029.000000,1029.000000,1000.000000
2012-02-02,1030.000000,1030.000000,1030.000000,1030.000000,625.000000
2012-02-03,1031.000000,1031.000000,1030.000000,1030.000000,2050.000000
2012-02-06,1030.000000,1030.000000,1030.000000,1030.000000,300.000000
2012-02-07,1035.000000,1036.000000,1035.000000,1036.000000,150.000000
2012-02-08,1040.000000,1040.000000,1036.000000,1036.000000,525.000000
2012-02-09,1036.000000,1040.000000,1036.000000,1040.000000,2575.000000
2012-02-10,1036.000000,1045.000000,1036.000000,1045.000000,2300.000000
2012-02-13,1045.000000,1045.000000,1040.000000,1040.000000,5000.000000
2012-02-15,1050.000000,1050.000000,1050.000000,1050.000000,2775.000000
2012-02-16,1040.000000,1040.000000,1040.000000,1040.000000,800.000000
2012-02-21,1030.000000,1035.000000,1030.000000,1035.000000,60.000000
2012-02-22,1035.000000,1038.000000,1035.000000,1038.000000,490.000000
2012-02-23,1040.000000,1040.000000,1035.000000,1035.000000,450.000000
2012-02-24,1035.000000,1035.000000,1030.000000,1035.000000,5775.000000
2012-02-27,1031.000000,1031.000000,1031.000000,1031.000000,1335.000000
2012-02-28,1030.000000,1030.000000,1028.000000,1028.000000,1370.000000
2012-02-29,1025.000000,1030.000000,1025.000000,1028.000000,3500.000000
2012-03-01,1029.000000,1029.000000,1020.000000,1020.000000,8140.000000
2012-03-02,1028.000000,1030.000000,1028.000000,1030.000000,3095.000000
2012-03-05,1028.000000,1035.000000,1028.000000,1035.000000,150.000000
2012-03-07,1025.000000,1040.000000,1023.000000,1023.000000,5705.000000
2012-03-08,1030.000000,1030.000000,1030.000000,1030.000000,100.000000
2012-03-09,1023.000000,1028.000000,1023.000000,1026.000000,6415.000000
2012-03-12,1028.000000,1028.000000,1028.000000,1028.000000,2040.000000
2012-03-13,1030.000000,1030.000000,1030.000000,1030.000000,370.000000
2012-03-14,1030.000000,1030.000000,1023.000000,1028.000000,12245.000000
2012-03-15,1030.000000,1030.000000,1028.000000,1029.000000,13270.000000
2012-03-16,1030.000000,1030.000000,1030.000000,1030.000000,20.000000
2012-03-19,1030.000000,1030.000000,1025.000000,1025.000000,1300.000000
2012-03-20,1026.000000,1026.000000,1023.000000,1025.000000,2200.000000
2012-03-21,1030.000000,1030.000000,1028.000000,1030.000000,460.000000
2012-03-22,1024.000000,1024.000000,1023.000000,1024.000000,1100.000000
2012-03-23,1024.000000,1025.000000,1024.000000,1025.000000,150.000000
2012-03-26,1030.000000,1030.000000,1028.000000,1028.000000,1500.000000
2012-03-27,1030.000000,1030.000000,1027.000000,1028.000000,5650.000000
2012-03-28,1028.000000,1028.000000,1028.000000,1028.000000,50.000000
2012-03-29,1035.000000,1035.000000,1035.000000,1035.000000,5.000000
2012-04-02,1028.000000,1028.000000,1027.000000,1027.000000,2550.000000
2012-04-03,1026.000000,1027.000000,1025.000000,1027.000000,13250.000000
2012-04-10,1027.000000,1034.000000,1027.000000,1034.000000,1240.000000
2012-04-11,1034.000000,1034.000000,1034.000000,1034.000000,610.000000
2012-04-12,1034.000000,1034.000000,1034.000000,1034.000000,200.000000
2012-04-13,1034.000000,1034.000000,1034.000000,1034.000000,2000.000000
2012-04-16,1034.000000,1034.000000,1025.000000,1025.000000,3050.000000
2012-04-17,1025.000000,1025.000000,1025.000000,1025.000000,250.000000
2012-04-18,1035.000000,1035.000000,1026.000000,1026.000000,880.000000
2012-04-19,1035.000000,1035.000000,1026.000000,1027.000000,1910.000000
2012-04-23,1030.000000,1035.000000,1027.000000,1027.000000,2860.000000
2012-04-24,1027.000000,1028.000000,1027.000000,1028.000000,3040.000000
2012-04-27,1029.000000,1030.000000,1029.000000,1030.000000,225.000000
2012-05-02,1038.000000,1038.000000,1030.000000,1036.000000,355.000000
2012-05-03,1030.000000,1040.000000,1030.000000,1040.000000,1400.000000
2012-05-04,1030.000000,1030.000000,1030.000000,1030.000000,500.000000
2012-05-07,1034.000000,1034.000000,1034.000000,1034.000000,2900.000000
2012-05-08,1030.000000,1034.000000,1030.000000,1030.000000,3570.000000
2012-05-09,1030.000000,1040.000000,1030.000000,1040.000000,1300.000000
2012-05-11,1040.000000,1040.000000,1030.000000,1030.000000,2500.000000
2012-05-14,1032.000000,1040.000000,1030.000000,1040.000000,1290.000000
2012-05-15,1031.000000,1031.000000,1031.000000,1031.000000,2000.000000
2012-05-16,1035.000000,1040.000000,1035.000000,1039.000000,600.000000
2012-05-17,1016.000000,1020.000000,1016.000000,1020.000000,250.000000
2012-05-18,1025.000000,1025.000000,1025.000000,1025.000000,600.000000
2012-05-21,1024.000000,1024.000000,1024.000000,1024.000000,1965.000000
2012-05-22,1024.000000,1024.000000,1023.000000,1023.000000,2170.000000
2012-05-23,1023.000000,1024.000000,1023.000000,1024.000000,1255.000000
2012-05-24,1024.000000,1024.000000,1022.000000,1022.000000,1400.000000
2012-05-25,1025.000000,1025.000000,1022.000000,1022.000000,1045.000000
2012-05-29,1022.000000,1022.000000,1021.000000,1022.000000,6820.000000
2012-05-30,1025.000000,1025.000000,1025.000000,1025.000000,965.000000
2012-05-31,1022.000000,1024.000000,1022.000000,1022.000000,5670.000000
2012-06-01,1022.000000,1022.000000,1022.000000,1022.000000,2000.000000
2012-06-04,1022.000000,1022.000000,1022.000000,1022.000000,1900.000000
2012-06-05,1022.000000,1022.000000,1022.000000,1022.000000,2200.000000
2012-06-06,1022.000000,1022.000000,1022.000000,1022.000000,1235.000000
2012-06-07,1025.000000,1025.000000,1020.000000,1020.000000,10975.000000
2012-06-08,1025.000000,1025.000000,1019.000000,1019.000000,2210.000000
2012-06-11,1024.000000,1024.000000,1022.000000,1022.000000,700.000000
2012-06-13,1025.000000,1026.000000,1020.000000,1020.000000,20845.000000
2012-06-14,1020.000000,1022.000000,1018.000000,1018.000000,12465.000000
2012-06-15,1020.000000,1020.000000,1017.000000,1017.000000,6035.000000
2012-06-18,1025.000000,1025.000000,1022.000000,1022.000000,6385.000000
2012-06-19,1020.000000,1020.000000,1016.000000,1016.000000,3110.000000
2012-06-20,1017.000000,1020.000000,1017.000000,1020.000000,3210.000000
2012-06-21,1018.000000,1018.000000,1017.000000,1018.000000,1200.000000
2012-06-22,1018.000000,1020.000000,1018.000000,1020.000000,4130.000000
2012-06-25,1020.000000,1020.000000,1018.000000,1018.000000,1780.000000
2012-06-26,1018.000000,1018.000000,1017.000000,1017.000000,9310.000000
2012-06-27,1018.000000,1018.000000,1018.000000,1018.000000,5.000000
2012-06-28,1020.000000,1022.000000,1019.000000,1019.000000,15565.000000
2012-06-29,1020.000000,1020.000000,1019.000000,1019.000000,12500.000000
2012-07-02,1020.000000,1020.000000,1020.000000,1020.000000,25.000000
2012-07-03,1020.000000,1020.000000,1016.000000,1016.000000,5695.000000
2012-07-04,1019.000000,1020.000000,1016.000000,1019.000000,9200.000000
2012-07-05,1020.000000,1021.000000,1020.000000,1020.000000,24245.000000
2012-07-06,1020.000000,1020.000000,1020.000000,1020.000000,140.000000
2012-07-09,1020.000000,1020.000000,1020.000000,1020.000000,5990.000000
2012-07-10,1020.000000,1020.000000,1017.000000,1017.000000,10375.000000
2012-07-11,1020.000000,1020.000000,1017.000000,1017.000000,9000.000000
2012-07-12,1019.000000,1020.000000,1019.000000,1020.000000,4100.000000
2012-07-13,1020.000000,1020.000000,1017.000000,1017.000000,9930.000000
2012-07-16,1019.000000,1020.000000,1016.000000,1016.000000,3100.000000
2012-07-17,1016.000000,1016.000000,1015.000000,1015.000000,6600.000000
2012-07-18,1015.000000,1015.000000,1015.000000,1015.000000,350.000000
2012-07-19,1016.000000,1016.000000,1016.000000,1016.000000,100.000000
2012-07-20,1020.000000,1020.000000,1020.000000,1020.000000,1800.000000
2012-07-23,1017.000000,1017.000000,1016.000000,1016.000000,350.000000
2012-07-24,1020.000000,1020.000000,1020.000000,1020.000000,500.000000
2012-07-25,1018.000000,1020.000000,1018.000000,1020.000000,2000.000000
2012-07-26,1020.000000,1020.000000,1020.000000,1020.000000,3200.000000
2012-07-27,1023.000000,1023.000000,1023.000000,1023.000000,4985.000000
2012-07-30,1023.000000,1023.000000,1023.000000,1023.000000,100.000000
2012-07-31,1023.000000,1023.000000,1023.000000,1023.000000,100.000000
2012-08-01,1023.000000,1024.000000,1023.000000,1023.000000,1200.000000
2012-08-02,1025.000000,1025.000000,1025.000000,1025.000000,500.000000
2012-08-06,1025.000000,1030.000000,1025.000000,1030.000000,31370.000000
2012-08-09,1025.000000,1025.000000,1025.000000,1025.000000,270.000000
2012-08-10,1028.000000,1028.000000,1025.000000,1025.000000,185.000000
2012-08-13,1026.000000,1026.000000,1025.000000,1025.000000,665.000000
2012-08-15,1025.000000,1025.000000,1025.000000,1025.000000,1050.000000
2012-08-16,1025.000000,1025.000000,1020.000000,1022.000000,2155.000000
2012-08-17,1023.000000,1025.000000,1023.000000,1025.000000,3000.000000
2012-08-22,1020.000000,1025.000000,1019.000000,1022.000000,4200.000000
2012-08-23,1020.000000,1020.000000,1018.000000,1018.000000,870.000000
2012-08-24,1018.000000,1018.000000,1018.000000,1018.000000,200.000000
2012-08-29,1014.000000,1014.000000,1013.000000,1013.000000,990.000000
2012-08-30,1012.000000,1013.000000,1012.000000,1013.000000,460.000000
2012-08-31,1013.000000,1013.000000,1013.000000,1013.000000,1490.000000
2012-09-03,1013.000000,1014.000000,1012.000000,1013.000000,4625.000000
2012-09-04,1013.000000,1013.000000,1010.000000,1010.000000,1570.000000
2012-09-05,1011.000000,1011.000000,1010.000000,1010.000000,2050.000000
2012-09-06,1010.000000,1014.000000,1010.000000,1013.000000,9045.000000
2012-09-07,1012.000000,1013.000000,1012.000000,1012.000000,1495.000000
2012-09-10,1012.000000,1013.000000,1012.000000,1013.000000,2185.000000
2012-09-11,1014.000000,1014.000000,1013.000000,1014.000000,3115.000000
2012-09-12,1015.000000,1015.000000,1014.000000,1015.000000,2000.000000
2012-09-13,1016.000000,1016.000000,1013.000000,1013.000000,6245.000000
2012-09-14,1014.000000,1015.000000,1012.000000,1012.000000,1800.000000
2012-09-17,1007.000000,1012.000000,1007.000000,1010.000000,4695.000000
2012-09-18,1012.000000,1013.000000,1011.000000,1011.000000,1500.000000
2012-09-19,1012.000000,1012.000000,1012.000000,1012.000000,130.000000
2012-09-20,1013.000000,1016.000000,1013.000000,1016.000000,2880.000000
2012-09-21,1016.000000,1016.000000,1012.000000,1012.000000,5000.000000
2012-09-25,1011.000000,1012.000000,1011.000000,1012.000000,2280.000000
2012-09-26,1012.000000,1012.000000,1005.000000,1005.000000,4550.000000
2012-10-01,1013.000000,1013.000000,1013.000000,1013.000000,170.000000
2012-10-02,1013.000000,1013.000000,1013.000000,1013.000000,630.000000
2012-10-03,1013.000000,1013.000000,1012.000000,1012.000000,600.000000
2012-10-04,1010.000000,1010.000000,1010.000000,1010.000000,1400.000000
2012-10-05,1010.000000,1011.000000,1010.000000,1011.000000,605.000000
2012-10-08,1007.000000,1010.000000,1007.000000,1010.000000,270.000000
2012-10-09,1010.000000,1010.000000,1010.000000,1010.000000,490.000000
2012-10-10,1011.000000,1011.000000,1010.000000,1010.000000,20.000000
2012-10-11,1012.000000,1012.000000,1011.000000,1011.000000,4060.000000
2012-10-12,1011.000000,1011.000000,1011.000000,1011.000000,1175.000000
2012-10-15,1011.000000,1011.000000,1011.000000,1011.000000,200.000000
2012-10-16,1013.000000,1013.000000,1013.000000,1013.000000,750.000000
2012-10-17,1013.000000,1013.000000,1013.000000,1013.000000,13200.000000
2012-10-18,1010.000000,1011.000000,1010.000000,1011.000000,5745.000000
2012-10-19,1010.000000,1011.000000,1010.000000,1011.000000,2605.000000
2012-10-22,1010.000000,1010.000000,1010.000000,1010.000000,250.000000
2012-10-23,1014.000000,1014.000000,1013.000000,1013.000000,200.000000
2012-10-24,1010.000000,1010.000000,1010.000000,1010.000000,410.000000
2012-10-25,1010.000000,1011.000000,1010.000000,1011.000000,1300.000000
2012-10-29,1010.000000,1013.000000,1010.000000,1010.000000,980.000000
2012-10-30,1011.000000,1011.000000,1011.000000,1011.000000,1000.000000
2012-10-31,1012.000000,1013.000000,1012.000000,1013.000000,360.000000
2012-11-05,1013.000000,1014.000000,1012.000000,1012.000000,1210.000000
2012-11-06,1014.000000,1014.000000,1014.000000,1014.000000,2090.000000
2012-11-08,1015.000000,1015.000000,1015.000000,1015.000000,1310.000000
2012-11-09,1025.000000,1025.000000,1025.000000,1025.000000,100.000000
2012-11-12,1030.000000,1030.000000,1025.000000,1025.000000,1390.000000
2012-11-13,1025.000000,1025.000000,1025.000000,1025.000000,820.000000
2012-11-15,1007.000000,1015.000000,1007.000000,1015.000000,2910.000000
2012-11-16,1010.000000,1025.000000,1010.000000,1015.000000,16300.000000
2012-11-19,1013.000000,1013.000000,1007.000000,1007.000000,60.000000
2012-11-20,1008.000000,1008.000000,1005.000000,1008.000000,15480.000000
2012-11-21,1008.000000,1008.000000,1006.000000,1006.000000,450.000000
2012-11-22,1006.000000,1006.000000,1006.000000,1006.000000,80.000000
2012-11-23,1010.000000,1010.000000,1006.000000,1008.000000,180.000000
2012-11-26,1011.000000,1011.000000,1010.000000,1010.000000,2230.000000
2012-11-27,1012.000000,1013.000000,1012.000000,1013.000000,19600.000000
2012-11-28,1008.000000,1008.000000,1008.000000,1008.000000,800.000000
2012-12-03,1009.000000,1009.000000,1008.000000,1008.000000,590.000000
2012-12-04,1008.000000,1008.000000,1006.000000,1008.000000,1225.000000
2012-12-05,1012.000000,1012.000000,1008.000000,1008.000000,10960.000000
2012-12-06,1008.000000,1010.000000,1008.000000,1008.000000,2105.000000
2012-12-07,1008.000000,1010.000000,1006.000000,1010.000000,1200.000000
2012-12-10,1010.000000,1010.000000,1010.000000,1010.000000,270.000000
2012-12-11,1014.000000,1018.000000,1014.000000,1015.000000,2500.000000
2012-12-12,1018.000000,1018.000000,1010.000000,1010.000000,80.000000
2012-12-13,1012.000000,1012.000000,1012.000000,1012.000000,100.000000
2012-12-14,1010.000000,1010.000000,1007.000000,1007.000000,1835.000000
2012-12-17,1007.000000,1007.000000,1006.000000,1006.000000,4000.000000
2012-12-18,1011.000000,1011.000000,1011.000000,1011.000000,80.000000
2012-12-19,1016.000000,1016.000000,1016.000000,1016.000000,3760.000000
2012-12-20,1014.000000,1016.000000,1014.000000,1016.000000,1440.000000
2012-12-26,1014.000000,1014.000000,1014.000000,1014.000000,100.000000
2012-12-27,1016.000000,1016.000000,1016.000000,1016.000000,330.000000
2012-12-28,1016.000000,1018.000000,1016.000000,1018.000000,6000.000000
2013-01-02,1015.000000,1015.000000,1015.000000,1015.000000,100.000000
2013-01-03,1015.000000,1015.000000,1015.000000,1015.000000,60.000000
2013-01-07,1016.000000,1016.000000,1015.000000,1015.000000,4240.000000
2013-01-08,1018.000000,1018.000000,1018.000000,1018.000000,2500.000000
2013-01-09,1015.000000,1015.000000,1012.000000,1014.000000,7580.000000
2013-01-10,1012.000000,1014.000000,1011.000000,1011.000000,6460.000000
2013-01-11,1011.000000,1012.000000,1011.000000,1011.000000,13715.000000
2013-01-14,1011.000000,1011.000000,1010.000000,1010.000000,8710.000000
2013-01-15,1010.000000,1010.000000,1010.000000,1010.000000,11035.000000
2013-01-16,1012.000000,1020.000000,1012.000000,1020.000000,2485.000000
2013-01-17,1018.000000,1020.000000,1018.000000,1018.000000,20490.000000
2013-01-18,1015.000000,1020.000000,1014.000000,1020.000000,22670.000000
2013-01-21,1020.000000,1020.000000,1020.000000,1020.000000,520.000000
2013-01-22,1020.000000,1020.000000,1020.000000,1020.000000,5000.000000
2013-01-23,1020.000000,1035.000000,1020.000000,1035.000000,7095.000000
2013-01-24,1035.000000,1035.000000,1035.000000,1035.000000,375.000000
2013-01-25,1037.000000,1040.000000,1037.000000,1040.000000,2500.000000
2013-01-28,1045.000000,1045.000000,1031.000000,1044.000000,5415.000000
2013-01-29,1044.000000,1045.000000,1044.000000,1045.000000,2940.000000
2013-01-30,1040.000000,1040.000000,1040.000000,1040.000000,445.000000
2013-01-31,1040.000000,1042.000000,1038.000000,1042.000000,1060.000000
2013-02-04,1040.000000,1040.000000,1040.000000,1040.000000,2100.000000
2013-02-05,1035.000000,1035.000000,1020.000000,1028.000000,5000.000000
2013-02-06,1040.000000,1041.000000,1040.000000,1041.000000,4965.000000
2013-02-07,1040.000000,1041.000000,1040.000000,1041.000000,2450.000000
2013-02-08,1040.000000,1042.000000,1040.000000,1040.000000,6600.000000
2013-02-11,1040.000000,1040.000000,1037.000000,1040.000000,4205.000000
2013-02-12,1040.000000,1040.000000,1040.000000,1040.000000,50.000000
2013-02-13,1035.000000,1035.000000,1035.000000,1035.000000,6745.000000
2013-02-14,1039.000000,1040.000000,1039.000000,1040.000000,1150.000000
2013-02-15,1035.000000,1035.000000,1020.000000,1021.000000,4860.000000
2013-02-18,1020.000000,1020.000000,1020.000000,1020.000000,2000.000000
2013-02-19,1018.000000,1030.000000,1018.000000,1025.000000,4350.000000
2013-02-20,1025.000000,1025.000000,1018.000000,1025.000000,7530.000000
2013-02-21,1025.000000,1040.000000,1025.000000,1030.000000,5620.000000
2013-02-22,1035.000000,1040.000000,1035.000000,1039.000000,23320.000000
2013-02-25,1039.000000,1040.000000,1039.000000,1040.000000,15900.000000
2013-02-26,1040.000000,1040.000000,1020.000000,1020.000000,5705.000000
2013-02-27,1034.000000,1040.000000,1034.000000,1040.000000,17120.000000
2013-02-28,1040.000000,1040.000000,1040.000000,1040.000000,1900.000000
2013-03-01,1040.000000,1045.000000,1040.000000,1040.000000,8410.000000
2013-03-04,1040.000000,1040.000000,1040.000000,1040.000000,2515.000000
2013-03-05,1040.000000,1040.000000,1035.000000,1035.000000,8400.000000
2013-03-07,1030.000000,1040.000000,1030.000000,1040.000000,9555.000000
2013-03-08,1040.000000,1040.000000,1035.000000,1040.000000,3535.000000
2013-03-11,1040.000000,1040.000000,1040.000000,1040.000000,1975.000000
2013-03-12,1042.000000,1042.000000,1040.000000,1040.000000,6095.000000
2013-03-13,1035.000000,1035.000000,1035.000000,1035.000000,50.000000
2013-03-14,1035.000000,1040.000000,1035.000000,1035.000000,3005.000000
2013-03-15,1037.000000,1039.000000,1037.000000,1037.000000,5120.000000
2013-03-18,1037.000000,1040.000000,1037.000000,1038.000000,12295.000000
2013-03-19,1038.000000,1038.000000,1038.000000,1038.000000,1325.000000
2013-03-20,1038.000000,1039.000000,1038.000000,1039.000000,360.000000
2013-03-21,1040.000000,1040.000000,1039.000000,1039.000000,875.000000
2013-03-22,1040.000000,1040.000000,1038.000000,1038.000000,1300.000000
2013-03-25,1040.000000,1041.000000,1040.000000,1041.000000,7360.000000
2013-03-26,1041.000000,1042.000000,1041.000000,1041.000000,1945.000000
2013-03-27,1042.000000,1042.000000,1042.000000,1042.000000,995.000000
2013-04-01,1042.000000,1042.000000,1042.000000,1042.000000,500.000000
2013-04-03,1042.000000,1042.000000,1040.000000,1040.000000,1500.000000
2013-04-04,1041.000000,1041.000000,1040.000000,1040.000000,1500.000000
2013-04-05,1041.000000,1045.000000,1041.000000,1045.000000,6100.000000
2013-04-08,1041.000000,1041.000000,1041.000000,1041.000000,500.000000
2013-04-11,1049.000000,1049.000000,1045.000000,1045.000000,2420.000000
2013-04-15,1049.000000,1050.000000,1049.000000,1050.000000,3630.000000
2013-04-16,1046.000000,1055.000000,1046.000000,1055.000000,3300.000000
2013-04-17,1060.000000,1060.000000,1060.000000,1060.000000,2800.000000
2013-04-18,1050.000000,1050.000000,1050.000000,1050.000000,100.000000
2013-04-22,1048.000000,1048.000000,1048.000000,1048.000000,1050.000000
2013-04-23,1050.000000,1050.000000,1050.000000,1050.000000,2100.000000
2013-04-25,1051.000000,1051.000000,1051.000000,1051.000000,500.000000
2013-04-26,1052.000000,1052.000000,1050.000000,1052.000000,7000.000000
2013-04-29,1052.000000,1052.000000,1052.000000,1052.000000,1200.000000
2013-04-30,1053.000000,1056.000000,1052.000000,1056.000000,1050.000000
2013-05-02,1055.000000,1056.000000,1055.000000,1056.000000,18200.000000
2013-05-03,1053.000000,1053.000000,1053.000000,1053.000000,300.000000
2013-05-06,1080.000000,1080.000000,1050.000000,1050.000000,31005.000000
2013-05-07,1052.000000,1053.000000,1050.000000,1050.000000,15440.000000
2013-05-08,1052.000000,1052.000000,1050.000000,1050.000000,8370.000000
2013-05-09,1048.000000,1049.000000,1048.000000,1048.000000,25005.000000
2013-05-10,1048.000000,1048.000000,1045.000000,1045.000000,11730.000000
2013-05-14,1070.000000,1070.000000,1070.000000,1070.000000,200.000000
2013-05-20,1080.000000,1080.000000,1080.000000,1080.000000,170.000000
2013-05-21,1050.000000,1080.000000,1050.000000,1060.000000,425.000000
2013-05-22,1053.000000,1053.000000,1050.000000,1052.000000,1100.000000
2013-05-23,1055.000000,1055.000000,1055.000000,1055.000000,165.000000
2013-05-24,1051.000000,1051.000000,1051.000000,1051.000000,250.000000
2013-05-27,1051.000000,1055.000000,1051.000000,1052.000000,1210.000000
2013-05-28,1053.000000,1055.000000,1051.000000,1051.000000,1950.000000
2013-05-29,1053.000000,1053.000000,1051.000000,1052.000000,215.000000
2013-05-30,1052.000000,1052.000000,1051.000000,1051.000000,715.000000
2013-05-31,1052.000000,1052.000000,1052.000000,1052.000000,1295.000000
2013-06-03,1060.000000,1060.000000,1050.000000,1050.000000,7750.000000
2013-06-04,1055.000000,1055.000000,1053.000000,1053.000000,8330.000000
2013-06-05,1055.000000,1056.000000,1055.000000,1056.000000,1270.000000
2013-06-06,1060.000000,1061.000000,1060.000000,1060.000000,11020.000000
2013-06-07,1069.000000,1072.000000,1069.000000,1072.000000,160.000000
2013-06-10,1072.000000,1072.000000,1060.000000,1065.000000,7670.000000
2013-06-11,1060.000000,1073.000000,1060.000000,1065.000000,780.000000
2013-06-13,1065.000000,1068.000000,1060.000000,1060.000000,13950.000000
2013-06-17,1060.000000,1060.000000,1060.000000,1060.000000,12935.000000
2013-06-19,1060.000000,1060.000000,1055.000000,1055.000000,17690.000000
2013-06-20,1055.000000,1055.000000,1055.000000,1055.000000,11005.000000
2013-06-21,1055.000000,1055.000000,1050.000000,1050.000000,2325.000000
2013-06-24,1055.000000,1055.000000,1055.000000,1055.000000,2715.000000
2013-06-25,1050.000000,1050.000000,1050.000000,1050.000000,225.000000
2013-06-26,1045.000000,1045.000000,1043.000000,1043.000000,1250.000000
2013-06-27,1043.000000,1050.000000,1043.000000,1045.000000,30105.000000
2013-06-28,1048.000000,1050.000000,1048.000000,1050.000000,1420.000000
2013-07-01,1050.000000,1050.000000,1044.000000,1044.000000,69285.000000
2013-07-03,1055.000000,1055.000000,1045.000000,1045.000000,505.000000
2013-07-05,1047.000000,1055.000000,1045.000000,1055.000000,10005.000000
2013-07-08,1050.000000,1050.000000,1042.000000,1042.000000,40100.000000
2013-07-09,1045.000000,1045.000000,1041.000000,1042.000000,18390.000000
2013-07-10,1042.000000,1045.000000,1041.000000,1041.000000,6070.000000
2013-07-11,1041.000000,1042.000000,1041.000000,1042.000000,840.000000
2013-07-12,1054.000000,1055.000000,1048.000000,1048.000000,5590.000000
2013-07-15,1051.000000,1058.000000,1051.000000,1057.000000,28775.000000
2013-07-16,1060.000000,1070.000000,1050.000000,1050.000000,28110.000000
2013-07-17,1050.000000,1050.000000,1037.000000,1040.000000,53935.000000
2013-07-18,1045.000000,1050.000000,1041.000000,1041.000000,34420.000000
2013-07-19,1040.000000,1050.000000,1040.000000,1050.000000,9110.000000
2013-07-22,1050.000000,1050.000000,1045.000000,1045.000000,2645.000000
2013-07-23,1050.000000,1050.000000,1040.000000,1040.000000,21835.000000
2013-07-24,1042.000000,1050.000000,1042.000000,1045.000000,14705.000000
2013-07-25,1046.000000,1050.000000,1045.000000,1050.000000,2870.000000
2013-07-26,1050.000000,1050.000000,1045.000000,1045.000000,12170.000000
2013-07-29,1045.000000,1050.000000,1045.000000,1049.000000,4240.000000
2013-07-30,1050.000000,1050.000000,1045.000000,1045.000000,3130.000000
2013-07-31,1050.000000,1050.000000,1046.000000,1046.000000,7960.000000
2013-08-01,1050.000000,1050.000000,1050.000000,1050.000000,16630.000000
2013-08-02,1050.000000,1050.000000,1050.000000,1050.000000,10960.000000
2013-08-05,1050.000000,1050.000000,1050.000000,1050.000000,27100.000000
2013-08-06,1050.000000,1060.000000,1050.000000,1052.000000,2250.000000
2013-08-07,1060.000000,1060.000000,1055.000000,1060.000000,4305.000000
2013-08-08,1060.000000,1060.000000,1060.000000,1060.000000,60.000000
2013-08-12,1062.000000,1069.000000,1062.000000,1069.000000,3190.000000
2013-08-13,1069.000000,1070.000000,1060.000000,1070.000000,10430.000000
2013-08-14,1070.000000,1072.000000,1070.000000,1072.000000,430.000000
2013-08-15,1070.000000,1070.000000,1050.000000,1050.000000,10510.000000
2013-08-16,1065.000000,1069.000000,1065.000000,1069.000000,55.000000
2013-08-22,1020.000000,1020.000000,1020.000000,1020.000000,15500.000000
2013-08-23,1040.000000,1040.000000,1040.000000,1040.000000,2255.000000
2013-08-27,1040.000000,1050.000000,1030.000000,1050.000000,3695.000000
2013-08-28,1050.000000,1050.000000,1045.000000,1050.000000,1760.000000
2013-08-29,1051.000000,1052.000000,1040.000000,1040.000000,7710.000000
2013-08-30,1040.000000,1040.000000,1023.000000,1023.000000,6210.000000
2013-09-02,1040.000000,1049.000000,1040.000000,1049.000000,325.000000
2013-09-03,1050.000000,1050.000000,1045.000000,1050.000000,4600.000000
2013-09-04,1049.000000,1049.000000,1049.000000,1049.000000,45.000000
2013-09-05,1040.000000,1069.000000,1035.000000,1069.000000,12050.000000
2013-09-06,1050.000000,1050.000000,1050.000000,1050.000000,3130.000000
2013-09-09,1040.000000,1040.000000,1040.000000,1040.000000,4005.000000
2013-09-10,1035.000000,1040.000000,1030.000000,1030.000000,8830.000000
2013-09-11,1035.000000,1035.000000,1034.000000,1035.000000,2235.000000
2013-09-13,1035.000000,1035.000000,1035.000000,1035.000000,1070.000000
2013-09-16,1030.000000,1035.000000,1030.000000,1035.000000,620.000000
2013-09-17,1036.000000,1040.000000,1036.000000,1040.000000,2000.000000
2013-09-18,1067.000000,1067.000000,1067.000000,1067.000000,10.000000
2013-09-19,1040.000000,1066.000000,1040.000000,1050.000000,220.000000
2013-09-23,1050.000000,1050.000000,1050.000000,1050.000000,1200.000000
2013-09-24,1050.000000,1050.000000,1040.000000,1040.000000,50930.000000
2013-09-25,1050.000000,1050.000000,1050.000000,1050.000000,10.000000
2013-09-26,1050.000000,1050.000000,1050.000000,1050.000000,600.000000
2013-09-27,1045.000000,1045.000000,1045.000000,1045.000000,4885.000000
2013-09-30,1045.000000,1045.000000,1041.000000,1041.000000,120.000000
2013-10-01,1050.000000,1050.000000,1050.000000,1050.000000,230.000000
2013-10-02,1041.000000,1041.000000,1040.000000,1040.000000,10975.000000
2013-10-03,1040.000000,1045.000000,1039.000000,1039.000000,40395.000000
2013-10-04,1045.000000,1045.000000,1045.000000,1045.000000,20.000000
2013-10-08,1041.000000,1050.000000,1041.000000,1041.000000,12000.000000
2013-10-09,1045.000000,1050.000000,1045.000000,1050.000000,2390.000000
2013-10-10,1042.000000,1042.000000,1041.000000,1042.000000,7350.000000
2013-10-11,1041.000000,1045.000000,1041.000000,1045.000000,21480.000000
2013-10-14,1041.000000,1045.000000,1041.000000,1045.000000,6100.000000
2013-10-16,1043.000000,1043.000000,1043.000000,1043.000000,100.000000
2013-10-17,1042.000000,1042.000000,1040.000000,1040.000000,7675.000000
2013-10-18,1042.000000,1045.000000,1042.000000,1042.000000,3895.000000
2013-10-21,1041.000000,1042.000000,1041.000000,1042.000000,4930.000000
2013-10-22,1045.000000,1045.000000,1042.000000,1042.000000,6000.000000
2013-10-23,1042.000000,1045.000000,1040.000000,1044.000000,31145.000000
2013-10-24,1045.000000,1045.000000,1045.000000,1045.000000,6585.000000
2013-10-25,1044.000000,1045.000000,1044.000000,1045.000000,21175.000000
2013-10-29,1044.000000,1045.000000,1044.000000,1045.000000,2290.000000
2013-10-30,1044.000000,1044.000000,1044.000000,1044.000000,250.000000
2013-10-31,1045.000000,1050.000000,1045.000000,1050.000000,14355.000000
2013-11-04,1044.000000,1045.000000,1044.000000,1045.000000,6880.000000
2013-11-05,1045.000000,1046.000000,1045.000000,1046.000000,6320.000000
2013-11-06,1050.000000,1050.000000,1046.000000,1046.000000,3510.000000
2013-11-07,1050.000000,1050.000000,1050.000000,1050.000000,10045.000000
2013-11-08,1050.000000,1050.000000,1049.000000,1049.000000,7330.000000
2013-11-11,1050.000000,1050.000000,1046.000000,1046.000000,8235.000000
2013-11-12,1050.000000,1050.000000,1047.000000,1047.000000,1400.000000
2013-11-13,1047.000000,1050.000000,1047.000000,1050.000000,16240.000000
2013-11-14,1050.000000,1051.000000,1050.000000,1051.000000,100.000000
2013-11-15,1053.000000,1053.000000,1053.000000,1053.000000,945.000000
2013-11-18,1051.000000,1051.000000,1035.000000,1040.000000,2320.000000
2013-11-19,1042.000000,1045.000000,1035.000000,1035.000000,10850.000000
2013-11-20,1035.000000,1040.000000,1035.000000,1040.000000,375.000000
2013-11-21,1040.000000,1040.000000,1039.000000,1040.000000,5520.000000
2013-11-25,1037.000000,1037.000000,1035.000000,1035.000000,4530.000000
2013-11-26,1036.000000,1036.000000,1036.000000,1036.000000,50.000000
2013-11-28,1040.000000,1040.000000,1040.000000,1040.000000,480.000000
2013-11-29,1038.000000,1038.000000,1037.000000,1037.000000,1020.000000
2013-12-02,1040.000000,1041.000000,1040.000000,1041.000000,250.000000
2013-12-04,1041.000000,1041.000000,1041.000000,1041.000000,500.000000
2013-12-05,1042.000000,1042.000000,1042.000000,1042.000000,100.000000
2013-12-10,1050.000000,1057.000000,1050.000000,1057.000000,1180.000000
2013-12-11,1057.000000,1057.000000,1056.000000,1056.000000,2370.000000
2013-12-12,1050.000000,1050.000000,1050.000000,1050.000000,6795.000000
2013-12-13,1050.000000,1050.000000,1050.000000,1050.000000,1100.000000
2013-12-16,1042.000000,1050.000000,1041.000000,1050.000000,22725.000000
2013-12-17,1050.000000,1060.000000,1050.000000,1060.000000,5590.000000
2013-12-20,1041.000000,1041.000000,1040.000000,1041.000000,15200.000000
2013-12-23,1045.000000,1045.000000,1045.000000,1045.000000,100.000000
2014-01-07,1051.000000,1051.000000,1051.000000,1051.000000,1100.000000
2014-01-08,1051.000000,1051.000000,1051.000000,1051.000000,2000.000000
2014-01-13,1050.000000,1055.000000,1050.000000,1055.000000,615.000000
2014-01-15,1060.000000,1060.000000,1051.000000,1060.000000,5000.000000
2014-01-16,1051.000000,1051.000000,1051.000000,1051.000000,1100.000000
2014-01-17,1060.000000,1060.000000,1060.000000,1060.000000,500.000000
2014-01-21,1060.000000,1060.000000,1060.000000,1060.000000,500.000000
2014-01-23,1060.000000,1060.000000,1060.000000,1060.000000,1895.000000
2014-01-27,1053.000000,1053.000000,1053.000000,1053.000000,435.000000
2014-01-30,1058.000000,1060.000000,1058.000000,1060.000000,4400.000000
2014-02-03,1058.000000,1058.000000,1050.000000,1050.000000,6100.000000
2014-02-04,1050.000000,1050.000000,1050.000000,1050.000000,1160.000000
2014-02-05,1050.000000,1050.000000,1050.000000,1050.000000,250.000000
2014-02-06,1050.000000,1050.000000,1050.000000,1050.000000,1100.000000
2014-02-07,1050.000000,1050.000000,1050.000000,1050.000000,110.000000
2014-02-10,1068.000000,1068.000000,1060.000000,1060.000000,2435.000000
2014-02-11,1051.000000,1054.000000,1051.000000,1052.000000,3550.000000
2014-02-18,1053.000000,1053.000000,1053.000000,1053.000000,3320.000000
2014-02-20,1030.000000,1045.000000,1030.000000,1045.000000,7830.000000
2014-02-21,1050.000000,1050.000000,1050.000000,1050.000000,1920.000000
2014-02-24,1040.000000,1040.000000,1040.000000,1040.000000,4840.000000
2014-02-25,1040.000000,1040.000000,1035.000000,1035.000000,5950.000000
2014-02-26,1039.000000,1040.000000,1039.000000,1040.000000,26140.000000
2014-02-27,1040.000000,1040.000000,1040.000000,1040.000000,3200.000000
2014-03-03,1040.000000,1040.000000,1040.000000,1040.000000,50.000000
2014-03-04,1040.000000,1042.000000,1040.000000,1042.000000,400.000000
2014-03-05,1040.000000,1040.000000,1040.000000,1040.000000,2825.000000
2014-03-06,1040.000000,1040.000000,1040.000000,1040.000000,2000.000000
2014-03-07,1040.000000,1040.000000,1040.000000,1040.000000,1200.000000
2014-03-10,1040.000000,1050.000000,1040.000000,1050.000000,970.000000
2014-03-12,1040.000000,1040.000000,1038.000000,1038.000000,10000.000000
2014-03-13,1040.000000,1040.000000,1038.000000,1040.000000,4070.000000
2014-03-17,1038.000000,1040.000000,1038.000000,1040.000000,5725.000000
2014-03-18,1038.000000,1038.000000,1035.000000,1035.000000,3000.000000
2014-03-19,1036.000000,1036.000000,1036.000000,1036.000000,100.000000
2014-03-21,1038.000000,1038.000000,1035.000000,1036.000000,1500.000000
2014-03-24,1035.000000,1035.000000,1035.000000,1035.000000,2100.000000
2014-03-25,1036.000000,1036.000000,1036.000000,1036.000000,13685.000000
2014-03-26,1035.000000,1035.000000,1035.000000,1035.000000,200.000000
2014-03-27,1035.000000,1035.000000,1035.000000,1035.000000,20.000000
2014-03-28,1035.000000,1035.000000,1035.000000,1035.000000,11095.000000
2014-04-01,1034.000000,1034.000000,1030.000000,1030.000000,16950.000000
2014-04-02,1030.000000,1030.000000,1030.000000,1030.000000,100.000000
2014-04-03,1035.000000,1035.000000,1035.000000,1035.000000,1355.000000
2014-04-04,1035.000000,1035.000000,1035.000000,1035.000000,2520.000000
2014-04-07,1031.000000,1035.000000,1031.000000,1035.000000,2480.000000
2014-04-10,1050.000000,1050.000000,1050.000000,1050.000000,100.000000
2014-04-11,1040.000000,1040.000000,1035.000000,1035.000000,1110.000000
2014-04-14,1035.000000,1040.000000,1035.000000,1040.000000,145.000000
2014-04-15,1040.000000,1040.000000,1040.000000,1040.000000,20.000000
2014-04-16,1040.000000,1040.000000,1040.000000,1040.000000,1025.000000
2014-04-21,1035.000000,1035.000000,1035.000000,1035.000000,100.000000
2014-04-22,1036.000000,1040.000000,1035.000000,1035.000000,10350.000000
2014-04-23,1035.000000,1035.000000,1035.000000,1035.000000,5.000000
2014-04-24,1040.000000,1040.000000,1040.000000,1040.000000,50.000000
2014-04-25,1038.000000,1040.000000,1038.000000,1038.000000,1150.000000
2014-04-28,1040.000000,1060.000000,1040.000000,1060.000000,9670.000000
2014-04-29,1040.000000,1040.000000,1031.000000,1031.000000,2000.000000
2014-04-30,1040.000000,1040.000000,1034.000000,1039.000000,2070.000000
2014-05-02,1038.000000,1038.000000,1038.000000,1038.000000,200.000000
2014-05-05,1040.000000,1040.000000,1040.000000,1040.000000,50.000000
2014-05-06,1040.000000,1040.000000,1040.000000,1040.000000,300.000000
2014-05-09,1050.000000,1050.000000,1042.000000,1045.000000,2265.000000
2014-05-14,1042.000000,1042.000000,1042.000000,1042.000000,490.000000
2014-05-15,1041.000000,1050.000000,1041.000000,1050.000000,2380.000000
2014-05-16,1045.000000,1045.000000,1041.000000,1041.000000,710.000000
2014-05-19,1041.000000,1041.000000,1020.000000,1020.000000,1015.000000
2014-05-23,1035.000000,1035.000000,1035.000000,1035.000000,100.000000
2014-05-26,1036.000000,1036.000000,1036.000000,1036.000000,700.000000
2014-05-27,1035.000000,1035.000000,1030.000000,1035.000000,1500.000000
2014-05-28,1035.000000,1040.000000,1035.000000,1038.000000,1950.000000
2014-05-29,1040.000000,1040.000000,1040.000000,1040.000000,1135.000000
2014-05-30,1040.000000,1040.000000,1035.000000,1035.000000,4700.000000
2014-06-02,1035.000000,1035.000000,1035.000000,1035.000000,20.000000
2014-06-03,1035.000000,1035.000000,1030.000000,1030.000000,1150.000000
2014-06-04,1031.000000,1031.000000,1030.000000,1030.000000,1615.000000
2014-06-05,1031.000000,1031.000000,1000.000000,1000.000000,9440.000000
2014-06-06,1003.000000,1010.000000,1000.000000,1003.000000,21560.000000
2014-06-09,1010.000000,1020.000000,1010.000000,1020.000000,27415.000000
2014-06-10,1020.000000,1020.000000,1010.000000,1015.000000,38705.000000
2014-06-11,1018.000000,1018.000000,1017.000000,1018.000000,8350.000000
2014-06-13,1020.000000,1020.000000,1010.000000,1010.000000,33605.000000
2014-06-16,1015.000000,1015.000000,1008.000000,1008.000000,22105.000000
2014-06-17,1009.000000,1009.000000,1003.000000,1004.000000,20525.000000
2014-06-18,1004.000000,1004.000000,1002.000000,1003.000000,40000.000000
2014-06-19,1010.000000,1010.000000,1005.000000,1010.000000,49385.000000
2014-06-20,1007.000000,1015.000000,1003.000000,1015.000000,14600.000000
2014-06-23,1040.000000,1040.000000,1004.000000,1004.000000,19630.000000
2014-06-24,1004.000000,1004.000000,1001.000000,1001.000000,25500.000000
2014-06-25,1003.000000,1003.000000,1001.000000,1003.000000,18755.000000
2014-06-26,1003.000000,1010.000000,1001.000000,1001.000000,22445.000000
2014-06-27,1001.000000,1001.000000,1001.000000,1001.000000,4300.000000
2014-06-30,1003.000000,1004.000000,1003.000000,1004.000000,13780.000000
2014-07-01,1002.000000,1004.000000,1002.000000,1004.000000,18565.000000
2014-07-02,1006.000000,1006.000000,1006.000000,1006.000000,1050.000000
2014-07-03,1005.000000,1011.000000,1003.000000,1003.000000,23630.000000
2014-07-04,1006.000000,1008.000000,1006.000000,1008.000000,2560.000000
2014-07-07,1012.000000,1012.000000,1008.000000,1010.000000,11885.000000
2014-07-08,1010.000000,1011.000000,1008.000000,1009.000000,12670.000000
2014-07-09,1009.000000,1010.000000,1008.000000,1010.000000,8790.000000
2014-07-10,1009.000000,1010.000000,1009.000000,1010.000000,12230.000000
2014-07-11,1010.000000,1012.000000,1010.000000,1012.000000,30985.000000
2014-07-14,1012.000000,1012.000000,1011.000000,1011.000000,5000.000000
2014-07-15,1011.000000,1012.000000,1011.000000,1012.000000,6340.000000
2014-07-17,1015.000000,1015.000000,1011.000000,1012.000000,18590.000000
2014-07-18,1011.000000,1011.000000,1010.000000,1011.000000,13960.000000
2014-07-21,1015.000000,1015.000000,1010.000000,1010.000000,27970.000000
2014-07-22,1010.000000,1010.000000,1008.000000,1008.000000,5930.000000
2014-07-23,1010.000000,1010.000000,1010.000000,1010.000000,2580.000000
2014-07-24,1010.000000,1010.000000,1005.000000,1009.000000,17500.000000
2014-07-25,1007.000000,1008.000000,1004.000000,1005.000000,26265.000000
2014-07-28,1006.000000,1008.000000,1005.000000,1005.000000,16570.000000
2014-07-30,1004.000000,1006.000000,1003.000000,1004.000000,51200.000000
2014-07-31,1006.000000,1006.000000,1003.000000,1003.000000,10600.000000
2014-08-01,1003.000000,1004.000000,1000.000000,1004.000000,79795.000000
2014-08-04,1004.000000,1005.000000,1004.000000,1005.000000,2080.000000
2014-08-05,1004.000000,1005.000000,1004.000000,1004.000000,8425.000000
2014-08-06,1004.000000,1006.000000,1004.000000,1006.000000,19155.000000
2014-08-07,1005.000000,1005.000000,1005.000000,1005.000000,1730.000000
2014-08-08,1005.000000,1006.000000,1004.000000,1006.000000,16650.000000
2014-08-11,1007.000000,1009.000000,1005.000000,1009.000000,1510.000000
2014-08-12,1007.000000,1009.000000,1007.000000,1007.000000,5905.000000
2014-08-13,1007.000000,1009.000000,1007.000000,1008.000000,17285.000000
2014-08-14,1008.000000,1009.000000,1006.000000,1006.000000,20385.000000
2014-08-15,1007.000000,1009.000000,1006.000000,1006.000000,20975.000000
2014-08-18,1006.000000,1007.000000,1005.000000,1007.000000,22905.000000
2014-08-19,1004.000000,1004.000000,1000.000000,1002.000000,4815.000000
2014-08-20,1003.000000,1004.000000,997.000000,997.000000,18370.000000
2014-08-22,1000.000000,1000.000000,998.000000,999.000000,3150.000000
2014-08-26,1000.000000,1001.000000,999.000000,1001.000000,4110.000000
2014-08-27,1011.000000,1011.000000,1009.000000,1010.000000,6895.000000
2014-08-28,1010.000000,1010.000000,1005.000000,1010.000000,24030.000000
2014-09-01,1009.000000,1010.000000,1009.000000,1010.000000,3360.000000
2014-09-02,1010.000000,1010.000000,1010.000000,1010.000000,10040.000000
2014-09-03,1011.000000,1011.000000,1005.000000,1005.000000,5615.000000
2014-09-04,1010.000000,1010.000000,1010.000000,1010.000000,1490.000000
2014-09-05,1005.000000,1011.000000,1004.000000,1011.000000,19710.000000
2014-09-08,1011.000000,1011.000000,1000.000000,1001.000000,11355.000000
2014-09-09,1001.000000,1011.000000,1001.000000,1003.000000,17930.000000
2014-09-10,1011.000000,1015.000000,1011.000000,1015.000000,11080.000000
2014-09-11,1015.000000,1030.000000,1015.000000,1030.000000,6040.000000
2014-09-12,1029.000000,1030.000000,1020.000000,1027.000000,12090.000000
2014-09-15,1015.000000,1029.000000,1015.000000,1029.000000,9715.000000
2014-09-16,1031.000000,1035.000000,1029.000000,1029.000000,1730.000000
2014-09-17,1029.000000,1032.000000,1029.000000,1029.000000,7410.000000
2014-09-18,1030.000000,1030.000000,1030.000000,1030.000000,45.000000
2014-09-22,1030.000000,1035.000000,1020.000000,1020.000000,8380.000000
2014-09-23,1020.000000,1020.000000,1020.000000,1020.000000,1000.000000
2014-09-24,1035.000000,1035.000000,1025.000000,1025.000000,655.000000
2014-09-25,1035.000000,1035.000000,1035.000000,1035.000000,8890.000000
2014-09-26,1035.000000,1036.000000,1030.000000,1036.000000,2175.000000
2014-09-29,1030.000000,1037.000000,1030.000000,1037.000000,205.000000
2014-09-30,1030.000000,1035.000000,1030.000000,1035.000000,3140.000000
2014-10-01,1031.000000,1032.000000,1030.000000,1032.000000,15250.000000
2014-10-02,1033.000000,1033.000000,1032.000000,1032.000000,4000.000000
2014-10-07,1032.000000,1032.000000,1032.000000,1032.000000,50.000000
2014-10-08,1032.000000,1032.000000,1030.000000,1030.000000,23200.000000
2014-10-09,1030.000000,1030.000000,1030.000000,1030.000000,9050.000000
2014-10-10,1030.000000,1030.000000,1030.000000,1030.000000,1420.000000
2014-10-13,1030.000000,1038.000000,1030.000000,1030.000000,5420.000000
2014-10-14,1031.000000,1031.000000,1031.000000,1031.000000,1960.000000
2014-10-15,1032.000000,1032.000000,1032.000000,1032.000000,2000.000000
2014-10-16,1037.000000,1037.000000,1031.000000,1031.000000,1040.000000
2014-10-17,1032.000000,1032.000000,1032.000000,1032.000000,2050.000000
2014-10-20,1033.000000,1033.000000,1032.000000,1032.000000,1580.000000
2014-10-21,1033.000000,1039.000000,1033.000000,1039.000000,4300.000000
2014-10-23,1035.000000,1035.000000,1035.000000,1035.000000,1550.000000
2014-10-24,1039.000000,1040.000000,1039.000000,1040.000000,2630.000000
2014-10-27,1040.000000,1042.000000,1034.000000,1034.000000,5470.000000
2014-10-28,1035.000000,1035.000000,1035.000000,1035.000000,200.000000
2014-10-30,1035.000000,1035.000000,1035.000000,1035.000000,1600.000000
2014-10-31,1036.000000,1036.000000,1036.000000,1036.000000,4510.000000
2014-11-03,1042.000000,1042.000000,1042.000000,1042.000000,5.000000
2014-11-04,1042.000000,1044.000000,1036.000000,1036.000000,8205.000000
2014-11-05,1035.000000,1036.000000,1035.000000,1035.000000,2800.000000
2014-11-06,1044.000000,1044.000000,1034.000000,1034.000000,1015.000000
2014-11-07,1035.000000,1042.000000,1035.000000,1042.000000,1505.000000
2014-11-10,1036.000000,1036.000000,1036.000000,1036.000000,590.000000
2014-11-11,1040.000000,1042.000000,1035.000000,1035.000000,1700.000000
2014-11-12,1036.000000,1041.000000,1036.000000,1039.000000,4845.000000
2014-11-13,1040.000000,1040.000000,1040.000000,1040.000000,1240.000000
2014-11-17,1037.000000,1041.000000,1037.000000,1040.000000,1255.000000
2014-11-18,1041.000000,1041.000000,1040.000000,1040.000000,320.000000
2014-11-19,1040.000000,1040.000000,1040.000000,1040.000000,1010.000000
2014-11-20,1040.000000,1041.000000,1040.000000,1041.000000,3250.000000
2014-11-21,1030.000000,1041.000000,1030.000000,1041.000000,1220.000000
2014-11-24,1041.000000,1041.000000,1040.000000,1040.000000,1225.000000
2014-11-25,1041.000000,1050.000000,1041.000000,1050.000000,460.000000
2014-11-26,1030.000000,1030.000000,1030.000000,1030.000000,300.000000
2014-11-27,1030.000000,1050.000000,1030.000000,1045.000000,930.000000
2014-12-01,1035.000000,1035.000000,1020.000000,1020.000000,5000.000000
2014-12-03,1020.000000,1050.000000,1020.000000,1050.000000,2605.000000
2014-12-04,1022.000000,1022.000000,1010.000000,1011.000000,22810.000000
2014-12-09,1020.000000,1025.000000,1018.000000,1018.000000,4105.000000
2014-12-10,1020.000000,1020.000000,1019.000000,1020.000000,6695.000000
2014-12-11,1020.000000,1020.000000,1020.000000,1020.000000,6730.000000
2014-12-12,1020.000000,1020.000000,1020.000000,1020.000000,32920.000000
2014-12-15,1020.000000,1020.000000,1018.000000,1018.000000,20070.000000
2014-12-16,1020.000000,1020.000000,1010.000000,1015.000000,12895.000000
2014-12-17,1018.000000,1018.000000,1012.000000,1012.000000,4795.000000
2014-12-18,1014.000000,1014.000000,1012.000000,1012.000000,1620.000000
2014-12-19,1011.000000,1012.000000,1009.000000,1009.000000,7220.000000
2014-12-22,1010.000000,1010.000000,1008.000000,1009.000000,2500.000000
2014-12-23,1011.000000,1011.000000,1010.000000,1010.000000,5605.000000
2014-12-29,1009.000000,1009.000000,1009.000000,1009.000000,3400.000000
2015-01-05,1009.000000,1020.000000,1009.000000,1010.000000,1100.000000
2015-01-06,1010.000000,1011.000000,1010.000000,1010.000000,2785.000000
2015-01-07,1011.000000,1011.000000,1010.000000,1010.000000,19115.000000
2015-01-09,1010.000000,1010.000000,1008.000000,1009.000000,14105.000000
2015-01-12,1008.000000,1010.000000,1008.000000,1010.000000,910.000000
2015-01-13,1011.000000,1011.000000,1010.000000,1010.000000,1235.000000
2015-01-14,1009.000000,1010.000000,1008.000000,1010.000000,12620.000000
2015-01-19,1008.000000,1010.000000,1007.000000,1010.000000,755.000000
2015-01-20,1010.000000,1010.000000,1008.000000,1008.000000,11105.000000
2015-01-21,1022.000000,1022.000000,1021.000000,1021.000000,35.000000
2015-01-22,1010.000000,1010.000000,1008.000000,1009.000000,5120.000000
2015-01-26,1010.000000,1010.000000,1010.000000,1010.000000,1100.000000
2015-01-27,1010.000000,1011.000000,1010.000000,1011.000000,755.000000
2015-01-28,1010.000000,1011.000000,1010.000000,1011.000000,6150.000000
2015-01-29,1011.000000,1011.000000,1011.000000,1011.000000,1920.000000
2015-01-30,1010.000000,1011.000000,1010.000000,1010.000000,3650.000000
2015-02-02,1010.000000,1010.000000,1005.000000,1005.000000,4500.000000
2015-02-03,1009.000000,1009.000000,1005.000000,1007.000000,3295.000000
2015-02-04,1007.000000,1007.000000,1006.000000,1007.000000,1090.000000
2015-02-05,1010.000000,1011.000000,1010.000000,1010.000000,2400.000000
2015-02-06,1007.000000,1009.000000,1000.000000,1007.000000,8110.000000
2015-02-09,1007.000000,1008.000000,1000.000000,1000.000000,11755.000000
2015-02-10,1002.000000,1011.000000,1002.000000,1011.000000,255.000000
2015-02-11,1010.000000,1011.000000,1010.000000,1011.000000,3085.000000
