2015-03-12,1038.000000,1044.000000,1011.000000,1020.000000,27515.000000
2015-03-13,1029.000000,1040.000000,1020.000000,1039.000000,3885.000000
2015-03-16,1030.000000,1035.000000,1030.000000,1030.000000,5305.000000
2015-03-17,1030.000000,1035.000000,1030.000000,1032.000000,3540.000000
2015-03-18,1035.000000,1036.000000,1035.000000,1036.000000,2245.000000
2015-03-19,1038.000000,1038.000000,1036.000000,1038.000000,505.000000
2015-03-20,1038.000000,1040.000000,1037.000000,1040.000000,11975.000000
2015-03-23,1040.000000,1040.000000,1037.000000,1040.000000,1160.000000
2015-03-24,1040.000000,1042.000000,1040.000000,1041.000000,4900.000000
2015-03-25,1042.000000,1042.000000,1042.000000,1042.000000,8230.000000
2015-03-26,1042.000000,1047.000000,1042.000000,1046.000000,20975.000000
2015-03-27,1046.000000,1046.000000,1030.000000,1045.000000,19785.000000
2015-03-30,1040.000000,1045.000000,1040.000000,1045.000000,12110.000000
2015-03-31,1043.000000,1043.000000,1040.000000,1042.000000,470.000000
2015-04-01,1042.000000,1046.000000,1042.000000,1046.000000,3835.000000
2015-04-06,1045.000000,1046.000000,1043.000000,1046.000000,22795.000000
2015-04-07,1046.000000,1047.000000,1046.000000,1046.000000,51420.000000
2015-04-08,1045.000000,1046.000000,1045.000000,1046.000000,8175.000000
2015-04-10,1045.000000,1046.000000,1044.000000,1046.000000,220.000000
2015-04-13,1046.000000,1046.000000,1046.000000,1046.000000,680.000000
2015-04-14,1046.000000,1047.000000,1046.000000,1047.000000,2010.000000
2015-04-15,1046.000000,1046.000000,1046.000000,1046.000000,5250.000000
2015-04-16,1047.000000,1047.000000,1045.000000,1047.000000,8755.000000
2015-04-17,1047.000000,1050.000000,1046.000000,1050.000000,590.000000
2015-04-20,1047.000000,1050.000000,1047.000000,1050.000000,1000.000000
2015-04-21,1045.000000,1045.000000,1045.000000,1045.000000,865.000000
2015-04-22,1045.000000,1045.000000,1044.000000,1045.000000,3700.000000
2015-04-23,1044.000000,1044.000000,1042.000000,1043.000000,6520.000000
2015-04-24,1043.000000,1045.000000,1043.000000,1045.000000,3155.000000
2015-04-27,1046.000000,1048.000000,1045.000000,1048.000000,990.000000
2015-04-28,1043.000000,1045.000000,1043.000000,1045.000000,105.000000
2015-04-29,1045.000000,1045.000000,1045.000000,1045.000000,400.000000
2015-04-30,1045.000000,1045.000000,1044.000000,1044.000000,3200.000000
2015-05-04,1045.000000,1045.000000,1044.000000,1045.000000,3050.000000
2015-05-05,1045.000000,1045.000000,1045.000000,1045.000000,2665.000000
2015-05-06,1043.000000,1045.000000,1043.000000,1045.000000,100.000000
2015-05-07,1045.000000,1045.000000,1045.000000,1045.000000,780.000000
2015-05-08,1045.000000,1045.000000,1045.000000,1045.000000,240.000000
2015-05-11,1047.000000,1048.000000,1044.000000,1048.000000,7820.000000
2015-05-12,1048.000000,1049.000000,1048.000000,1049.000000,505.000000
2015-05-13,1050.000000,1050.000000,1050.000000,1050.000000,4950.000000
2015-05-14,1050.000000,1050.000000,1050.000000,1050.000000,4215.000000
2015-05-15,1051.000000,1064.000000,1051.000000,1064.000000,8610.000000
2015-05-18,1050.000000,1064.000000,1050.000000,1064.000000,110.000000
2015-05-19,1050.000000,1050.000000,1050.000000,1050.000000,2305.000000
2015-05-21,1050.000000,1050.000000,1040.000000,1040.000000,355.000000
2015-05-22,1040.000000,1050.000000,1040.000000,1050.000000,180.000000
2015-05-25,1050.000000,1050.000000,1050.000000,1050.000000,2125.000000
2015-05-26,1055.000000,1064.000000,1050.000000,1050.000000,11340.000000
2015-05-27,1050.000000,1050.000000,1045.000000,1045.000000,390.000000
2015-05-28,1040.000000,1040.000000,1040.000000,1040.000000,2375.000000
2015-05-29,1037.000000,1040.000000,1037.000000,1040.000000,140.000000
2015-06-02,1040.000000,1041.000000,1040.000000,1040.000000,3265.000000
2015-06-03,1040.000000,1050.000000,1040.000000,1050.000000,6725.000000
2015-06-04,1038.000000,1050.000000,1038.000000,1040.000000,3945.000000
2015-06-08,1046.000000,1050.000000,1045.000000,1045.000000,8925.000000
2015-06-09,1046.000000,1050.000000,1045.000000,1050.000000,11210.000000
2015-06-10,1050.000000,1050.000000,1050.000000,1050.000000,2000.000000
2015-06-11,1043.000000,1043.000000,1043.000000,1043.000000,115.000000
2015-06-15,1045.000000,1046.000000,1045.000000,1046.000000,1050.000000
2015-06-17,1046.000000,1046.000000,1046.000000,1046.000000,2250.000000
2015-06-18,1048.000000,1048.000000,1048.000000,1048.000000,100.000000
2015-06-19,1048.000000,1050.000000,1048.000000,1050.000000,2995.000000
2015-06-23,1052.000000,1054.000000,1052.000000,1054.000000,5190.000000
2015-06-24,1054.000000,1055.000000,1054.000000,1055.000000,5950.000000
2015-06-25,1050.000000,1055.000000,1050.000000,1055.000000,6150.000000
2015-06-26,1050.000000,1058.000000,1050.000000,1058.000000,520.000000
2015-06-30,1050.000000,1051.000000,1050.000000,1050.000000,2440.000000
2015-07-01,1050.000000,1050.000000,1050.000000,1050.000000,1050.000000
2015-07-02,1050.000000,1054.000000,1050.000000,1054.000000,3500.000000
2015-07-03,1054.000000,1055.000000,1054.000000,1055.000000,9530.000000
2015-07-06,1051.000000,1051.000000,1051.000000,1051.000000,100.000000
2015-07-07,1054.000000,1054.000000,1054.000000,1054.000000,5155.000000
2015-07-08,1054.000000,1054.000000,1054.000000,1054.000000,4495.000000
2015-07-10,1054.000000,1054.000000,1054.000000,1054.000000,190.000000
2015-07-13,1050.000000,1050.000000,1050.000000,1050.000000,1920.000000
2015-07-14,1054.000000,1055.000000,1054.000000,1054.000000,95.000000
2015-07-15,1050.000000,1050.000000,1050.000000,1050.000000,2445.000000
2015-07-16,1050.000000,1050.000000,1050.000000,1050.000000,7000.000000
2015-07-20,1048.000000,1048.000000,1048.000000,1048.000000,1635.000000
2015-07-21,1048.000000,1054.000000,1035.000000,1040.000000,6805.000000
2015-07-22,1040.000000,1040.000000,1036.000000,1036.000000,1575.000000
2015-07-23,1040.000000,1040.000000,1039.000000,1039.000000,365.000000
2015-07-24,1039.000000,1040.000000,1039.000000,1040.000000,5580.000000
2015-07-27,1035.000000,1035.000000,1033.000000,1035.000000,1410.000000
2015-07-28,1036.000000,1036.000000,1028.000000,1028.000000,2330.000000
2015-07-29,1034.000000,1034.000000,1032.000000,1032.000000,4840.000000
2015-07-30,1032.000000,1032.000000,1027.000000,1028.000000,3990.000000
2015-07-31,1030.000000,1030.000000,1030.000000,1030.000000,30.000000
2015-08-03,1025.000000,1025.000000,1024.000000,1024.000000,11305.000000
2015-08-04,1025.000000,1025.000000,1024.000000,1025.000000,10590.000000
2015-08-05,1025.000000,1025.000000,1020.000000,1020.000000,6430.000000
2015-08-06,1020.000000,1020.000000,1018.000000,1020.000000,4910.000000
2015-08-07,1020.000000,1020.000000,1018.000000,1018.000000,1240.000000
2015-08-10,1020.000000,1022.000000,1020.000000,1020.000000,20385.000000
2015-08-11,1019.000000,1020.000000,1019.000000,1020.000000,3050.000000
2015-08-12,1020.000000,1020.000000,1020.000000,1020.000000,750.000000
2015-08-13,1021.000000,1021.000000,1020.000000,1020.000000,3060.000000
2015-08-14,1020.000000,1020.000000,1020.000000,1020.000000,2295.000000
2015-08-17,1025.000000,1025.000000,1020.000000,1020.000000,1510.000000
2015-08-18,1020.000000,1020.000000,1019.000000,1019.000000,1785.000000
2015-08-19,1019.000000,1020.000000,1019.000000,1019.000000,1070.000000
2015-08-20,1018.000000,1018.000000,1017.000000,1018.000000,9960.000000
2015-08-24,1005.000000,1005.000000,1002.000000,1005.000000,690.000000
2015-08-25,1005.000000,1006.000000,1005.000000,1006.000000,165.000000
2015-08-26,1017.000000,1018.000000,1017.000000,1018.000000,500.000000
2015-08-27,1010.000000,1020.000000,1010.000000,1020.000000,1910.000000
2015-08-28,1020.000000,1020.000000,1020.000000,1020.000000,4380.000000
2015-09-01,1018.000000,1018.000000,1016.000000,1016.000000,1600.000000
2015-09-02,1016.000000,1018.000000,1015.000000,1018.000000,8015.000000
2015-09-03,1018.000000,1018.000000,1018.000000,1018.000000,1710.000000
2015-09-04,1018.000000,1018.000000,1018.000000,1018.000000,10.000000
2015-09-07,1025.000000,1025.000000,1025.000000,1025.000000,5.000000
2015-09-08,1025.000000,1025.000000,1015.000000,1015.000000,3025.000000
2015-09-09,1016.000000,1017.000000,1015.000000,1015.000000,5265.000000
2015-09-10,1015.000000,1015.000000,1015.000000,1015.000000,20.000000
2015-09-11,1015.000000,1016.000000,1015.000000,1016.000000,2475.000000
2015-09-14,1016.000000,1016.000000,1016.000000,1016.000000,2900.000000
2015-09-15,1018.000000,1018.000000,1018.000000,1018.000000,210.000000
2015-09-16,1025.000000,1025.000000,1025.000000,1025.000000,35.000000
2015-09-17,1019.000000,1019.000000,1016.000000,1016.000000,100.000000
2015-09-21,1020.000000,1020.000000,1018.000000,1018.000000,1005.000000
2015-09-22,1020.000000,1027.000000,1020.000000,1022.000000,2920.000000
2015-09-23,1023.000000,1025.000000,1023.000000,1025.000000,660.000000
2015-09-28,1030.000000,1035.000000,1030.000000,1035.000000,100.000000
2015-09-29,1035.000000,1040.000000,1030.000000,1030.000000,3300.000000
2015-10-01,1032.000000,1035.000000,1032.000000,1035.000000,230.000000
2015-10-02,1035.000000,1035.000000,1030.000000,1030.000000,5000.000000
2015-10-05,1030.000000,1030.000000,1030.000000,1030.000000,170.000000
2015-10-06,1030.000000,1032.000000,1030.000000,1032.000000,560.000000
2015-10-07,1032.000000,1032.000000,1030.000000,1030.000000,5100.000000
2015-10-08,1035.000000,1038.000000,1030.000000,1030.000000,1180.000000
2015-10-09,1028.000000,1028.000000,1028.000000,1028.000000,150.000000
2015-10-12,1035.000000,1035.000000,1035.000000,1035.000000,20.000000
2015-10-13,1035.000000,1038.000000,1020.000000,1020.000000,11250.000000
2015-10-14,1020.000000,1020.000000,1018.000000,1018.000000,8770.000000
2015-10-15,1019.000000,1019.000000,1019.000000,1019.000000,500.000000
2015-10-19,1019.000000,1019.000000,1019.000000,1019.000000,1500.000000
2015-10-21,1035.000000,1035.000000,1035.000000,1035.000000,35.000000
2015-10-23,1035.000000,1035.000000,1035.000000,1035.000000,1000.000000
2015-10-26,1030.000000,1030.000000,1030.000000,1030.000000,200.000000
2015-10-28,1030.000000,1030.000000,1030.000000,1030.000000,200375.000000
2015-10-30,1030.000000,1030.000000,1030.000000,1030.000000,250.000000
2015-11-03,1031.000000,1035.000000,1030.000000,1035.000000,700.000000
2015-11-05,1035.000000,1035.000000,1030.000000,1035.000000,200.000000
2015-11-06,1035.000000,1035.000000,1035.000000,1035.000000,10.000000
2015-11-09,1040.000000,1040.000000,1040.000000,1040.000000,700.000000
2015-11-10,1040.000000,1040.000000,1035.000000,1035.000000,1080.000000
2015-11-11,1035.000000,1035.000000,1035.000000,1035.000000,2015.000000
2015-11-13,1030.000000,1030.000000,1030.000000,1030.000000,2200.000000
2015-11-16,1044.000000,1044.000000,1030.000000,1030.000000,1065.000000
2015-11-17,1018.000000,1018.000000,1018.000000,1018.000000,2985.000000
2015-11-20,1020.000000,1020.000000,1020.000000,1020.000000,1000.000000
2015-11-24,1020.000000,1020.000000,1018.000000,1018.000000,440.000000
2015-11-25,1021.000000,1021.000000,1020.000000,1020.000000,2000.000000
2015-11-26,1021.000000,1029.000000,1021.000000,1029.000000,1015.000000
2015-11-27,1029.000000,1029.000000,1020.000000,1020.000000,5225.000000
2015-12-01,1022.000000,1024.000000,1022.000000,1024.000000,615.000000
2015-12-02,1023.000000,1023.000000,1023.000000,1023.000000,340.000000
2015-12-03,1025.000000,1025.000000,1025.000000,1025.000000,1895.000000
2015-12-04,1020.000000,1022.000000,1020.000000,1022.000000,1200.000000
2015-12-08,1022.000000,1022.000000,1022.000000,1022.000000,7500.000000
2015-12-09,1022.000000,1022.000000,1020.000000,1022.000000,8105.000000
2015-12-11,1023.000000,1023.000000,1023.000000,1023.000000,41000.000000
2015-12-14,1021.000000,1021.000000,1020.000000,1020.000000,8600.000000
2015-12-15,1020.000000,1020.000000,1020.000000,1020.000000,400.000000
2015-12-16,1020.000000,1020.000000,1018.000000,1018.000000,4400.000000
2015-12-17,1025.000000,1025.000000,1025.000000,1025.000000,50.000000
2015-12-18,1020.000000,1028.000000,1016.000000,1028.000000,8305.000000
2015-12-21,1020.000000,1020.000000,1016.000000,1016.000000,5000.000000
2015-12-22,1019.000000,1019.000000,1019.000000,1019.000000,500.000000
2015-12-23,1020.000000,1020.000000,1019.000000,1019.000000,2000.000000
2015-12-28,1019.000000,1030.000000,1019.000000,1030.000000,11100.000000
2015-12-29,1021.000000,1029.000000,1019.000000,1029.000000,1890.000000
2016-01-11,1022.000000,1022.000000,1020.000000,1020.000000,55.000000
2016-01-12,1024.000000,1024.000000,1024.000000,1024.000000,45.000000
2016-01-13,1023.000000,1024.000000,1023.000000,1024.000000,135.000000
2016-01-14,1024.000000,1024.000000,1024.000000,1024.000000,25.000000
2016-01-18,1025.000000,1025.000000,1025.000000,1025.000000,25.000000
2016-01-19,1026.000000,1026.000000,1025.000000,1025.000000,1000.000000
2016-01-20,1026.000000,1026.000000,1025.000000,1025.000000,2050.000000
2016-01-21,1026.000000,1026.000000,1025.000000,1025.000000,8050.000000
2016-01-22,1026.000000,1035.000000,1026.000000,1026.000000,2220.000000
2016-01-25,1028.000000,1028.000000,1028.000000,1028.000000,30.000000
2016-01-26,1028.000000,1028.000000,1028.000000,1028.000000,200.000000
2016-01-27,1028.000000,1028.000000,1028.000000,1028.000000,260.000000
2016-01-28,1028.000000,1028.000000,1028.000000,1028.000000,200.000000
2016-01-29,1026.000000,1026.000000,1025.000000,1025.000000,30305.000000
2016-02-01,1026.000000,1026.000000,1026.000000,1026.000000,1055.000000
2016-02-02,1027.000000,1027.000000,1027.000000,1027.000000,100.000000
2016-02-04,1032.000000,1034.000000,1025.000000,1025.000000,13090.000000
2016-02-05,1026.000000,1026.000000,1025.000000,1025.000000,470.000000
2016-02-09,1025.000000,1025.000000,1025.000000,1025.000000,1150.000000
2016-02-10,1026.000000,1026.000000,1026.000000,1026.000000,100.000000
2016-02-11,1026.000000,1026.000000,1025.000000,1025.000000,18320.000000
2016-02-15,1026.000000,1026.000000,1020.000000,1020.000000,110.000000
2016-02-16,1023.000000,1028.000000,1020.000000,1028.000000,14535.000000
2016-02-17,1026.000000,1028.000000,1026.000000,1028.000000,5925.000000
2016-02-18,1028.000000,1028.000000,1028.000000,1028.000000,12825.000000
2016-02-19,1028.000000,1028.000000,1028.000000,1028.000000,10100.000000
2016-02-22,1011.000000,1011.000000,1011.000000,1011.000000,990.000000
2016-02-23,1020.000000,1028.000000,1020.000000,1028.000000,930.000000
2016-02-24,1025.000000,1040.000000,1025.000000,1040.000000,15300.000000
2016-02-26,1040.000000,1047.000000,1040.000000,1040.000000,11420.000000
2016-02-29,1040.000000,1048.000000,1040.000000,1048.000000,19000.000000
2016-03-01,1045.000000,1045.000000,1045.000000,1045.000000,3000.000000
2016-03-02,1018.000000,1018.000000,1018.000000,1018.000000,1610.000000
2016-03-03,1018.000000,1018.000000,1018.000000,1018.000000,250.000000
2016-03-07,1020.000000,1025.000000,1018.000000,1025.000000,1970.000000
2016-03-08,1020.000000,1020.000000,1016.000000,1017.000000,860.000000
2016-03-09,1018.000000,1020.000000,1018.000000,1018.000000,2950.000000
2016-03-10,1017.000000,1018.000000,1017.000000,1018.000000,1180.000000
2016-03-11,1020.000000,1020.000000,1012.000000,1012.000000,3070.000000
2016-03-14,1020.000000,1020.000000,1012.000000,1012.000000,1410.000000
2016-03-15,1020.000000,1020.000000,1010.000000,1020.000000,8680.000000
2016-03-16,1010.000000,1010.000000,1006.000000,1010.000000,9100.000000
2016-03-18,1010.000000,1010.000000,1009.000000,1009.000000,200.000000
2016-03-21,1010.000000,1010.000000,1006.000000,1010.000000,1710.000000
2016-03-22,1010.000000,1010.000000,1010.000000,1010.000000,2500.000000
2016-03-23,1010.000000,1010.000000,1010.000000,1010.000000,135.000000
2016-03-28,1008.000000,1008.000000,1008.000000,1008.000000,1500.000000
2016-03-29,1008.000000,1015.000000,1008.000000,1015.000000,5335.000000
2016-03-30,1018.000000,1018.000000,1016.000000,1017.000000,2380.000000
2016-03-31,1015.000000,1015.000000,1010.000000,1010.000000,1350.000000
2016-04-01,1015.000000,1015.000000,1008.000000,1015.000000,2880.000000
2016-04-04,1013.000000,1013.000000,1010.000000,1010.000000,3950.000000
2016-04-05,1013.000000,1013.000000,1010.000000,1010.000000,2790.000000
2016-04-07,1014.000000,1014.000000,1014.000000,1014.000000,840.000000
2016-04-11,1014.000000,1014.000000,1014.000000,1014.000000,870.000000
2016-04-12,1014.000000,1014.000000,1014.000000,1014.000000,950.000000
2016-04-13,1014.000000,1014.000000,1014.000000,1014.000000,2500.000000
2016-04-14,1014.000000,1014.000000,1014.000000,1014.000000,3245.000000
2016-04-18,1014.000000,1018.000000,1008.000000,1018.000000,9110.000000
2016-04-19,1018.000000,1018.000000,1018.000000,1018.000000,945.000000
2016-04-20,1018.000000,1018.000000,1010.000000,1010.000000,350.000000
2016-04-21,1017.000000,1017.000000,1015.000000,1015.000000,1100.000000
2016-04-25,1015.000000,1016.000000,1015.000000,1016.000000,7300.000000
2016-04-26,1015.000000,1016.000000,1015.000000,1016.000000,4070.000000
2016-04-28,1015.000000,1020.000000,1015.000000,1020.000000,6500.000000
2016-04-29,1020.000000,1020.000000,1020.000000,1020.000000,15050.000000
2016-05-03,1015.000000,1015.000000,1015.000000,1015.000000,1000.000000
2016-05-05,1015.000000,1020.000000,1015.000000,1020.000000,275.000000
2016-05-10,1024.000000,1024.000000,1024.000000,1024.000000,90.000000
2016-05-11,1022.000000,1022.000000,1022.000000,1022.000000,2530.000000
2016-05-12,1022.000000,1022.000000,1022.000000,1022.000000,2020.000000
2016-05-13,1022.000000,1022.000000,1022.000000,1022.000000,110.000000
2016-05-16,1022.000000,1022.000000,1022.000000,1022.000000,840.000000
2016-05-17,1022.000000,1022.000000,1022.000000,1022.000000,1300.000000
2016-05-18,1020.000000,1020.000000,1020.000000,1020.000000,2020.000000
2016-05-19,1020.000000,1020.000000,1020.000000,1020.000000,305.000000
2016-05-20,1020.000000,1020.000000,1020.000000,1020.000000,100.000000
2016-05-23,1025.000000,1025.000000,1025.000000,1025.000000,18260.000000
2016-05-24,1024.000000,1024.000000,1024.000000,1024.000000,80.000000
2016-05-25,1024.000000,1025.000000,1024.000000,1024.000000,17950.000000
2016-05-26,1025.000000,1025.000000,1025.000000,1025.000000,1450.000000
2016-05-27,1030.000000,1030.000000,1027.000000,1027.000000,1030.000000
2016-05-30,1026.000000,1026.000000,1026.000000,1026.000000,100.000000
2016-05-31,1028.000000,1028.000000,1028.000000,1028.000000,1950.000000
2016-06-07,1033.000000,1033.000000,1027.000000,1027.000000,3295.000000
2016-06-08,1027.000000,1027.000000,1027.000000,1027.000000,700.000000
2016-06-09,1027.000000,1027.000000,1027.000000,1027.000000,1620.000000
2016-06-10,1027.000000,1037.000000,1027.000000,1037.000000,15075.000000
2016-06-13,1017.000000,1017.000000,1017.000000,1017.000000,2500.000000
2016-06-14,1036.000000,1036.000000,1036.000000,1036.000000,2675.000000
2016-06-15,1035.000000,1035.000000,1030.000000,1030.000000,1100.000000
2016-06-16,1038.000000,1038.000000,1038.000000,1038.000000,100.000000
2016-06-17,1038.000000,1038.000000,1038.000000,1038.000000,10850.000000
2016-06-20,1038.000000,1038.000000,1038.000000,1038.000000,8865.000000
2016-06-22,1035.000000,1035.000000,1031.000000,1031.000000,5000.000000
2016-06-23,1031.000000,1031.000000,1031.000000,1031.000000,1910.000000
2016-06-24,1031.000000,1031.000000,1031.000000,1031.000000,10.000000
2016-06-27,1028.000000,1028.000000,1028.000000,1028.000000,140.000000
2016-06-28,1028.000000,1028.000000,1028.000000,1028.000000,60.000000
2016-06-29,1028.000000,1028.000000,1028.000000,1028.000000,940.000000
2016-07-04,1017.000000,1021.000000,1017.000000,1021.000000,5020.000000
2016-07-07,1022.000000,1022.000000,1021.000000,1021.000000,3000.000000
2016-07-11,1020.000000,1020.000000,1020.000000,1020.000000,50.000000
2016-07-12,1023.000000,1023.000000,1022.000000,1022.000000,4185.000000
2016-07-13,1022.000000,1022.000000,1022.000000,1022.000000,45.000000
2016-07-14,1021.000000,1021.000000,1019.000000,1019.000000,2435.000000
2016-07-15,1020.000000,1020.000000,1019.000000,1019.000000,2420.000000
2016-07-20,1018.000000,1018.000000,1010.000000,1018.000000,4770.000000
2016-07-21,1018.000000,1020.000000,1016.000000,1016.000000,4050.000000
2016-07-22,1020.000000,1020.000000,1020.000000,1020.000000,770.000000
2016-07-25,1020.000000,1030.000000,1020.000000,1021.000000,12345.000000
2016-07-26,1020.000000,1030.000000,1020.000000,1021.000000,12345.000000
2016-07-28,1021.000000,1021.000000,1021.000000,1021.000000,510.000000
2016-08-01,1025.000000,1025.000000,1025.000000,1025.000000,9980.000000
2016-08-02,1025.000000,1025.000000,1021.000000,1021.000000,1280.000000
2016-08-03,1021.000000,1021.000000,1021.000000,1021.000000,340.000000
2016-08-05,1023.000000,1023.000000,1023.000000,1023.000000,5.000000
2016-08-09,1023.000000,1023.000000,1023.000000,1023.000000,1400.000000
2016-08-10,1022.000000,1022.000000,1022.000000,1022.000000,2720.000000
2016-08-11,1022.000000,1022.000000,1022.000000,1022.000000,1250.000000
2016-08-12,1023.000000,1023.000000,1022.000000,1022.000000,6750.000000
2016-08-17,1038.000000,1038.000000,1038.000000,1038.000000,100.000000
2016-08-18,1030.000000,1030.000000,1030.000000,1030.000000,2100.000000
2016-08-19,1037.000000,1038.000000,1037.000000,1038.000000,1930.000000
2016-08-22,1030.000000,1030.000000,1030.000000,1030.000000,110.000000
2016-08-23,1030.000000,1037.000000,1030.000000,1034.000000,2405.000000
2016-08-24,1030.000000,1036.000000,1030.000000,1034.000000,700.000000
2016-08-25,1030.000000,1030.000000,1030.000000,1030.000000,500.000000
2016-08-26,1030.000000,1030.000000,1030.000000,1030.000000,2095.000000
2016-08-30,1019.000000,1019.000000,1019.000000,1019.000000,1000.000000
2016-08-31,1020.000000,1020.000000,1020.000000,1020.000000,500.000000
2016-09-01,1020.000000,1020.000000,1020.000000,1020.000000,100.000000
2016-09-05,1020.000000,1020.000000,1020.000000,1020.000000,450.000000
2016-09-06,1035.000000,1035.000000,1035.000000,1035.000000,100.000000
2016-09-07,1020.000000,1021.000000,1020.000000,1021.000000,815.000000
2016-09-08,1022.000000,1022.000000,1020.000000,1020.000000,1060.000000
2016-09-09,1030.000000,1037.000000,1030.000000,1036.000000,5555.000000
2016-09-13,1036.000000,1036.000000,1036.000000,1036.000000,215.000000
2016-09-14,1036.000000,1036.000000,1036.000000,1036.000000,1550.000000
2016-09-15,1036.000000,1036.000000,1036.000000,1036.000000,870.000000
2016-09-16,1036.000000,1040.000000,1036.000000,1040.000000,255.000000
2016-09-19,1040.000000,1045.000000,1040.000000,1045.000000,12285.000000
2016-09-20,1045.000000,1045.000000,1045.000000,1045.000000,20.000000
2016-09-23,1022.000000,1022.000000,1020.000000,1022.000000,8295.000000
2016-09-26,1022.000000,1022.000000,1022.000000,1022.000000,995.000000
2016-09-28,1038.000000,1039.000000,1038.000000,1039.000000,8565.000000
2016-09-29,1040.000000,1045.000000,1040.000000,1045.000000,1015.000000
2016-10-04,1022.000000,1022.000000,1022.000000,1022.000000,5.000000
2016-10-05,1024.000000,1024.000000,1022.000000,1022.000000,2000.000000
2016-10-10,1023.000000,1023.000000,1021.000000,1021.000000,1100.000000
2016-10-12,1021.000000,1022.000000,1021.000000,1022.000000,400.000000
2016-10-13,1021.000000,1025.000000,1021.000000,1025.000000,600.000000
2016-10-14,1025.000000,1025.000000,1025.000000,1025.000000,30.000000
2016-10-17,1020.000000,1020.000000,1018.000000,1018.000000,1710.000000
2016-10-18,1018.000000,1020.000000,1018.000000,1020.000000,1400.000000
2016-10-20,1020.000000,1020.000000,1020.000000,1020.000000,4170.000000
2016-10-21,1021.000000,1021.000000,1020.000000,1020.000000,155.000000
2016-10-24,1020.000000,1020.000000,1020.000000,1020.000000,6715.000000
2016-10-26,1020.000000,1020.000000,1020.000000,1020.000000,3500.000000
2016-10-27,1028.000000,1028.000000,1028.000000,1028.000000,300.000000
2016-10-28,1028.000000,1028.000000,1028.000000,1028.000000,120.000000
2016-11-02,1018.000000,1028.000000,1018.000000,1028.000000,840.000000
2016-11-03,1028.000000,1028.000000,1026.000000,1026.000000,10130.000000
2016-11-04,1028.000000,1028.000000,1028.000000,1028.000000,10.000000
2016-11-07,1020.000000,1020.000000,1020.000000,1020.000000,100.000000
2016-11-09,1022.000000,1022.000000,1019.000000,1019.000000,780.000000
2016-11-10,1019.000000,1030.000000,1019.000000,1030.000000,2500.000000
2016-11-11,1030.000000,1030.000000,1030.000000,1030.000000,250.000000
2016-11-14,1030.000000,1030.000000,1030.000000,1030.000000,50.000000
2016-11-16,1040.000000,1040.000000,1030.000000,1035.000000,4180.000000
2016-11-18,1030.000000,1031.000000,1030.000000,1031.000000,1260.000000
2016-11-21,1030.000000,1030.000000,1030.000000,1030.000000,9390.000000
2016-11-24,1026.000000,1030.000000,1015.000000,1030.000000,800.000000
2016-11-28,1035.000000,1035.000000,1035.000000,1035.000000,3600.000000
2016-11-29,1032.000000,1036.000000,1032.000000,1036.000000,7030.000000
2016-12-01,1034.000000,1034.000000,1034.000000,1034.000000,1020.000000
2016-12-02,1034.000000,1037.000000,1034.000000,1037.000000,1675.000000
2016-12-05,1037.000000,1037.000000,1037.000000,1037.000000,5.000000
2016-12-06,1034.000000,1037.000000,1034.000000,1037.000000,2545.000000
2016-12-07,1036.000000,1036.000000,1036.000000,1036.000000,250.000000
2016-12-12,1036.000000,1039.000000,1034.000000,1039.000000,5275.000000
2016-12-13,1035.000000,1038.000000,1035.000000,1037.000000,4950.000000
2016-12-14,1035.000000,1035.000000,1022.000000,1022.000000,30180.000000
2016-12-20,1023.000000,1023.000000,1021.000000,1021.000000,700.000000
2016-12-23,1035.000000,1035.000000,1035.000000,1035.000000,70.000000
2016-12-27,1034.000000,1035.000000,1034.000000,1035.000000,2500.000000
2016-12-28,1030.000000,1030.000000,1028.000000,1028.000000,12700.000000
2017-01-04,1026.000000,1028.000000,1026.000000,1028.000000,140.000000
2017-01-06,1037.000000,1037.000000,1013.000000,1013.000000,1015.000000
2017-01-12,1036.000000,1036.000000,1036.000000,1036.000000,25.000000
2017-01-13,1030.000000,1030.000000,1030.000000,1030.000000,20000.000000
2017-01-16,1030.000000,1030.000000,1030.000000,1030.000000,4080.000000
2017-01-23,1016.000000,1016.000000,1012.000000,1012.000000,1000.000000
2017-01-31,1020.000000,1020.000000,1015.000000,1015.000000,2000.000000
2017-02-01,1020.000000,1020.000000,1020.000000,1020.000000,50.000000
2017-02-02,1017.000000,1020.000000,1017.000000,1020.000000,10250.000000
2017-02-03,1020.000000,1020.000000,1020.000000,1020.000000,2150.000000
2017-02-07,1020.000000,1020.000000,1018.000000,1020.000000,6850.000000
2017-02-08,1020.000000,1020.000000,1019.000000,1020.000000,330.000000
2017-02-10,1025.000000,1025.000000,1020.000000,1025.000000,1520.000000
2017-02-13,1025.000000,1025.000000,1025.000000,1025.000000,1890.000000
2017-02-14,1030.000000,1030.000000,1030.000000,1030.000000,6965.000000
2017-02-15,1020.000000,1020.000000,1020.000000,1020.000000,100.000000
2017-02-16,1020.000000,1020.000000,1020.000000,1020.000000,10.000000
2017-02-17,1017.000000,1022.000000,1017.000000,1020.000000,1500.000000
2017-02-20,1016.000000,1016.000000,1016.000000,1016.000000,1000.000000
2017-02-21,1014.000000,1014.000000,1014.000000,1014.000000,500.000000
2017-02-22,1013.000000,1013.000000,1012.000000,1012.000000,5000.000000
2017-02-23,1013.000000,1013.000000,1013.000000,1013.000000,3000.000000
2017-02-24,1018.000000,1018.000000,1011.000000,1011.000000,500.000000
2017-02-27,1011.000000,1011.000000,1010.000000,1010.000000,1500.000000
2017-02-28,1010.000000,1016.000000,1010.000000,1016.000000,10040.000000
2017-03-01,1021.000000,1021.000000,1020.000000,1020.000000,1060.000000
2017-03-02,1020.000000,1021.000000,1020.000000,1020.000000,1600.000000
2017-03-03,1020.000000,1020.000000,1020.000000,1020.000000,320.000000
2017-03-06,1020.000000,1020.000000,1020.000000,1020.000000,5005.000000
2017-03-10,1018.000000,1018.000000,1018.000000,1018.000000,60.000000
2017-03-14,1019.000000,1020.000000,1019.000000,1019.000000,3090.000000
2017-03-17,1019.000000,1019.000000,1018.000000,1018.000000,7900.000000
2017-03-20,1019.000000,1020.000000,1018.000000,1020.000000,6040.000000
2017-03-21,1020.000000,1020.000000,1020.000000,1020.000000,730.000000
2017-03-22,1019.000000,1020.000000,1019.000000,1019.000000,2150.000000
2017-03-23,1019.000000,1019.000000,1019.000000,1019.000000,11450.000000
2017-03-24,1019.000000,1020.000000,1019.000000,1019.000000,5000.000000
2017-03-27,1020.000000,1020.000000,1019.000000,1019.000000,3735.000000
2017-03-28,1020.000000,1020.000000,1019.000000,1020.000000,3960.000000
2017-03-29,1020.000000,1020.000000,1019.000000,1019.000000,1555.000000
2017-03-30,1020.000000,1020.000000,1019.000000,1019.000000,4445.000000
2017-04-03,1019.000000,1019.000000,1019.000000,1019.000000,1000.000000
2017-04-04,1020.000000,1020.000000,1019.000000,1019.000000,1020.000000
2017-04-10,1020.000000,1020.000000,1020.000000,1020.000000,3550.000000
2017-04-12,1020.000000,1020.000000,1020.000000,1020.000000,1000.000000
2017-04-20,1020.000000,1020.000000,1020.000000,1020.000000,250.000000
2017-04-21,1020.000000,1020.000000,1020.000000,1020.000000,150.000000
2017-04-24,1020.000000,1021.000000,1020.000000,1020.000000,15605.000000
2017-04-25,1019.000000,1020.000000,1019.000000,1020.000000,2720.000000
2017-04-27,1019.000000,1019.000000,1019.000000,1019.000000,22500.000000
2017-05-02,1020.000000,1020.000000,1020.000000,1020.000000,105.000000
2017-05-03,1019.000000,1019.000000,1019.000000,1019.000000,20.000000
2017-05-04,1019.000000,1019.000000,1018.000000,1019.000000,1795.000000
2017-05-05,1019.000000,1020.000000,1018.000000,1019.000000,1535.000000
2017-05-09,1020.000000,1020.000000,1019.000000,1019.000000,200.000000
2017-05-10,1025.000000,1025.000000,1019.000000,1019.000000,2200.000000
2017-05-11,1019.000000,1020.000000,1019.000000,1019.000000,2850.000000
2017-05-12,1020.000000,1020.000000,1020.000000,1020.000000,200.000000
2017-05-16,1020.000000,1025.000000,1020.000000,1025.000000,1200.000000
2017-05-17,1019.000000,1019.000000,1019.000000,1019.000000,1375.000000
2017-05-19,1019.000000,1019.000000,1019.000000,1019.000000,485.000000
2017-05-22,1019.000000,1020.000000,1019.000000,1019.000000,590.000000
2017-05-23,1019.000000,1019.000000,1019.000000,1019.000000,150.000000
2017-05-24,1019.000000,1019.000000,1017.000000,1017.000000,665.000000
2017-05-25,1016.000000,1016.000000,1016.000000,1016.000000,100.000000
2017-05-30,1019.000000,1019.000000,1015.000000,1015.000000,330.000000
2017-05-31,1017.000000,1017.000000,1008.000000,1008.000000,1225.000000
2017-06-01,1012.000000,1012.000000,1012.000000,1012.000000,115.000000
2017-06-02,1012.000000,1012.000000,1012.000000,1012.000000,1495.000000
2017-06-05,1012.000000,1016.000000,1012.000000,1016.000000,2660.000000
2017-06-07,1015.000000,1015.000000,1012.000000,1015.000000,5590.000000
2017-06-08,1012.000000,1015.000000,1012.000000,1015.000000,290.000000
2017-06-09,1013.000000,1013.000000,1012.000000,1012.000000,105.000000
2017-06-13,1012.000000,1012.000000,1010.000000,1010.000000,3815.000000
2017-06-14,1011.000000,1011.000000,1009.000000,1009.000000,1400.000000
2017-06-15,1011.000000,1011.000000,1009.000000,1010.000000,790.000000
2017-06-16,1010.000000,1012.000000,1010.000000,1012.000000,46060.000000
2017-06-19,1010.000000,1015.000000,1010.000000,1015.000000,3435.000000
2017-06-20,1014.000000,1014.000000,1014.000000,1014.000000,980.000000
2017-06-21,1015.000000,1015.000000,1013.000000,1013.000000,5025.000000
2017-06-22,1013.000000,1013.000000,1013.000000,1013.000000,330.000000
2017-06-23,1013.000000,1013.000000,1013.000000,1013.000000,1200.000000
2017-06-27,1013.000000,1013.000000,1013.000000,1013.000000,1570.000000
2017-06-28,1013.000000,1015.000000,1013.000000,1013.000000,440.000000
2017-06-29,1013.000000,1013.000000,1013.000000,1013.000000,305.000000
2017-06-30,1015.000000,1017.000000,1015.000000,1017.000000,2695.000000
2017-07-04,1017.000000,1017.000000,1016.000000,1016.000000,165.000000
2017-07-05,1018.000000,1018.000000,1015.000000,1015.000000,5010.000000
2017-07-06,1015.000000,1015.000000,1015.000000,1015.000000,700.000000
2017-07-07,1016.000000,1016.000000,1016.000000,1016.000000,2000.000000
2017-07-10,1015.000000,1015.000000,1015.000000,1015.000000,250.000000
2017-07-11,1018.000000,1018.000000,1018.000000,1018.000000,1990.000000
2017-07-12,1019.000000,1019.000000,1019.000000,1019.000000,3165.000000
2017-07-13,1015.000000,1015.000000,1015.000000,1015.000000,500.000000
2017-07-14,1020.000000,1020.000000,1015.000000,1015.000000,1905.000000
2017-07-19,1020.000000,1020.000000,1016.000000,1020.000000,4700.000000
2017-07-20,1015.000000,1015.000000,1015.000000,1015.000000,1700.000000
2017-07-24,1020.000000,1020.000000,1020.000000,1020.000000,10.000000
2017-07-25,1019.000000,1019.000000,1019.000000,1019.000000,100.000000
2017-07-28,1015.000000,1018.000000,1012.000000,1018.000000,2040.000000
2017-07-31,1012.000000,1012.000000,1010.000000,1010.000000,2710.000000
2017-08-01,1011.000000,1020.000000,1011.000000,1011.000000,2150.000000
2017-08-02,1013.000000,1013.000000,1013.000000,1013.000000,370.000000
2017-08-03,1013.000000,1013.000000,1013.000000,1013.000000,500.000000
2017-08-07,1013.000000,1013.000000,1013.000000,1013.000000,50.000000
2017-08-08,1013.000000,1020.000000,1013.000000,1020.000000,2790.000000
2017-08-09,1014.000000,1014.000000,1012.000000,1012.000000,1200.000000
2017-08-10,1015.000000,1015.000000,1015.000000,1015.000000,6530.000000
2017-08-11,1015.000000,1015.000000,1015.000000,1015.000000,300.000000
2017-08-15,1016.000000,1016.000000,1016.000000,1016.000000,50.000000
2017-08-16,1016.000000,1016.000000,1015.000000,1015.000000,1000.000000
2017-08-17,1020.000000,1020.000000,1020.000000,1020.000000,600.000000
2017-08-18,1015.000000,1015.000000,1015.000000,1015.000000,1090.000000
2017-08-23,1015.000000,1015.000000,1015.000000,1015.000000,50.000000
2017-08-24,1015.000000,1016.000000,1015.000000,1016.000000,1065.000000
2017-08-29,1016.000000,1016.000000,1016.000000,1016.000000,5.000000
2017-08-30,1016.000000,1016.000000,1016.000000,1016.000000,80.000000
2017-08-31,1016.000000,1016.000000,1016.000000,1016.000000,965.000000
2017-09-04,1015.000000,1015.000000,1013.000000,1013.000000,2180.000000
2017-09-05,1020.000000,1020.000000,1020.000000,1020.000000,10.000000
2017-09-06,1015.000000,1015.000000,1015.000000,1015.000000,5.000000
2017-09-08,1012.000000,1012.000000,1012.000000,1012.000000,730.000000
2017-09-11,1015.000000,1015.000000,1015.000000,1015.000000,2120.000000
2017-09-13,1016.000000,1020.000000,1016.000000,1020.000000,5180.000000
2017-09-14,1018.000000,1025.000000,1018.000000,1025.000000,1400.000000
2017-09-15,1020.000000,1025.000000,1020.000000,1025.000000,2000.000000
2017-09-18,1012.000000,1012.000000,1012.000000,1012.000000,50.000000
2017-09-20,1016.000000,1016.000000,1016.000000,1016.000000,30.000000
2017-09-21,1016.000000,1025.000000,1016.000000,1025.000000,5730.000000
2017-09-25,1016.000000,1016.000000,1015.000000,1015.000000,2600.000000
2017-09-27,1015.000000,1015.000000,1013.000000,1013.000000,1500.000000
2017-09-28,1015.000000,1016.000000,1015.000000,1016.000000,2060.000000
2017-10-02,1016.000000,1016.000000,1012.000000,1012.000000,2040.000000
2017-10-04,1016.000000,1016.000000,1014.000000,1014.000000,7450.000000
2017-10-05,1014.000000,1014.000000,1014.000000,1014.000000,690.000000
2017-10-10,1020.000000,1020.000000,1016.000000,1016.000000,940.000000
2017-10-11,1016.000000,1016.000000,1016.000000,1016.000000,200.000000
2017-10-13,1018.000000,1018.000000,1018.000000,1018.000000,270.000000
2017-10-17,1016.000000,1018.000000,1011.000000,1017.000000,3460.000000
2017-10-18,1014.000000,1014.000000,1011.000000,1012.000000,5855.000000
2017-10-19,1012.000000,1012.000000,1012.000000,1012.000000,320.000000
2017-10-20,1012.000000,1013.000000,1012.000000,1013.000000,850.000000
2017-10-23,1013.000000,1013.000000,1012.000000,1012.000000,2630.000000
2017-10-24,1012.000000,1012.000000,1006.000000,1007.000000,5200.000000
2017-10-25,1008.000000,1011.000000,1006.000000,1011.000000,1320.000000
2017-10-26,1008.000000,1008.000000,1006.000000,1007.000000,2490.000000
2017-11-03,1009.000000,1009.000000,1007.000000,1007.000000,1000.000000
2017-11-06,1008.000000,1008.000000,1007.000000,1007.000000,830.000000
2017-11-07,1009.000000,1009.000000,1007.000000,1007.000000,115.000000
2017-11-08,1010.000000,1010.000000,1010.000000,1010.000000,75.000000
2017-11-10,1011.000000,1011.000000,1005.000000,1007.000000,37530.000000
2017-11-15,1018.000000,1018.000000,1018.000000,1018.000000,880.000000
2017-11-16,1008.000000,1010.000000,1007.000000,1010.000000,2745.000000
2017-11-20,1018.000000,1018.000000,1018.000000,1018.000000,140.000000
2017-11-21,1018.000000,1018.000000,1018.000000,1018.000000,15980.000000
2017-11-22,1018.000000,1020.000000,1018.000000,1019.000000,3420.000000
2017-11-23,1010.000000,1010.000000,1010.000000,1010.000000,6000.000000
2017-11-24,1003.000000,1003.000000,1001.000000,1002.000000,12625.000000
2017-11-28,1010.000000,1010.000000,1001.000000,1001.000000,3300.000000
2017-11-29,1002.000000,1005.000000,1002.000000,1002.000000,2770.000000
2017-12-01,1005.000000,1005.000000,1005.000000,1005.000000,530.000000
2017-12-07,1004.000000,1004.000000,1002.000000,1002.000000,460.000000
2017-12-11,1002.000000,1002.000000,1001.000000,1002.000000,900.000000
2017-12-12,1003.000000,1003.000000,1003.000000,1003.000000,50.000000
2017-12-13,1003.000000,1003.000000,1002.000000,1003.000000,1750.000000
2017-12-14,1003.000000,1003.000000,1003.000000,1003.000000,200.000000
2017-12-15,1004.000000,1004.000000,1003.000000,1004.000000,85.000000
2017-12-18,1004.000000,1004.000000,1004.000000,1004.000000,55.000000
2017-12-19,1003.000000,1003.000000,1002.000000,1003.000000,615.000000
2017-12-20,1003.000000,1003.000000,1003.000000,1003.000000,100.000000
2017-12-21,1002.000000,1003.000000,1001.000000,1001.000000,6135.000000
2017-12-22,1002.000000,1002.000000,1000.000000,1000.000000,3100.000000
2017-12-27,1004.000000,1004.000000,1004.000000,1004.000000,50.000000
2017-12-28,1000.000000,1000.000000,1000.000000,1000.000000,50.000000
2017-12-29,1000.000000,1000.000000,1000.000000,1000.000000,50.000000
2018-01-03,1004.000000,1005.000000,1000.000000,1000.000000,2860.000000
2018-01-04,1005.000000,1005.000000,1003.000000,1005.000000,1120.000000
2018-01-05,1005.000000,1005.000000,1002.000000,1002.000000,10105.000000
2018-01-08,1003.000000,1003.000000,1003.000000,1003.000000,150.000000
2018-01-10,1005.000000,1005.000000,1002.000000,1002.000000,60.000000
2018-01-11,1003.000000,1003.000000,1000.000000,1000.000000,5310.000000
2018-01-16,1005.000000,1005.000000,1002.000000,1002.000000,1085.000000
2018-01-17,1002.000000,1002.000000,1000.000000,1000.000000,7245.000000
2018-01-19,1001.000000,1005.000000,1000.000000,1005.000000,605.000000
2018-01-24,1002.000000,1002.000000,1002.000000,1002.000000,100.000000
2018-01-25,1005.000000,1009.000000,1005.000000,1009.000000,12900.000000
2018-01-26,1002.000000,1002.000000,1000.000000,1000.000000,1500.000000
2018-01-30,1002.000000,1002.000000,1002.000000,1002.000000,700.000000
2018-02-01,1002.000000,1002.000000,1002.000000,1002.000000,340.000000
2018-02-02,1005.000000,1005.000000,1002.000000,1002.000000,2250.000000
2018-02-05,1003.000000,1003.000000,1002.000000,1002.000000,905.000000
2018-02-06,1003.000000,1004.000000,1000.000000,1000.000000,1655.000000
2018-02-07,1000.000000,1002.000000,1000.000000,1001.000000,3395.000000
2018-02-08,1001.000000,1002.000000,1001.000000,1001.000000,630.000000
2018-02-09,1005.000000,1009.000000,1001.000000,1001.000000,3480.000000
2018-02-12,1007.000000,1007.000000,1000.000000,1001.000000,7160.000000
2018-02-13,1000.000000,1000.000000,1000.000000,1000.000000,1035.000000
2018-02-14,998.000000,1000.000000,998.000000,1000.000000,170.000000
2018-02-15,1000.000000,1000.000000,998.000000,998.000000,2095.000000
2018-02-20,998.000000,1000.000000,998.000000,1000.000000,250.000000
2018-02-21,1000.000000,1000.000000,999.000000,999.000000,2400.000000
2018-02-22,957.000000,990.000000,957.000000,990.000000,100.000000
2018-02-23,1000.000000,1000.000000,1000.000000,1000.000000,810.000000
2018-02-26,990.000000,990.000000,990.000000,990.000000,1070.000000
2018-02-27,991.000000,991.000000,990.000000,990.000000,1000.000000
2018-02-28,990.000000,990.000000,990.000000,990.000000,2120.000000
2018-03-01,990.000000,1000.000000,990.000000,1000.000000,1780.000000
2018-03-05,980.000000,990.000000,980.000000,990.000000,55.000000
2018-03-06,990.000000,990.000000,990.000000,990.000000,50.000000
2018-03-09,990.000000,999.000000,990.000000,999.000000,60.000000
2018-03-13,991.000000,991.000000,991.000000,991.000000,450.000000
2018-03-14,992.000000,992.000000,990.000000,990.000000,1000.000000
2018-03-15,990.000000,990.000000,980.000000,980.000000,2740.000000
2018-03-16,982.000000,982.000000,982.000000,982.000000,600.000000
2018-03-19,1000.000000,1009.000000,1000.000000,1000.000000,500.000000
2018-03-20,1005.000000,1009.000000,1005.000000,1009.000000,2245.000000
2018-03-21,1000.000000,1000.000000,1000.000000,1000.000000,310.000000
2018-03-22,1000.000000,1000.000000,1000.000000,1000.000000,40090.000000
2018-03-23,983.000000,983.000000,983.000000,983.000000,1000.000000
2018-03-27,986.000000,990.000000,986.000000,990.000000,2000.000000
2018-03-28,1000.000000,1000.000000,1000.000000,1000.000000,100.000000
2018-04-02,992.000000,992.000000,992.000000,992.000000,10.000000
2018-04-03,980.000000,980.000000,980.000000,980.000000,7660.000000
2018-04-05,1000.000000,1009.000000,982.000000,982.000000,4000.000000
2018-04-06,981.000000,981.000000,980.000000,980.000000,16000.000000
2018-04-10,980.000000,980.000000,980.000000,980.000000,880.000000
2018-04-11,981.000000,981.000000,980.000000,980.000000,1300.000000
2018-04-12,980.000000,981.000000,980.000000,980.000000,2880.000000
2018-04-13,980.000000,980.000000,980.000000,980.000000,1880.000000
2018-04-16,980.000000,980.000000,980.000000,980.000000,1530.000000
2018-04-17,980.000000,980.000000,980.000000,980.000000,1710.000000
2018-04-18,980.000000,988.000000,920.000000,970.000000,2960.000000
2018-04-19,980.000000,980.000000,980.000000,980.000000,60.000000
2018-04-20,975.000000,975.000000,970.000000,970.000000,1000.000000
2018-04-23,970.000000,970.000000,968.000000,968.000000,1050.000000
2018-04-24,975.000000,975.000000,975.000000,975.000000,10000.000000
2018-04-25,975.000000,975.000000,975.000000,975.000000,250.000000
2018-04-26,995.000000,995.000000,995.000000,995.000000,140.000000
2018-04-27,975.000000,975.000000,966.000000,966.000000,2910.000000
2018-04-30,990.000000,990.000000,990.000000,990.000000,200.000000
2018-05-02,985.000000,990.000000,985.000000,990.000000,3350.000000
2018-05-03,995.000000,995.000000,995.000000,995.000000,720.000000
2018-05-04,995.000000,998.500000,985.000000,985.000000,4380.000000
2018-05-08,980.000000,990.000000,980.000000,990.000000,70.000000
2018-05-09,980.000000,980.000000,975.000000,975.000000,300.000000
2018-05-10,990.000000,990.000000,975.000000,975.000000,450.000000
2018-05-11,975.000000,975.000000,975.000000,975.000000,600.000000
2018-05-15,985.000000,985.000000,976.000000,976.000000,210.000000
2018-05-17,976.000000,985.000000,970.000000,985.000000,1950.000000
2018-05-18,990.000000,990.000000,990.000000,990.000000,60.000000
2018-05-22,990.000000,990.000000,990.000000,990.000000,1000.000000
2018-05-24,990.000000,990.000000,990.000000,990.000000,400.000000
2018-05-25,980.000000,980.000000,975.000000,975.000000,5000.000000
2018-05-28,970.000000,975.000000,969.000000,970.000000,550.000000
2018-05-30,993.000000,993.000000,993.000000,993.000000,50.000000
2018-05-31,993.000000,993.000000,993.000000,993.000000,100.000000
2018-06-04,992.000000,992.000000,992.000000,992.000000,5500.000000
2018-06-05,975.000000,975.000000,968.500000,968.500000,1500.000000
2018-06-08,970.000000,970.000000,970.000000,970.000000,9100.000000
2018-06-14,975.000000,978.000000,975.000000,978.000000,10870.000000
2018-06-19,977.000000,977.000000,968.500000,968.500000,1080.000000
2018-06-20,975.000000,978.000000,975.000000,978.000000,8100.000000
2018-06-21,978.000000,983.000000,978.000000,983.000000,6140.000000
2018-06-22,983.000000,990.000000,983.000000,990.000000,2200.000000
2018-06-25,990.000000,995.000000,990.000000,995.000000,1000.000000
2018-06-26,978.000000,995.000000,975.000000,995.000000,2100.000000
2018-06-27,980.000000,999.500000,980.000000,999.500000,5600.000000
2018-06-28,1000.000000,1000.000000,1000.000000,1000.000000,500.000000
2018-06-29,995.000000,1000.000000,995.000000,1000.000000,3000.000000
2018-07-02,999.000000,1000.000000,999.000000,999.000000,20900.000000
2018-07-03,999.000000,999.000000,999.000000,999.000000,1370.000000
2018-07-04,1000.000000,1000.000000,1000.000000,1000.000000,1010.000000
2018-07-05,986.000000,986.000000,985.000000,985.000000,210.000000
2018-07-23,985.000000,985.000000,985.000000,985.000000,200.000000
2018-07-24,975.000000,1000.000000,975.000000,1000.000000,2230.000000
2018-07-25,990.000000,1000.000000,980.000000,1000.000000,17000.000000
2018-07-26,976.000000,1000.000000,975.000000,976.000000,7490.000000
2018-07-30,977.000000,1000.000000,977.000000,1000.000000,15580.000000
2018-07-31,1000.000000,1000.000000,980.000000,1000.000000,1630.000000
2018-08-01,1000.000000,1000.000000,980.000000,980.000000,5060.000000
2018-08-02,980.000000,990.000000,980.000000,985.500000,3630.000000
2018-08-03,990.000000,1000.000000,990.000000,1000.000000,1100.000000
2018-08-06,999.000000,1000.000000,985.000000,1000.000000,1070.000000
2018-08-09,1000.000000,1000.000000,1000.000000,1000.000000,10.000000
2018-08-13,985.500000,1000.000000,980.000000,1000.000000,2140.000000
2018-08-14,1000.000000,1000.000000,1000.000000,1000.000000,60.000000
2018-08-15,980.000000,1000.000000,980.000000,1000.000000,2110.000000
2018-08-17,988.000000,1000.000000,985.000000,1000.000000,1280.000000
2018-08-22,985.000000,985.000000,985.000000,985.000000,10.000000
2018-08-23,990.000000,1000.000000,990.000000,1000.000000,7750.000000
2018-08-24,986.000000,1000.000000,985.000000,1000.000000,1660.000000
2018-08-29,999.000000,1000.000000,999.000000,1000.000000,3200.000000
2018-08-30,999.000000,1000.000000,999.000000,1000.000000,1005.000000
2018-08-31,986.000000,1000.000000,986.000000,1000.000000,1050.000000
2018-09-03,1000.000000,1000.000000,990.000000,1000.000000,3200.000000
2018-09-04,986.000000,1000.000000,985.000000,1000.000000,2000.000000
2018-09-05,990.000000,1000.000000,990.000000,1000.000000,1890.000000
2018-09-07,986.000000,1000.000000,986.000000,1000.000000,400.000000
2018-09-12,986.000000,1000.000000,986.000000,1000.000000,450.000000
2018-09-13,1000.000000,1000.000000,1000.000000,1000.000000,40.000000
2018-09-17,986.000000,1000.000000,985.000000,1000.000000,2650.000000
2018-09-21,988.000000,1000.000000,988.000000,1000.000000,6700.000000
2018-09-25,999.000000,1000.000000,980.000000,1000.000000,12150.000000
2018-09-26,1000.000000,1000.000000,1000.000000,1000.000000,5.000000
2018-09-27,1000.000000,1000.000000,982.000000,1000.000000,365.000000
2018-09-28,1000.000000,1000.000000,1000.000000,1000.000000,300.000000
2018-10-01,981.000000,999.500000,981.000000,999.500000,2050.000000
2018-10-02,995.000000,1000.000000,995.000000,1000.000000,2620.000000
2018-10-03,1000.000000,1000.000000,981.000000,1000.000000,1380.000000
2018-10-04,981.000000,1000.000000,981.000000,1000.000000,4830.000000
2018-10-05,983.000000,999.000000,983.000000,999.000000,3300.000000
2018-10-08,983.000000,1000.000000,983.000000,1000.000000,7240.000000
2018-10-09,990.000000,1000.000000,990.000000,1000.000000,1800.000000
2018-10-10,988.000000,1000.000000,981.000000,1000.000000,1965.000000
2018-10-11,999.000000,1000.000000,990.000000,1000.000000,1350.000000
2018-10-12,1000.000000,1000.000000,997.000000,1000.000000,2105.000000
2018-10-15,1000.000000,1000.000000,1000.000000,1000.000000,100.000000
2018-10-16,999.000000,1000.000000,999.000000,1000.000000,500.000000
2018-10-17,1000.000000,1000.000000,1000.000000,1000.000000,2200.000000
2018-10-18,982.000000,1000.000000,982.000000,1000.000000,205.000000
2018-10-19,1000.000000,1000.000000,1000.000000,1000.000000,1150.000000
2018-10-22,995.000000,1000.000000,995.000000,1000.000000,3690.000000
2018-10-24,983.000000,1000.000000,975.000000,1000.000000,2650.000000
2018-10-25,976.000000,1000.000000,976.000000,1000.000000,5900.000000
2018-10-26,976.000000,1000.000000,976.000000,1000.000000,1130.000000
2018-10-29,1000.000000,1000.000000,970.000000,1000.000000,3635.000000
2018-10-30,1000.000000,1000.000000,1000.000000,1000.000000,80.000000
2018-10-31,1000.000000,1000.000000,1000.000000,1000.000000,2100.000000
2018-11-07,980.000000,999.000000,979.000000,999.000000,3220.000000
2018-11-09,972.500000,998.500000,972.500000,998.500000,60.000000
2018-11-12,970.000000,997.500000,970.000000,997.500000,510.000000
2018-11-13,970.500000,970.500000,970.000000,970.000000,980.000000
2018-11-19,969.000000,969.000000,969.000000,969.000000,5000.000000
2018-11-20,990.000000,990.000000,990.000000,990.000000,150.000000
2018-11-22,969.000000,999.500000,968.500000,999.500000,4050.000000
2018-11-26,970.000000,998.000000,968.500000,998.000000,1810.000000
2018-11-29,980.000000,998.000000,980.000000,998.000000,510.000000
2018-12-04,970.000000,998.000000,970.000000,998.000000,60.000000
2018-12-10,997.500000,997.500000,997.500000,997.500000,10.000000
2018-12-14,970.000000,995.000000,968.500000,995.000000,2190.000000
2018-12-17,995.000000,995.000000,995.000000,995.000000,300.000000
2018-12-19,990.000000,990.000000,990.000000,990.000000,100.000000
2018-12-28,980.000000,997.000000,980.000000,997.000000,1000.000000
2019-01-03,971.000000,997.000000,971.000000,997.000000,320.000000
2019-01-04,971.000000,997.000000,971.000000,997.000000,100.000000
2019-01-07,971.500000,971.500000,970.000000,971.000000,1140.000000
2019-01-08,971.000000,971.000000,970.000000,971.000000,5550.000000
2019-01-09,971.000000,971.000000,971.000000,971.000000,5950.000000
2019-01-10,971.000000,971.000000,970.000000,970.000000,4000.000000
2019-01-15,990.000000,990.000000,990.000000,990.000000,10.000000
2019-01-16,970.000000,986.000000,968.500000,986.000000,3510.000000
2019-01-17,972.000000,973.000000,972.000000,973.000000,800.000000
2019-01-18,975.000000,975.000000,974.000000,974.000000,300.000000
2019-01-21,970.000000,971.000000,970.000000,971.000000,1540.000000
2019-01-22,971.000000,971.000000,971.000000,971.000000,100.000000
2019-01-23,971.000000,971.000000,971.000000,971.000000,200.000000
2019-01-24,972.000000,972.000000,972.000000,972.000000,200.000000
2019-01-25,980.000000,980.000000,980.000000,980.000000,1200.000000
2019-01-29,982.000000,983.000000,969.000000,969.000000,11340.000000
2019-01-30,989.000000,989.000000,989.000000,989.000000,10.000000
2019-01-31,985.000000,985.000000,985.000000,985.000000,3090.000000
2019-02-01,990.000000,990.000000,990.000000,990.000000,10.000000
2019-02-04,992.000000,992.000000,992.000000,992.000000,20.000000
2019-02-07,992.000000,992.000000,992.000000,992.000000,40.000000
2019-02-08,990.000000,990.000000,990.000000,990.000000,220.000000
2019-02-11,990.000000,991.000000,990.000000,991.000000,1980.000000
2019-02-12,992.000000,993.500000,991.000000,993.500000,13000.000000
2019-02-13,994.000000,994.000000,993.000000,993.000000,20.000000
2019-02-14,991.000000,991.000000,991.000000,991.000000,2000.000000
2019-02-15,991.000000,991.000000,991.000000,991.000000,9590.000000
2019-02-18,991.000000,991.000000,991.000000,991.000000,10.000000
2019-02-19,962.000000,965.000000,962.000000,965.000000,500.000000
2019-02-20,990.000000,990.000000,990.000000,990.000000,10.000000
2019-02-21,989.000000,990.000000,980.000000,980.000000,5670.000000
2019-02-22,981.000000,981.000000,980.000000,980.000000,1310.000000
2019-02-27,980.000000,980.000000,980.000000,980.000000,50.000000
2019-02-28,970.000000,970.000000,966.000000,966.000000,50.000000
2019-03-04,970.000000,970.000000,966.000000,966.000000,1990.000000
2019-03-05,975.000000,975.000000,975.000000,975.000000,1940.000000
2019-03-08,970.500000,970.500000,970.000000,970.000000,300.000000
2019-03-11,980.000000,980.000000,980.000000,980.000000,20.000000
2019-03-12,980.000000,980.000000,980.000000,980.000000,40.000000
2019-03-13,973.000000,973.000000,971.000000,971.000000,1000.000000
2019-03-14,971.000000,971.000000,971.000000,971.000000,190.000000
2019-03-15,975.000000,975.000000,971.500000,971.500000,30.000000
2019-03-18,971.500000,980.000000,971.500000,980.000000,1830.000000
2019-03-20,975.000000,980.000000,975.000000,980.000000,3050.000000
2019-03-21,980.000000,980.000000,980.000000,980.000000,1090.000000
2019-03-22,980.000000,980.000000,980.000000,980.000000,510.000000
2019-03-25,980.000000,980.000000,980.000000,980.000000,410.000000
2019-03-26,975.000000,980.000000,975.000000,975.000000,1940.000000
2019-03-27,975.000000,975.000000,966.000000,967.000000,7000.000000
2019-03-29,980.000000,980.000000,980.000000,980.000000,1590.000000
2019-04-01,972.000000,972.000000,969.000000,969.000000,90.000000
2019-04-04,979.000000,979.000000,979.000000,979.000000,50.000000
2019-04-05,970.500000,971.000000,970.000000,971.000000,1030.000000
2019-04-08,980.000000,981.000000,980.000000,981.000000,100.000000
2019-04-11,980.000000,980.500000,980.000000,980.000000,180.000000
2019-04-12,980.000000,980.000000,980.000000,980.000000,50.000000
2019-04-15,975.000000,975.000000,970.000000,970.000000,980.000000
2019-04-16,971.000000,971.500000,970.000000,971.000000,800.000000
2019-04-22,971.000000,971.000000,970.500000,971.000000,1090.000000
2019-04-24,975.000000,975.000000,975.000000,975.000000,50.000000
2019-04-25,975.000000,975.000000,975.000000,975.000000,1070.000000
2019-04-26,980.000000,980.000000,970.000000,970.000000,840.000000
2019-04-29,975.000000,975.000000,970.000000,975.000000,13210.000000
2019-04-30,975.000000,975.000000,974.000000,974.000000,2410.000000
2019-05-02,969.000000,969.000000,969.000000,969.000000,130.000000
2019-05-03,969.500000,970.000000,966.000000,966.000000,3220.000000
2019-05-08,967.000000,975.000000,966.000000,975.000000,570.000000
2019-05-09,975.000000,975.000000,975.000000,975.000000,2780.000000
2019-05-10,975.000000,975.000000,975.000000,975.000000,6710.000000
2019-05-14,975.000000,975.000000,962.000000,975.000000,5300.000000
2019-05-15,975.000000,975.000000,975.000000,975.000000,170.000000
2019-05-16,975.000000,975.000000,975.000000,975.000000,13590.000000
2019-05-17,975.000000,975.000000,975.000000,975.000000,90.000000
2019-05-22,970.000000,970.000000,970.000000,970.000000,100.000000
2019-05-23,985.000000,985.000000,985.000000,985.000000,2600.000000
2019-05-24,970.000000,970.000000,970.000000,970.000000,1530.000000
2019-05-27,980.000000,980.000000,980.000000,980.000000,120.000000
2019-05-28,970.000000,970.000000,970.000000,970.000000,480.000000
2019-05-29,970.000000,970.000000,970.000000,970.000000,10.000000
2019-06-03,970.500000,970.500000,962.000000,962.000000,1000.000000
2019-06-04,970.000000,970.000000,963.000000,963.000000,1650.000000
2019-06-06,975.000000,975.000000,974.500000,974.500000,20.000000
2019-06-07,974.500000,975.000000,963.500000,975.000000,1610.000000
2019-06-14,970.000000,970.000000,962.000000,962.000000,3040.000000
2019-06-17,963.000000,965.000000,929.500000,965.000000,1880.000000
2019-06-18,963.000000,975.000000,960.000000,963.000000,2840.000000
2019-06-20,975.000000,975.000000,975.000000,975.000000,40.000000
2019-06-21,963.000000,963.000000,963.000000,963.000000,700.000000
2019-06-24,965.000000,965.000000,963.000000,963.000000,50.000000
2019-06-25,963.000000,963.000000,963.000000,963.000000,40.000000
2019-06-26,963.000000,964.000000,963.000000,963.000000,6230.000000
2019-06-27,963.000000,963.000000,963.000000,963.000000,150000.000000
2019-06-28,961.000000,961.000000,960.000000,960.000000,2100.000000
2019-07-01,960.500000,960.500000,960.000000,960.000000,50.000000
2019-07-03,960.000000,960.000000,960.000000,960.000000,690.000000
2019-07-04,975.000000,975.000000,965.000000,965.000000,9260.000000
2019-07-05,965.000000,965.000000,960.000000,965.000000,8300.000000
2019-07-08,965.000000,965.000000,965.000000,965.000000,10000.000000
2019-07-09,965.000000,970.000000,965.000000,970.000000,12370.000000
2019-07-10,970.000000,980.000000,970.000000,980.000000,850.000000
2019-07-11,980.000000,990.000000,975.000000,990.000000,3550.000000
2019-07-12,990.000000,1000.000000,990.000000,990.000000,6270.000000
2019-07-16,975.000000,985.000000,975.000000,985.000000,100.000000
2019-07-18,988.000000,990.000000,988.000000,990.000000,880.000000
2019-07-19,990.000000,990.000000,990.000000,990.000000,10.000000
2019-07-23,980.000000,980.000000,970.000000,970.000000,10300.000000
2019-07-24,989.000000,989.000000,970.500000,970.500000,3510.000000
2019-07-25,980.000000,983.000000,980.000000,983.000000,500.000000
2019-07-26,985.000000,990.000000,985.000000,990.000000,4170.000000
2019-07-29,985.000000,985.000000,985.000000,985.000000,550.000000
2019-07-31,981.000000,983.000000,980.000000,980.000000,10020.000000
2019-08-01,987.000000,995.000000,980.000000,980.000000,7570.000000
2019-08-02,994.000000,995.000000,994.000000,995.000000,50.000000
2019-08-05,981.000000,1000.000000,981.000000,1000.000000,7060.000000
2019-08-06,1030.000000,1030.000000,1030.000000,1030.000000,100.000000
2019-08-07,1010.000000,1010.000000,1010.000000,1010.000000,50.000000
2019-08-08,1005.000000,1010.000000,1005.000000,1010.000000,40.000000
2019-08-09,1010.000000,1010.000000,1010.000000,1010.000000,5.000000
2019-08-13,996.000000,996.000000,996.000000,996.000000,40.000000
2019-08-15,995.000000,1010.000000,995.000000,1008.000000,420.000000
2019-08-16,995.000000,995.000000,995.000000,995.000000,890.000000
2019-08-19,1010.000000,1010.000000,1010.000000,1010.000000,20.000000
2019-08-22,990.000000,990.000000,990.000000,990.000000,3000.000000
2019-08-23,1008.000000,1008.000000,1008.000000,1008.000000,20.000000
2019-08-30,990.000000,990.000000,990.000000,990.000000,10.000000
2019-09-03,990.000000,990.000000,990.000000,990.000000,1110.000000
2019-09-04,990.000000,990.000000,990.000000,990.000000,2110.000000
2019-09-05,990.500000,990.500000,990.000000,990.000000,8800.000000
2019-09-06,990.000000,995.000000,982.000000,995.000000,2700.000000
2019-09-09,995.000000,995.000000,995.000000,995.000000,40.000000
2019-09-10,995.000000,995.000000,995.000000,995.000000,50.000000
2019-09-11,995.000000,995.000000,995.000000,995.000000,2760.000000
2019-09-12,997.500000,997.500000,997.500000,997.500000,710.000000
2019-09-13,997.500000,998.000000,997.500000,998.000000,1000.000000
2019-09-16,997.000000,997.000000,997.000000,997.000000,100.000000
2019-09-17,997.000000,997.000000,997.000000,997.000000,10.000000
2019-09-18,997.000000,998.000000,997.000000,998.000000,1770.000000
2019-09-19,990.000000,990.000000,982.000000,982.000000,50.000000
2019-09-20,982.000000,982.000000,982.000000,982.000000,500.000000
2019-09-23,990.000000,998.000000,990.000000,998.000000,70.000000
2019-09-24,990.000000,990.000000,990.000000,990.000000,600.000000
2019-09-25,990.000000,990.000000,990.000000,990.000000,1500.000000
2019-09-26,998.000000,998.000000,998.000000,998.000000,10.000000
2019-09-27,997.000000,997.000000,995.000000,995.000000,3000.000000
2019-09-30,995.000000,995.000000,995.000000,995.000000,2010.000000
2019-10-01,995.000000,995.000000,995.000000,995.000000,890.000000
2019-10-02,995.000000,995.000000,995.000000,995.000000,5400.000000
2019-10-03,995.500000,995.500000,995.000000,995.000000,2430.000000
2019-10-04,995.000000,995.000000,995.000000,995.000000,40.000000
2019-10-07,995.000000,997.500000,995.000000,997.500000,800.000000
2019-10-08,998.000000,998.000000,998.000000,998.000000,100.000000
2019-10-09,998.000000,998.000000,995.000000,995.000000,2020.000000
2019-10-10,996.000000,996.000000,995.000000,995.000000,600.000000
2019-10-14,995.000000,995.000000,995.000000,995.000000,600.000000
2019-10-15,995.000000,998.000000,995.000000,995.000000,3240.000000
2019-10-16,995.000000,995.500000,995.000000,995.500000,90.000000
2019-10-18,997.000000,997.000000,997.000000,997.000000,30.000000
2019-10-21,995.000000,995.000000,993.000000,993.000000,5690.000000
2019-10-23,993.000000,993.000000,990.000000,990.000000,1000.000000
2019-10-24,990.000000,990.000000,990.000000,990.000000,50.000000
2019-10-25,990.000000,990.000000,990.000000,990.000000,100.000000
2019-10-28,996.000000,996.000000,996.000000,996.000000,270.000000
2019-10-29,991.000000,991.000000,991.000000,991.000000,50.000000
2019-10-30,992.000000,992.000000,992.000000,992.000000,7000.000000
2019-11-05,993.000000,993.000000,993.000000,993.000000,60.000000
2019-11-06,998.000000,998.000000,998.000000,998.000000,660.000000
2019-11-08,999.000000,999.000000,999.000000,999.000000,1530.000000
2019-11-11,999.000000,999.000000,999.000000,999.000000,990.000000
2019-11-12,998.000000,998.000000,998.000000,998.000000,10.000000
2019-11-13,1000.000000,1000.000000,1000.000000,1000.000000,40.000000
2019-11-14,1000.000000,1000.000000,1000.000000,1000.000000,920.000000
2019-11-15,1000.000000,1000.000000,1000.000000,1000.000000,1460.000000
2019-11-18,997.000000,997.000000,982.000000,982.000000,50.000000
2019-11-22,998.000000,998.000000,998.000000,998.000000,20.000000
2019-11-26,971.000000,995.000000,970.000000,995.000000,200.000000
2019-11-28,998.000000,998.000000,998.000000,998.000000,10.000000
2019-12-03,999.000000,999.000000,999.000000,999.000000,4050.000000
2019-12-06,997.500000,997.500000,997.500000,997.500000,50.000000
2019-12-09,997.000000,997.500000,997.000000,997.000000,5400.000000
2019-12-10,997.500000,997.500000,997.500000,997.500000,8000.000000
2019-12-11,997.500000,997.500000,997.000000,997.000000,2800.000000
2019-12-12,997.000000,997.000000,997.000000,997.000000,1120.000000
2019-12-13,997.500000,997.500000,997.500000,997.500000,50.000000
2019-12-16,998.500000,998.500000,997.000000,997.000000,1140.000000
2019-12-17,997.000000,997.000000,997.000000,997.000000,350.000000
2019-12-18,997.000000,997.000000,997.000000,997.000000,90.000000
2019-12-19,997.000000,997.000000,997.000000,997.000000,50.000000
2019-12-20,997.000000,997.000000,997.000000,997.000000,700.000000
2019-12-27,998.500000,998.500000,997.000000,997.000000,80.000000
2020-01-02,997.000000,997.000000,997.000000,997.000000,700.000000
2020-01-03,997.000000,997.000000,997.000000,997.000000,610.000000
2020-01-06,997.000000,997.000000,997.000000,997.000000,2310.000000
2020-01-09,997.000000,997.000000,997.000000,997.000000,740.000000
2020-01-10,998.500000,999.000000,995.000000,995.000000,4540.000000
2020-01-14,985.000000,1000.000000,985.000000,1000.000000,150.000000
2020-01-17,1000.000000,1000.000000,1000.000000,1000.000000,1220.000000
2020-01-20,990.000000,990.000000,990.000000,990.000000,10.000000
2020-01-21,990.000000,990.000000,990.000000,990.000000,60.000000
2020-01-27,990.000000,992.000000,990.000000,990.000000,6290.000000
2020-01-28,990.000000,990.000000,990.000000,990.000000,1000.000000
2020-01-29,995.000000,995.000000,985.000000,985.000000,18760.000000
2020-01-30,990.000000,990.000000,990.000000,990.000000,2600.000000
2020-01-31,990.000000,1000.000000,987.000000,1000.000000,4150.000000
2020-02-03,1000.000000,1000.000000,1000.000000,1000.000000,900.000000
2020-02-05,1000.000000,1000.000000,1000.000000,1000.000000,150.000000
2020-02-06,1000.000000,1000.000000,1000.000000,1000.000000,1010.000000
2020-02-10,1000.000000,1000.000000,1000.000000,1000.000000,850.000000
2020-02-11,1005.000000,1005.000000,1005.000000,1005.000000,50.000000
