2016-10-27,1000.000000,1020.000000,1000.000000,1004.000000,21040.000000
2016-10-28,1013.000000,1013.000000,1005.000000,1005.000000,2085.000000
2016-11-02,1005.000000,1005.000000,1004.000000,1005.000000,650.000000
2016-11-03,1004.000000,1010.000000,1004.000000,1010.000000,1010.000000
2016-11-04,1010.000000,1020.000000,1010.000000,1020.000000,1695.000000
2016-11-07,1018.000000,1020.000000,1018.000000,1020.000000,4820.000000
2016-11-08,1021.000000,1025.000000,1021.000000,1025.000000,3010.000000
2016-11-09,1025.000000,1028.000000,1024.000000,1028.000000,11975.000000
2016-11-10,1023.000000,1023.000000,1023.000000,1023.000000,500.000000
2016-11-11,1025.000000,1025.000000,1025.000000,1025.000000,500.000000
2016-11-14,1022.000000,1022.000000,1022.000000,1022.000000,5000.000000
2016-11-15,1021.000000,1021.000000,1020.000000,1020.000000,1055.000000
2016-11-17,1026.000000,1026.000000,1020.000000,1020.000000,770.000000
2016-11-18,1020.000000,1020.000000,1020.000000,1020.000000,320.000000
2016-11-21,1021.000000,1021.000000,1020.000000,1020.000000,850.000000
2016-11-22,1020.000000,1020.000000,1020.000000,1020.000000,9280.000000
2016-11-23,1018.000000,1018.000000,1018.000000,1018.000000,100.000000
2016-11-24,1014.000000,1020.000000,1014.000000,1020.000000,14120.000000
2016-11-25,1020.000000,1024.000000,1020.000000,1024.000000,4940.000000
2016-11-28,1020.000000,1020.000000,1020.000000,1020.000000,670.000000
2016-11-29,1022.000000,1022.000000,1020.000000,1020.000000,8195.000000
2016-12-01,1020.000000,1030.000000,1020.000000,1030.000000,6015.000000
2016-12-02,1030.000000,1030.000000,1021.000000,1021.000000,665.000000
2016-12-05,1021.000000,1021.000000,1020.000000,1020.000000,2000.000000
2016-12-06,1030.000000,1030.000000,1029.000000,1029.000000,465.000000
2016-12-07,1021.000000,1021.000000,1021.000000,1021.000000,815.000000
2016-12-08,1020.000000,1028.000000,1020.000000,1021.000000,1210.000000
2016-12-09,1030.000000,1030.000000,1020.000000,1030.000000,5770.000000
2016-12-13,1020.000000,1020.000000,1020.000000,1020.000000,30.000000
2016-12-15,1020.000000,1020.000000,1020.000000,1020.000000,3360.000000
2016-12-16,1028.000000,1030.000000,1028.000000,1030.000000,14000.000000
2016-12-19,1029.000000,1029.000000,1020.000000,1020.000000,2505.000000
2016-12-20,1025.000000,1025.000000,1020.000000,1020.000000,18395.000000
2016-12-21,1020.000000,1020.000000,1020.000000,1020.000000,2020.000000
2016-12-23,1030.000000,1030.000000,1030.000000,1030.000000,70.000000
2016-12-27,1020.000000,1020.000000,1020.000000,1020.000000,105.000000
2016-12-28,1020.000000,1020.000000,1020.000000,1020.000000,1000.000000
2016-12-29,1020.000000,1030.000000,1020.000000,1020.000000,3810.000000
2017-01-04,1020.000000,1020.000000,1020.000000,1020.000000,100.000000
2017-01-05,1025.000000,1025.000000,1025.000000,1025.000000,730.000000
2017-01-06,1023.000000,1025.000000,1020.000000,1025.000000,9645.000000
2017-01-09,1025.000000,1029.000000,1025.000000,1025.000000,3790.000000
2017-01-10,1028.000000,1030.000000,1026.000000,1026.000000,700.000000
2017-01-11,1026.000000,1030.000000,1024.000000,1030.000000,33325.000000
2017-01-12,1025.000000,1025.000000,1025.000000,1025.000000,700.000000
2017-01-13,1035.000000,1035.000000,1025.000000,1035.000000,4245.000000
2017-01-16,1030.000000,1030.000000,1030.000000,1030.000000,1000.000000
2017-01-17,1040.000000,1040.000000,1040.000000,1040.000000,12300.000000
2017-01-19,1030.000000,1030.000000,1030.000000,1030.000000,50.000000
2017-01-20,1030.000000,1035.000000,1030.000000,1035.000000,820.000000
2017-01-23,1040.000000,1040.000000,1040.000000,1040.000000,20.000000
2017-01-24,1040.000000,1040.000000,1040.000000,1040.000000,2980.000000
2017-01-25,1040.000000,1041.000000,1040.000000,1041.000000,1330.000000
2017-01-26,1040.000000,1045.000000,1040.000000,1045.000000,5515.000000
2017-01-27,1041.000000,1041.000000,1040.000000,1040.000000,9090.000000
2017-01-30,1040.000000,1040.000000,1040.000000,1040.000000,60770.000000
2017-01-31,1035.000000,1035.000000,1035.000000,1035.000000,500.000000
2017-02-01,1045.000000,1045.000000,1045.000000,1045.000000,1000.000000
2017-02-03,1045.000000,1048.000000,1045.000000,1048.000000,60.000000
2017-02-07,1036.000000,1036.000000,1035.000000,1035.000000,2690.000000
2017-02-08,1035.000000,1035.000000,1035.000000,1035.000000,1850.000000
2017-02-09,1030.000000,1030.000000,1030.000000,1030.000000,7640.000000
2017-02-13,1030.000000,1030.000000,1030.000000,1030.000000,2150.000000
2017-02-14,1030.000000,1030.000000,1030.000000,1030.000000,80.000000
2017-02-15,1030.000000,1030.000000,1030.000000,1030.000000,3200.000000
2017-02-16,1030.000000,1030.000000,1030.000000,1030.000000,2470.000000
2017-02-17,1026.000000,1026.000000,1026.000000,1026.000000,95.000000
2017-02-20,1030.000000,1035.000000,1030.000000,1035.000000,110.000000
2017-02-21,1045.000000,1045.000000,1030.000000,1030.000000,60.000000
2017-02-22,1030.000000,1030.000000,1030.000000,1030.000000,50.000000
2017-02-23,1030.000000,1030.000000,1030.000000,1030.000000,90.000000
2017-02-24,1040.000000,1040.000000,1040.000000,1040.000000,950.000000
2017-02-27,1035.000000,1035.000000,1035.000000,1035.000000,5.000000
2017-02-28,1031.000000,1035.000000,1031.000000,1031.000000,75.000000
2017-03-01,1040.000000,1040.000000,1031.000000,1031.000000,1650.000000
2017-03-02,1031.000000,1031.000000,1031.000000,1031.000000,200.000000
2017-03-06,1040.000000,1040.000000,1031.000000,1031.000000,2800.000000
2017-03-07,1031.000000,1038.000000,1031.000000,1038.000000,150.000000
2017-03-09,1031.000000,1031.000000,1031.000000,1031.000000,600.000000
2017-03-10,1031.000000,1031.000000,1031.000000,1031.000000,1000.000000
2017-03-15,1040.000000,1040.000000,1035.000000,1035.000000,4100.000000
2017-03-16,1045.000000,1045.000000,1045.000000,1045.000000,5000.000000
2017-03-17,1045.000000,1045.000000,1045.000000,1045.000000,100.000000
2017-03-21,1035.000000,1035.000000,1035.000000,1035.000000,50.000000
2017-03-22,1035.000000,1035.000000,1031.000000,1031.000000,20.000000
2017-03-23,1035.000000,1045.000000,1035.000000,1045.000000,595.000000
2017-03-24,1035.000000,1035.000000,1035.000000,1035.000000,50.000000
2017-04-03,1035.000000,1035.000000,1035.000000,1035.000000,100.000000
2017-04-05,1020.000000,1020.000000,1020.000000,1020.000000,5340.000000
2017-04-06,1035.000000,1045.000000,1035.000000,1045.000000,4780.000000
2017-04-10,1035.000000,1035.000000,1035.000000,1035.000000,15.000000
2017-04-11,1035.000000,1035.000000,1030.000000,1030.000000,425.000000
2017-04-12,1030.000000,1030.000000,1030.000000,1030.000000,1605.000000
2017-04-17,1031.000000,1031.000000,1031.000000,1031.000000,1000.000000
2017-04-18,1033.000000,1033.000000,1033.000000,1033.000000,155.000000
2017-04-19,1045.000000,1045.000000,1045.000000,1045.000000,5.000000
2017-04-20,1031.000000,1031.000000,1031.000000,1031.000000,4750.000000
2017-04-24,1031.000000,1031.000000,1031.000000,1031.000000,150.000000
2017-04-26,1031.000000,1031.000000,1031.000000,1031.000000,500.000000
2017-04-27,1040.000000,1045.000000,1040.000000,1045.000000,1000.000000
2017-05-02,1045.000000,1045.000000,1045.000000,1045.000000,800.000000
2017-05-03,1022.000000,1022.000000,1022.000000,1022.000000,100.000000
2017-05-04,1022.000000,1034.000000,1022.000000,1025.000000,2110.000000
2017-05-08,1035.000000,1035.000000,1030.000000,1030.000000,240.000000
2017-05-09,1030.000000,1030.000000,1025.000000,1025.000000,2055.000000
2017-05-10,1025.000000,1025.000000,1025.000000,1025.000000,9205.000000
2017-05-11,1025.000000,1025.000000,1025.000000,1025.000000,18230.000000
2017-05-12,1025.000000,1025.000000,1021.000000,1022.000000,8795.000000
2017-05-15,1025.000000,1025.000000,1022.000000,1022.000000,1000.000000
2017-05-16,1030.000000,1030.000000,1022.000000,1022.000000,1045.000000
2017-05-17,1030.000000,1030.000000,1022.000000,1022.000000,120.000000
2017-05-18,1025.000000,1025.000000,1022.000000,1022.000000,1210.000000
2017-05-19,1022.000000,1022.000000,1022.000000,1022.000000,5.000000
2017-05-23,1022.000000,1022.000000,1021.000000,1022.000000,1500.000000
2017-05-25,1022.000000,1022.000000,1022.000000,1022.000000,5.000000
2017-05-29,1029.000000,1029.000000,1029.000000,1029.000000,20.000000
2017-06-01,1023.000000,1023.000000,1022.000000,1022.000000,300.000000
2017-06-02,1022.000000,1022.000000,1020.000000,1020.000000,1750.000000
2017-06-05,1022.000000,1022.000000,1020.000000,1020.000000,1750.000000
2017-06-06,1029.000000,1029.000000,1020.000000,1020.000000,1480.000000
2017-06-07,1020.000000,1029.000000,1015.000000,1015.000000,1710.000000
2017-06-08,1015.000000,1017.000000,1015.000000,1017.000000,1000.000000
2017-06-09,1022.000000,1022.000000,1017.000000,1017.000000,2470.000000
2017-06-13,1016.000000,1016.000000,1016.000000,1016.000000,100.000000
2017-06-14,1018.000000,1021.000000,1018.000000,1021.000000,3950.000000
2017-06-16,1021.000000,1021.000000,1021.000000,1021.000000,25.000000
2017-06-19,1021.000000,1021.000000,1021.000000,1021.000000,20.000000
2017-06-20,1021.000000,1021.000000,1021.000000,1021.000000,125.000000
2017-06-23,1017.000000,1017.000000,1017.000000,1017.000000,25.000000
2017-06-27,1021.000000,1021.000000,1021.000000,1021.000000,15.000000
2017-06-29,1019.000000,1020.000000,1019.000000,1020.000000,2010.000000
2017-07-06,1016.000000,1018.000000,1016.000000,1018.000000,1025.000000
2017-07-07,1019.000000,1019.000000,1018.000000,1018.000000,3575.000000
2017-07-10,1018.000000,1018.000000,1018.000000,1018.000000,1050.000000
2017-07-11,1018.000000,1018.000000,1018.000000,1018.000000,2400.000000
2017-07-12,1019.000000,1019.000000,1019.000000,1019.000000,15.000000
2017-07-13,1019.000000,1019.000000,1019.000000,1019.000000,45.000000
2017-07-14,1019.000000,1020.000000,1018.000000,1018.000000,2080.000000
2017-07-17,1020.000000,1020.000000,1018.000000,1018.000000,1305.000000
2017-07-18,1020.000000,1020.000000,1020.000000,1020.000000,1985.000000
2017-07-19,1018.000000,1020.000000,1018.000000,1020.000000,2800.000000
2017-07-20,1020.000000,1020.000000,1020.000000,1020.000000,830.000000
2017-07-21,1020.000000,1020.000000,1019.000000,1020.000000,13170.000000
2017-07-24,1020.000000,1020.000000,1018.000000,1018.000000,155.000000
2017-07-25,1018.000000,1018.000000,1018.000000,1018.000000,3500.000000
2017-07-26,1014.000000,1024.000000,1014.000000,1024.000000,6130.000000
2017-07-27,1024.000000,1024.000000,1024.000000,1024.000000,2450.000000
2017-07-28,1024.000000,1024.000000,1024.000000,1024.000000,4510.000000
2017-07-31,1010.000000,1010.000000,1010.000000,1010.000000,65.000000
2017-08-01,1010.000000,1010.000000,1010.000000,1010.000000,2370.000000
2017-08-03,1020.000000,1022.000000,1020.000000,1022.000000,2580.000000
2017-08-04,1023.000000,1023.000000,1023.000000,1023.000000,970.000000
2017-08-07,1023.000000,1023.000000,1023.000000,1023.000000,200.000000
2017-08-08,1020.000000,1020.000000,1020.000000,1020.000000,5800.000000
2017-08-09,1020.000000,1020.000000,1020.000000,1020.000000,950.000000
2017-08-10,1010.000000,1010.000000,1010.000000,1010.000000,510.000000
2017-08-11,1010.000000,1010.000000,1010.000000,1010.000000,1000.000000
2017-08-14,1010.000000,1020.000000,1010.000000,1020.000000,5000.000000
2017-08-16,1019.000000,1019.000000,1019.000000,1019.000000,930.000000
2017-08-17,1020.000000,1020.000000,1020.000000,1020.000000,1000.000000
2017-08-18,1015.000000,1020.000000,1015.000000,1020.000000,1085.000000
2017-08-22,1020.000000,1023.000000,1020.000000,1023.000000,5105.000000
2017-08-24,1020.000000,1020.000000,1020.000000,1020.000000,950.000000
2017-08-25,1023.000000,1023.000000,1023.000000,1023.000000,5.000000
2017-08-30,1015.000000,1015.000000,1011.000000,1011.000000,2070.000000
2017-08-31,1020.000000,1020.000000,1020.000000,1020.000000,100.000000
2017-09-04,1023.000000,1023.000000,1023.000000,1023.000000,1820.000000
2017-09-05,1023.000000,1023.000000,1010.000000,1011.000000,10710.000000
2017-09-08,1023.000000,1025.000000,1023.000000,1025.000000,3895.000000
2017-09-11,1023.000000,1028.000000,1011.000000,1025.000000,19105.000000
2017-09-14,1025.000000,1028.000000,1025.000000,1028.000000,5600.000000
2017-09-18,1026.000000,1028.000000,1026.000000,1028.000000,10005.000000
2017-09-19,1028.000000,1028.000000,1028.000000,1028.000000,595.000000
2017-09-20,1029.000000,1029.000000,1029.000000,1029.000000,600.000000
2017-09-21,1030.000000,1040.000000,1030.000000,1040.000000,1005.000000
2017-09-25,1028.000000,1028.000000,1028.000000,1028.000000,500.000000
2017-09-26,1030.000000,1040.000000,1030.000000,1040.000000,585.000000
2017-09-28,1030.000000,1030.000000,1025.000000,1030.000000,25235.000000
2017-09-29,1030.000000,1030.000000,1030.000000,1030.000000,3565.000000
2017-10-02,1030.000000,1030.000000,1030.000000,1030.000000,400.000000
2017-10-03,1030.000000,1030.000000,1030.000000,1030.000000,800.000000
2017-10-04,1030.000000,1030.000000,1030.000000,1030.000000,2640.000000
2017-10-09,1039.000000,1040.000000,1039.000000,1040.000000,300.000000
2017-10-10,1035.000000,1035.000000,1035.000000,1035.000000,540.000000
2017-10-11,1035.000000,1035.000000,1035.000000,1035.000000,460.000000
2017-10-12,1030.000000,1030.000000,1030.000000,1030.000000,2100.000000
2017-10-13,1040.000000,1050.000000,1040.000000,1049.000000,9660.000000
2017-10-17,1050.000000,1050.000000,1030.000000,1030.000000,690.000000
2017-10-18,1030.000000,1030.000000,1030.000000,1030.000000,7440.000000
2017-10-24,1045.000000,1045.000000,1045.000000,1045.000000,5.000000
2017-10-26,1030.000000,1030.000000,1030.000000,1030.000000,200.000000
2017-10-30,1045.000000,1045.000000,1045.000000,1045.000000,35.000000
2017-11-02,1030.000000,1030.000000,1030.000000,1030.000000,7710.000000
2017-11-08,1030.000000,1030.000000,1028.000000,1028.000000,2600.000000
2017-11-09,1030.000000,1030.000000,1030.000000,1030.000000,3105.000000
2017-11-10,1028.000000,1028.000000,1028.000000,1028.000000,5.000000
2017-11-13,1030.000000,1030.000000,1021.000000,1021.000000,1710.000000
2017-11-15,1045.000000,1045.000000,1045.000000,1045.000000,5.000000
2017-11-16,1021.000000,1040.000000,1010.000000,1020.000000,4255.000000
2017-11-20,1020.000000,1020.000000,1020.000000,1020.000000,1000.000000
2017-11-22,1020.000000,1020.000000,1020.000000,1020.000000,510.000000
2017-11-23,1020.000000,1020.000000,1020.000000,1020.000000,900.000000
2017-11-24,1040.000000,1040.000000,1020.000000,1030.000000,1260.000000
2017-11-27,1040.000000,1040.000000,1040.000000,1040.000000,5.000000
2017-11-28,1020.000000,1030.000000,1020.000000,1030.000000,11995.000000
2017-12-06,1028.000000,1028.000000,1028.000000,1028.000000,1505.000000
2017-12-07,1025.000000,1025.000000,1020.000000,1020.000000,445.000000
2017-12-08,1020.000000,1020.000000,1018.000000,1018.000000,245.000000
2017-12-11,1025.000000,1025.000000,1018.000000,1020.000000,905.000000
2017-12-12,1025.000000,1030.000000,1025.000000,1030.000000,555.000000
2017-12-13,1030.000000,1030.000000,1020.000000,1020.000000,520.000000
2017-12-14,1020.000000,1020.000000,1020.000000,1020.000000,930.000000
2017-12-15,1030.000000,1030.000000,1020.000000,1030.000000,2020.000000
2017-12-18,1030.000000,1035.000000,1030.000000,1035.000000,3000.000000
2017-12-19,1022.000000,1030.000000,1020.000000,1030.000000,140.000000
2017-12-20,1030.000000,1030.000000,1030.000000,1030.000000,30.000000
2017-12-22,1035.000000,1035.000000,1035.000000,1035.000000,15.000000
2017-12-27,1035.000000,1035.000000,1028.000000,1028.000000,1285.000000
2018-01-03,1030.000000,1030.000000,1030.000000,1030.000000,965.000000
2018-01-04,1020.000000,1020.000000,1020.000000,1020.000000,35.000000
2018-01-09,1020.000000,1020.000000,1020.000000,1020.000000,50.000000
2018-01-10,1020.000000,1030.000000,1017.000000,1017.000000,975.000000
2018-01-11,1030.000000,1030.000000,1030.000000,1030.000000,100.000000
2018-01-12,1020.000000,1025.000000,1020.000000,1025.000000,190.000000
2018-01-15,1030.000000,1030.000000,1030.000000,1030.000000,1690.000000
2018-01-17,1020.000000,1030.000000,1020.000000,1030.000000,4565.000000
2018-01-18,1016.000000,1020.000000,1015.000000,1020.000000,4025.000000
2018-01-19,1020.000000,1020.000000,1016.000000,1016.000000,9085.000000
2018-01-22,1016.000000,1016.000000,1015.000000,1015.000000,60.000000
2018-01-23,1010.000000,1010.000000,1010.000000,1010.000000,2000.000000
2018-01-25,1015.000000,1020.000000,1015.000000,1020.000000,985.000000
2018-01-26,1010.000000,1020.000000,1010.000000,1020.000000,1050.000000
2018-01-29,1011.000000,1015.000000,1010.000000,1015.000000,5610.000000
2018-01-30,1017.000000,1017.000000,1015.000000,1017.000000,14820.000000
2018-02-01,1010.000000,1010.000000,1003.000000,1003.000000,255.000000
2018-02-02,1015.000000,1015.000000,1015.000000,1015.000000,50.000000
2018-02-05,1010.000000,1010.000000,1010.000000,1010.000000,400.000000
2018-02-06,1013.000000,1013.000000,1010.000000,1010.000000,4050.000000
2018-02-07,1015.000000,1015.000000,1009.000000,1009.000000,310.000000
2018-02-08,1009.000000,1009.000000,1009.000000,1009.000000,40.000000
2018-02-09,1008.000000,1008.000000,1005.000000,1005.000000,710.000000
2018-02-12,1007.000000,1007.000000,1005.000000,1005.000000,1800.000000
2018-02-13,1006.000000,1015.000000,1005.000000,1015.000000,10030.000000
2018-02-14,1003.000000,1018.000000,1002.000000,1018.000000,4185.000000
2018-02-19,1009.000000,1009.000000,1009.000000,1009.000000,9400.000000
2018-02-20,1009.000000,1009.000000,1009.000000,1009.000000,10130.000000
2018-02-21,1002.000000,1009.000000,1000.000000,1009.000000,35.000000
2018-02-22,1008.000000,1008.000000,1005.000000,1005.000000,700.000000
2018-02-23,1009.000000,1009.000000,1005.000000,1005.000000,595.000000
2018-02-26,1005.000000,1009.000000,1005.000000,1009.000000,180.000000
2018-02-28,1015.000000,1015.000000,1015.000000,1015.000000,20.000000
2018-03-05,1009.000000,1009.000000,1003.000000,1003.000000,1010.000000
2018-03-06,1009.000000,1009.000000,1000.000000,1000.000000,1130.000000
2018-03-08,1000.000000,1000.000000,1000.000000,1000.000000,510.000000
2018-03-09,1002.000000,1002.000000,1002.000000,1002.000000,300.000000
2018-03-12,1009.000000,1009.000000,1009.000000,1009.000000,10.000000
2018-03-13,1009.000000,1009.000000,1009.000000,1009.000000,35.000000
2018-03-20,1009.000000,1009.000000,1000.000000,1000.000000,140.000000
2018-03-21,1009.000000,1009.000000,1000.000000,1000.000000,15.000000
2018-03-22,1003.000000,1003.000000,1003.000000,1003.000000,1015.000000
2018-03-23,1000.000000,1002.000000,1000.000000,1002.000000,4530.000000
2018-03-26,1002.000000,1002.000000,1002.000000,1002.000000,75.000000
2018-04-02,991.000000,991.000000,990.000000,990.000000,600.000000
2018-04-05,991.000000,1000.000000,991.000000,1000.000000,60.000000
2018-04-06,1001.000000,1001.000000,1000.000000,1000.000000,1035.000000
2018-04-10,1000.000000,1000.000000,1000.000000,1000.000000,10.000000
2018-04-11,999.000000,999.000000,999.000000,999.000000,100.000000
2018-04-12,991.000000,991.000000,988.000000,988.000000,3000.000000
2018-04-13,988.000000,988.000000,980.000000,980.000000,110.000000
2018-04-16,980.000000,980.000000,980.000000,980.000000,5000.000000
2018-04-17,979.000000,979.000000,979.000000,979.000000,100.000000
2018-04-18,999.000000,999.000000,999.000000,999.000000,130.000000
2018-04-19,970.000000,970.000000,955.000000,962.000000,1860.000000
2018-04-20,995.000000,995.000000,970.000000,970.000000,3750.000000
2018-04-23,995.000000,999.000000,995.000000,999.000000,2360.000000
2018-04-25,970.000000,999.000000,970.000000,999.000000,1660.000000
2018-04-26,990.000000,990.000000,977.000000,977.000000,740.000000
2018-04-27,977.000000,977.000000,977.000000,977.000000,420.000000
2018-04-30,970.000000,998.000000,970.000000,998.000000,510.000000
2018-05-02,998.000000,998.000000,998.000000,998.000000,330.000000
2018-05-03,998.000000,998.000000,998.000000,998.000000,180.000000
2018-05-04,971.000000,971.000000,970.500000,970.500000,1060.000000
2018-05-09,980.000000,980.000000,976.000000,980.000000,2050.000000
2018-05-10,980.000000,980.000000,980.000000,980.000000,100.000000
2018-05-11,981.000000,982.000000,981.000000,982.000000,430.000000
2018-05-15,986.000000,986.000000,984.000000,984.000000,2310.000000
2018-05-16,984.000000,984.000000,984.000000,984.000000,400.000000
2018-05-17,983.000000,995.000000,983.000000,995.000000,2010.000000
2018-05-18,984.000000,995.000000,984.000000,995.000000,1410.000000
2018-05-21,988.000000,988.000000,987.000000,987.000000,3210.000000
2018-05-22,990.000000,990.000000,987.000000,987.000000,3810.000000
2018-05-23,990.000000,990.000000,990.000000,990.000000,2000.000000
2018-05-25,988.000000,990.000000,983.000000,990.000000,5090.000000
2018-05-28,987.000000,987.000000,985.000000,985.000000,1000.000000
2018-05-29,990.000000,990.000000,985.000000,985.000000,2000.000000
2018-05-31,985.000000,990.000000,980.000000,980.000000,2770.000000
2018-06-01,980.000000,980.000000,980.000000,980.000000,50.000000
2018-06-04,982.000000,982.000000,980.000000,980.000000,100.000000
2018-06-05,980.000000,990.000000,980.000000,990.000000,15900.000000
2018-06-06,982.000000,982.000000,970.000000,970.000000,8810.000000
2018-06-07,990.000000,990.000000,990.000000,990.000000,1000.000000
2018-06-08,974.000000,974.000000,970.000000,970.000000,15000.000000
2018-06-18,972.000000,990.000000,972.000000,990.000000,20.000000
2018-06-19,990.000000,990.000000,990.000000,990.000000,310.000000
2018-06-20,990.000000,990.000000,990.000000,990.000000,10.000000
2018-06-22,990.000000,990.000000,990.000000,990.000000,10.000000
2018-06-25,980.000000,990.000000,980.000000,990.000000,27050.000000
2018-06-26,980.000000,990.000000,980.000000,990.000000,110.000000
2018-06-27,990.000000,990.000000,990.000000,990.000000,180.000000
2018-06-29,951.000000,951.000000,951.000000,951.000000,4700.000000
2018-07-02,965.000000,989.000000,965.000000,989.000000,1180.000000
2018-07-04,988.500000,988.500000,988.000000,988.000000,40.000000
2018-07-05,988.000000,988.000000,988.000000,988.000000,1010.000000
2018-07-06,962.500000,987.500000,962.500000,987.500000,20.000000
2018-07-10,987.500000,987.500000,987.500000,987.500000,20.000000
2018-07-12,970.000000,970.000000,970.000000,970.000000,10.000000
2018-07-13,987.500000,987.500000,987.500000,987.500000,10.000000
2018-07-16,987.500000,987.500000,970.000000,970.000000,1040.000000
2018-07-17,970.000000,970.000000,970.000000,970.000000,2190.000000
2018-07-18,966.000000,970.000000,966.000000,970.000000,1340.000000
2018-07-23,970.000000,970.000000,970.000000,970.000000,50.000000
2018-07-24,970.000000,970.000000,970.000000,970.000000,10.000000
2018-07-25,970.000000,970.000000,970.000000,970.000000,1920.000000
2018-07-27,970.000000,970.000000,970.000000,970.000000,4020.000000
2018-07-30,970.000000,970.000000,970.000000,970.000000,1040.000000
2018-07-31,970.000000,970.000000,966.000000,966.000000,1330.000000
2018-08-01,987.500000,987.500000,966.000000,987.500000,5310.000000
2018-08-03,987.500000,987.500000,987.500000,987.500000,110.000000
2018-08-08,987.500000,987.500000,987.500000,987.500000,30.000000
2018-08-13,970.000000,987.500000,970.000000,987.500000,20010.000000
2018-08-17,987.500000,987.500000,987.500000,987.500000,80.000000
2018-08-20,987.000000,987.000000,987.000000,987.000000,10.000000
2018-08-22,987.000000,987.000000,987.000000,987.000000,10.000000
2018-08-23,987.500000,987.500000,987.500000,987.500000,320.000000
2018-08-24,987.500000,987.500000,987.500000,987.500000,30.000000
2018-08-29,970.000000,970.000000,970.000000,970.000000,510.000000
2018-08-31,987.500000,987.500000,987.500000,987.500000,50.000000
2018-09-04,987.500000,987.500000,987.500000,987.500000,20.000000
2018-09-14,970.000000,970.000000,970.000000,970.000000,1320.000000
2018-09-17,967.000000,985.000000,950.000000,985.000000,3720.000000
2018-09-18,950.000000,985.000000,950.000000,985.000000,210.000000
2018-09-24,960.000000,984.500000,945.000000,945.000000,480.000000
2018-09-25,945.000000,945.000000,945.000000,945.000000,180.000000
2018-09-26,945.000000,945.000000,945.000000,945.000000,10.000000
2018-09-27,945.000000,945.000000,945.000000,945.000000,650.000000
2018-10-03,902.000000,942.500000,902.000000,942.500000,40.000000
2018-10-04,944.500000,945.000000,944.500000,945.000000,800.000000
2018-10-10,910.500000,944.500000,910.500000,944.500000,20.000000
2018-10-11,945.000000,945.000000,945.000000,945.000000,10.000000
2018-10-12,945.000000,945.000000,911.000000,945.000000,1460.000000
2018-10-15,945.000000,984.000000,945.000000,984.000000,40.000000
2018-10-17,910.500000,910.500000,910.500000,910.500000,10.000000
2018-10-18,910.500000,910.500000,900.000000,900.000000,880.000000
2018-10-19,900.000000,900.000000,881.500000,881.500000,50.000000
2018-10-22,890.000000,890.000000,890.000000,890.000000,800.000000
2018-10-23,893.000000,893.000000,893.000000,893.000000,50.000000
2018-10-24,920.000000,948.000000,920.000000,948.000000,530.000000
2018-10-26,895.500000,895.500000,895.500000,895.500000,10.000000
2018-10-30,944.000000,944.000000,944.000000,944.000000,10.000000
2018-11-05,898.000000,944.500000,893.000000,944.000000,8480.000000
2018-11-08,943.500000,944.000000,943.500000,944.000000,20.000000
2018-11-14,920.000000,920.000000,920.000000,920.000000,30.000000
2018-11-19,920.000000,920.000000,920.000000,920.000000,900.000000
2018-11-20,925.000000,925.000000,925.000000,925.000000,100.000000
2018-11-21,895.000000,925.000000,895.000000,925.000000,20.000000
2018-11-23,925.000000,940.000000,925.000000,940.000000,400.000000
2018-12-03,923.000000,923.000000,923.000000,923.000000,10.000000
2018-12-04,895.000000,895.000000,895.000000,895.000000,1480.000000
2018-12-06,910.000000,910.000000,910.000000,910.000000,10.000000
2018-12-07,910.000000,925.000000,910.000000,925.000000,120.000000
2018-12-12,894.500000,894.500000,894.500000,894.500000,40.000000
2018-12-14,910.000000,910.000000,900.000000,900.000000,1570.000000
2018-12-17,925.000000,925.000000,925.000000,925.000000,2000.000000
2018-12-18,935.000000,935.000000,920.000000,935.000000,3430.000000
2018-12-20,928.500000,928.500000,926.000000,928.000000,2670.000000
2018-12-26,900.000000,900.000000,900.000000,900.000000,20.000000
2019-01-02,900.000000,900.000000,900.000000,900.000000,120.000000
2019-01-04,823.000000,900.000000,823.000000,900.000000,1900.000000
2019-01-08,834.000000,834.000000,834.000000,834.000000,70.000000
2019-01-09,900.000000,900.000000,900.000000,900.000000,100.000000
2019-01-14,900.000000,900.000000,900.000000,900.000000,450.000000
2019-01-15,900.000000,905.000000,900.000000,900.000000,2080.000000
2019-01-16,900.000000,900.000000,900.000000,900.000000,2240.000000
2019-01-17,900.000000,900.000000,899.000000,899.000000,100.000000
2019-01-18,900.000000,905.000000,900.000000,905.000000,70.000000
2019-01-21,905.000000,905.000000,900.000000,900.000000,130.000000
2019-01-22,900.000000,900.000000,900.000000,900.000000,200.000000
2019-01-23,900.000000,900.000000,900.000000,900.000000,20.000000
2019-01-24,905.000000,905.000000,905.000000,905.000000,260.000000
2019-01-25,900.000000,900.000000,900.000000,900.000000,80.000000
2019-01-28,900.000000,900.000000,900.000000,900.000000,7390.000000
2019-01-29,900.000000,925.000000,900.000000,920.000000,4240.000000
2019-01-30,900.000000,900.000000,900.000000,900.000000,650.000000
2019-01-31,900.000000,900.000000,900.000000,900.000000,210.000000
2019-02-04,919.000000,919.000000,900.000000,900.000000,220.000000
2019-02-06,900.000000,915.000000,900.000000,900.000000,560.000000
2019-02-07,900.000000,900.000000,900.000000,900.000000,110.000000
2019-02-08,900.000000,900.000000,900.000000,900.000000,110.000000
2019-02-11,900.000000,900.000000,900.000000,900.000000,140.000000
2019-02-12,900.000000,900.000000,900.000000,900.000000,4250.000000
2019-02-13,900.000000,900.000000,900.000000,900.000000,4050.000000
2019-02-15,899.000000,900.000000,899.000000,900.000000,30.000000
2019-02-19,900.000000,900.000000,900.000000,900.000000,610.000000
2019-02-20,900.000000,900.000000,899.000000,900.000000,2010.000000
2019-02-21,900.000000,900.000000,900.000000,900.000000,100.000000
2019-02-26,900.000000,900.000000,900.000000,900.000000,1110.000000
2019-02-27,900.000000,900.000000,900.000000,900.000000,50.000000
2019-02-28,900.000000,900.000000,900.000000,900.000000,40.000000
2019-03-01,900.000000,900.000000,900.000000,900.000000,220.000000
2019-03-04,900.000000,900.000000,900.000000,900.000000,1060.000000
2019-03-05,900.000000,900.000000,894.000000,894.000000,1930.000000
2019-03-06,900.000000,900.000000,900.000000,900.000000,550.000000
2019-03-07,900.000000,900.000000,900.000000,900.000000,1110.000000
2019-03-08,899.000000,899.000000,895.000000,895.000000,70.000000
2019-03-11,899.000000,900.000000,899.000000,900.000000,3060.000000
2019-03-13,900.000000,900.000000,900.000000,900.000000,50.000000
2019-03-14,895.000000,900.000000,880.000000,890.000000,1060.000000
2019-03-15,900.000000,900.000000,900.000000,900.000000,10.000000
2019-03-18,900.000000,900.000000,900.000000,900.000000,330.000000
2019-03-19,900.000000,900.000000,900.000000,900.000000,50.000000
2019-03-20,891.000000,900.000000,882.000000,900.000000,80.000000
2019-03-21,900.000000,919.000000,900.000000,910.000000,38210.000000
2019-03-22,918.000000,918.000000,918.000000,918.000000,20.000000
2019-03-25,900.000000,919.000000,900.000000,919.000000,3100.000000
2019-03-28,919.000000,919.000000,919.000000,919.000000,100.000000
2019-03-29,900.000000,925.000000,900.000000,925.000000,7160.000000
2019-04-02,813.000000,900.000000,801.000000,900.000000,1540.000000
2019-04-03,900.000000,900.000000,900.000000,900.000000,12020.000000
2019-04-04,900.000000,900.000000,900.000000,900.000000,12020.000000
2019-04-05,924.000000,925.000000,923.500000,925.000000,1090.000000
2019-04-08,924.000000,924.500000,924.000000,924.500000,1000.000000
2019-04-10,924.500000,925.000000,924.500000,925.000000,2000.000000
2019-04-11,925.000000,930.000000,925.000000,925.000000,1130.000000
2019-04-15,926.000000,926.000000,926.000000,926.000000,30.000000
2019-04-16,926.000000,950.000000,925.000000,950.000000,3140.000000
2019-04-17,950.000000,950.000000,950.000000,950.000000,1060.000000
2019-04-22,950.000000,950.000000,950.000000,950.000000,370.000000
2019-04-23,950.000000,950.000000,950.000000,950.000000,6050.000000
2019-04-24,959.000000,959.000000,959.000000,959.000000,40.000000
2019-04-30,950.000000,950.000000,950.000000,950.000000,890.000000
2019-05-02,957.500000,957.500000,957.500000,957.500000,20.000000
2019-05-03,950.000000,958.000000,950.000000,958.000000,2360.000000
2019-05-06,958.000000,960.000000,958.000000,960.000000,2390.000000
2019-05-07,960.000000,960.000000,940.000000,955.000000,1970.000000
2019-05-08,955.000000,955.000000,955.000000,955.000000,3010.000000
2019-05-09,945.000000,945.000000,940.000000,940.000000,20.000000
2019-05-10,955.000000,955.000000,955.000000,955.000000,1680.000000
2019-05-20,940.000000,940.000000,920.000000,920.000000,170.000000
2019-05-31,959.000000,959.000000,959.000000,959.000000,50.000000
2019-06-03,920.000000,920.000000,920.000000,920.000000,10.000000
2019-06-04,959.000000,959.000000,959.000000,959.000000,10.000000
2019-06-10,959.000000,959.000000,959.000000,959.000000,40.000000
2019-06-17,921.500000,921.500000,902.000000,902.000000,390.000000
2019-06-18,902.000000,902.000000,902.000000,902.000000,200.000000
2019-06-25,902.000000,950.000000,902.000000,950.000000,1960.000000
2019-06-26,902.000000,925.000000,902.000000,925.000000,1130.000000
2019-06-27,925.000000,925.000000,900.000000,900.000000,310.000000
2019-07-03,900.000000,900.000000,900.000000,900.000000,200.000000
2019-07-04,900.000000,900.000000,900.000000,900.000000,4800.000000
2019-07-10,940.000000,940.000000,940.000000,940.000000,520.000000
2019-07-11,939.500000,945.000000,939.500000,945.000000,470.000000
2019-07-12,945.000000,945.000000,945.000000,945.000000,110.000000
2019-07-16,940.000000,940.000000,940.000000,940.000000,50.000000
2019-07-17,940.000000,940.000000,940.000000,940.000000,690.000000
2019-07-18,940.000000,945.000000,940.000000,945.000000,20.000000
2019-07-19,944.000000,944.000000,944.000000,944.000000,40.000000
2019-07-22,944.000000,944.000000,944.000000,944.000000,10.000000
2019-07-23,920.000000,944.000000,920.000000,944.000000,510.000000
2019-07-24,944.000000,944.000000,944.000000,944.000000,10.000000
2019-07-25,940.000000,940.000000,921.000000,921.000000,200.000000
2019-07-31,943.000000,945.000000,943.000000,945.000000,500.000000
2019-08-02,945.000000,949.000000,945.000000,949.000000,1030.000000
2019-08-05,947.000000,947.000000,945.000000,945.000000,2930.000000
2019-08-06,945.000000,945.000000,945.000000,945.000000,730.000000
2019-08-07,945.000000,946.000000,945.000000,945.000000,1600.000000
2019-08-08,949.000000,960.000000,949.000000,960.000000,1090.000000
2019-08-09,969.000000,970.000000,969.000000,970.000000,50.000000
2019-08-14,960.000000,970.000000,960.000000,970.000000,580.000000
2019-08-15,969.000000,969.000000,960.000000,960.000000,5660.000000
2019-08-16,970.000000,970.000000,950.000000,950.000000,180.000000
2019-08-19,969.500000,970.000000,969.500000,970.000000,3380.000000
2019-08-20,970.000000,970.000000,970.000000,970.000000,330.000000
2019-08-22,971.000000,971.000000,970.000000,970.000000,4350.000000
2019-08-23,980.000000,1000.000000,980.000000,1000.000000,3240.000000
2019-08-28,980.000000,980.000000,980.000000,980.000000,1660.000000
2019-08-29,990.000000,990.000000,970.000000,970.000000,21750.000000
2019-08-30,980.000000,980.000000,980.000000,980.000000,5000.000000
2019-09-02,980.000000,980.000000,971.000000,980.000000,1270.000000
2019-09-04,990.000000,990.000000,990.000000,990.000000,370.000000
2019-09-05,980.000000,980.000000,980.000000,980.000000,1050.000000
2019-09-06,980.000000,980.000000,980.000000,980.000000,2450.000000
2019-09-11,989.000000,989.000000,989.000000,989.000000,10.000000
2019-09-12,980.000000,980.000000,980.000000,980.000000,10.000000
2019-09-16,980.000000,980.000000,980.000000,980.000000,30.000000
2019-09-17,980.000000,980.000000,970.000000,970.000000,1740.000000
2019-09-19,970.000000,970.000000,970.000000,970.000000,10.000000
2019-09-20,970.000000,980.000000,970.000000,980.000000,1310.000000
2019-09-23,980.000000,990.000000,980.000000,990.000000,50.000000
2019-09-24,980.000000,980.000000,980.000000,980.000000,1000.000000
2019-09-26,990.000000,995.000000,990.000000,990.000000,310.000000
2019-09-27,995.000000,995.000000,995.000000,995.000000,10.000000
2019-10-03,995.000000,995.000000,995.000000,995.000000,10.000000
2019-10-07,995.000000,995.000000,995.000000,995.000000,20.000000
2019-10-15,992.000000,992.000000,992.000000,992.000000,180.000000
2019-10-16,980.000000,980.000000,970.000000,970.000000,150.000000
2019-10-17,971.000000,971.000000,971.000000,971.000000,30.000000
2019-10-21,971.000000,971.000000,970.000000,971.000000,1540.000000
2019-10-22,970.000000,971.000000,970.000000,970.000000,2000.000000
2019-10-23,970.000000,971.000000,970.000000,971.000000,550.000000
2019-10-25,970.000000,970.000000,970.000000,970.000000,120.000000
2019-10-30,951.000000,951.000000,950.000000,950.000000,100.000000
2019-11-06,970.000000,971.000000,970.000000,971.000000,190.000000
2019-11-07,971.000000,980.000000,971.000000,980.000000,110.000000
2019-11-12,982.000000,1000.000000,982.000000,1000.000000,8980.000000
2019-11-13,1000.000000,1000.000000,1000.000000,1000.000000,400.000000
2019-11-14,995.000000,995.000000,961.000000,980.000000,2480.000000
2019-11-15,990.000000,994.000000,990.000000,994.000000,270.000000
2019-11-19,994.000000,994.000000,994.000000,994.000000,50.000000
2019-11-25,980.000000,980.000000,980.000000,980.000000,40.000000
2019-11-26,1000.000000,1010.000000,1000.000000,1010.000000,980.000000
2019-11-27,1000.000000,1000.000000,1000.000000,1000.000000,7080.000000
2019-11-28,1000.000000,1000.000000,982.000000,995.000000,20010.000000
2019-11-29,995.000000,1000.000000,995.000000,1000.000000,3370.000000
2019-12-02,1001.000000,1005.000000,1001.000000,1005.000000,5000.000000
2019-12-04,995.000000,995.000000,995.000000,995.000000,240.000000
2019-12-05,995.000000,995.000000,995.000000,995.000000,2180.000000
2019-12-06,995.000000,1000.000000,995.000000,1000.000000,6000.000000
2019-12-09,1000.000000,1009.000000,1000.000000,1009.000000,1010.000000
2019-12-10,1000.000000,1000.000000,1000.000000,1000.000000,1750.000000
2019-12-11,1000.000000,1000.000000,1000.000000,1000.000000,3160.000000
2019-12-12,1000.000000,1000.000000,963.000000,963.000000,14000.000000
2019-12-13,1000.000000,1000.000000,1000.000000,1000.000000,13550.000000
2019-12-16,1000.000000,1000.000000,1000.000000,1000.000000,7460.000000
2019-12-18,1000.000000,1000.000000,1000.000000,1000.000000,1000.000000
2019-12-20,990.000000,990.000000,990.000000,990.000000,50.000000
2019-12-26,1000.000000,1000.000000,1000.000000,1000.000000,10.000000
2020-01-03,995.000000,995.000000,995.000000,995.000000,2720.000000
2020-01-08,995.000000,995.000000,995.000000,995.000000,250.000000
2020-01-09,999.000000,999.000000,999.000000,999.000000,2300.000000
2020-01-14,994.000000,994.000000,994.000000,994.000000,10.000000
2020-01-15,970.000000,970.000000,970.000000,970.000000,50.000000
2020-01-16,970.000000,970.000000,970.000000,970.000000,10.000000
2020-01-17,970.000000,970.000000,970.000000,970.000000,690.000000
2020-01-20,970.000000,970.000000,970.000000,970.000000,180.000000
2020-01-23,990.000000,999.000000,990.000000,999.000000,2390.000000
2020-01-27,990.000000,990.000000,990.000000,990.000000,10.000000
2020-02-03,975.000000,977.000000,975.000000,977.000000,50.000000
2020-02-04,980.000000,980.000000,980.000000,980.000000,300.000000
2020-02-05,983.000000,995.000000,983.000000,995.000000,20.000000
2020-02-06,990.000000,990.000000,990.000000,990.000000,1000.000000
2020-02-07,988.000000,990.000000,988.000000,990.000000,1250.000000
2020-02-10,980.000000,987.000000,980.000000,986.000000,5420.000000
2020-02-11,987.000000,990.000000,987.000000,990.000000,1500.000000
2020-02-12,988.000000,988.000000,988.000000,988.000000,250.000000
2020-02-14,988.000000,988.000000,987.000000,987.000000,2200.000000
2020-02-18,987.000000,990.000000,987.000000,990.000000,59760.000000
2020-02-19,999.000000,999.000000,999.000000,999.000000,740.000000
2020-02-21,999.000000,1000.000000,999.000000,1000.000000,4170.000000
2020-02-24,1001.000000,1001.000000,1000.000000,1000.000000,310.000000
2020-02-26,990.000000,990.000000,990.000000,990.000000,50.000000
2020-02-28,990.000000,990.000000,990.000000,990.000000,60.000000
2020-03-02,982.000000,982.000000,982.000000,982.000000,110.000000
2020-03-03,982.000000,982.000000,982.000000,982.000000,10.000000
2020-03-05,1000.000000,1000.000000,983.000000,983.000000,50.000000
2020-03-06,1003.000000,1003.000000,990.500000,990.500000,950.000000
2020-03-09,1000.000000,1000.000000,1000.000000,1000.000000,3020.000000
2020-03-11,999.000000,1000.000000,999.000000,1000.000000,2300.000000
2020-03-12,990.000000,990.000000,990.000000,990.000000,1000.000000
2020-03-13,990.000000,990.000000,990.000000,990.000000,10890.000000
2020-03-16,990.000000,990.000000,990.000000,990.000000,1210.000000
2020-03-19,920.000000,920.000000,920.000000,920.000000,150.000000
2020-03-20,902.500000,990.000000,902.500000,990.000000,960.000000
2020-03-25,930.000000,931.000000,930.000000,930.000000,60.000000
2020-03-26,960.000000,970.000000,960.000000,970.000000,260.000000
2020-03-27,989.000000,989.000000,980.000000,989.000000,560.000000
2020-03-31,980.000000,980.000000,980.000000,980.000000,2290.000000
2020-04-01,980.000000,980.000000,980.000000,980.000000,1170.000000
2020-04-03,980.000000,980.000000,980.000000,980.000000,180.000000
2020-04-06,987.000000,987.000000,987.000000,987.000000,10.000000
2020-04-08,989.000000,990.000000,988.000000,990.000000,1200.000000
2020-04-13,950.000000,985.000000,950.000000,985.000000,2510.000000
2020-04-14,985.000000,990.000000,985.000000,990.000000,1570.000000
2020-04-15,990.000000,997.000000,990.000000,997.000000,2550.000000
2020-04-16,997.000000,997.000000,997.000000,997.000000,1800.000000
2020-04-17,977.000000,997.000000,977.000000,997.000000,3730.000000
2020-04-20,977.000000,977.000000,977.000000,977.000000,500.000000
2020-04-21,977.000000,977.000000,977.000000,977.000000,180.000000
2020-04-22,997.000000,1000.000000,997.000000,1000.000000,20470.000000
2020-04-27,981.000000,981.000000,981.000000,981.000000,30.000000
2020-04-29,982.000000,982.000000,981.000000,982.000000,3600.000000
2020-04-30,981.000000,981.000000,970.500000,970.500000,26900.000000
2020-05-08,998.500000,998.500000,980.000000,980.000000,650.000000
2020-05-11,980.000000,998.500000,980.000000,998.500000,470.000000
2020-05-13,995.000000,998.000000,995.000000,998.000000,550.000000
2020-05-15,997.000000,997.000000,997.000000,997.000000,300.000000
2020-05-18,997.000000,997.000000,997.000000,997.000000,70.000000
2020-05-19,998.000000,998.000000,998.000000,998.000000,70.000000
2020-05-21,998.000000,998.000000,998.000000,998.000000,1000.000000
2020-05-26,983.000000,999.000000,981.500000,985.000000,3310.000000
2020-05-29,997.000000,999.000000,997.000000,997.000000,6090.000000
2020-06-01,1000.000000,1000.000000,999.000000,1000.000000,4420.000000
2020-06-02,1000.000000,1000.000000,1000.000000,1000.000000,210.000000
2020-06-03,999.000000,1000.000000,985.000000,991.000000,28785.000000
2020-06-04,999.000000,1000.000000,997.000000,1000.000000,810.000000
2020-06-08,1000.000000,1000.000000,1000.000000,1000.000000,2285.000000
2020-06-10,1010.000000,1020.000000,1010.000000,1015.000000,8785.000000
2020-06-11,1012.000000,1012.000000,1010.000000,1010.000000,650.000000
2020-06-15,1011.000000,1011.000000,1011.000000,1011.000000,2000.000000
2020-06-16,1011.000000,1011.000000,1011.000000,1011.000000,1985.000000
2020-06-18,1011.000000,1011.000000,1011.000000,1011.000000,50.000000
2020-06-19,1011.000000,1011.000000,1011.000000,1011.000000,1505.000000
2020-06-22,1011.000000,1011.000000,1011.000000,1011.000000,100.000000
2020-06-24,1018.000000,1024.000000,1018.000000,1024.000000,4525.000000
2020-06-25,1024.000000,1024.000000,1024.000000,1024.000000,1900.000000
2020-06-26,1019.000000,1019.000000,1019.000000,1019.000000,3680.000000
2020-06-29,1019.000000,1019.000000,1019.000000,1019.000000,10.000000
2020-06-30,1020.000000,1020.000000,1020.000000,1020.000000,10.000000
2020-07-01,1010.000000,1010.000000,1010.000000,1010.000000,300.000000
2020-07-02,1019.000000,1019.000000,1019.000000,1019.000000,10.000000
2020-07-07,1019.000000,1019.000000,1019.000000,1019.000000,20.000000
2020-07-09,1019.000000,1019.000000,1019.000000,1019.000000,3020.000000
2020-07-10,1019.000000,1019.000000,1000.000000,1000.000000,15330.000000
2020-07-14,1005.000000,1005.000000,1005.000000,1005.000000,10.000000
2020-07-15,1005.000000,1005.000000,1005.000000,1005.000000,50.000000
2020-07-16,1005.000000,1005.000000,1005.000000,1005.000000,20.000000
2020-07-17,1005.000000,1005.000000,1005.000000,1005.000000,20.000000
2020-07-20,1010.000000,1010.000000,1010.000000,1010.000000,10.000000
2020-07-21,1005.000000,1005.000000,1005.000000,1005.000000,10.000000
2020-07-22,1019.000000,1019.000000,1019.000000,1019.000000,10.000000
2020-07-24,1012.000000,1012.000000,1012.000000,1012.000000,50.000000
2020-07-27,1012.000000,1019.000000,1012.000000,1019.000000,530.000000
2020-07-29,1012.000000,1012.000000,1012.000000,1012.000000,1000.000000
2020-07-30,1012.000000,1012.000000,1010.000000,1010.000000,500.000000
2020-08-04,1010.000000,1010.000000,1010.000000,1010.000000,19905.000000
2020-08-07,1010.000000,1010.000000,996.000000,996.000000,4990.000000
2020-08-11,1010.000000,1010.000000,1010.000000,1010.000000,50.000000
2020-08-13,1011.000000,1011.000000,1011.000000,1011.000000,2820.000000
2020-08-14,1010.000000,1010.000000,1010.000000,1010.000000,2170.000000
2020-08-17,1010.000000,1010.000000,1010.000000,1010.000000,2000.000000
2020-08-18,1020.000000,1020.000000,1020.000000,1020.000000,1050.000000
2020-08-19,1020.000000,1020.000000,1010.000000,1010.000000,10420.000000
2020-08-20,1010.000000,1010.000000,1010.000000,1010.000000,8410.000000
2020-08-26,1020.000000,1020.000000,1020.000000,1020.000000,2000.000000
2020-08-27,1020.000000,1020.000000,1020.000000,1020.000000,580.000000
2020-08-28,1020.000000,1030.000000,1020.000000,1030.000000,2280.000000
2020-09-01,1030.000000,1030.000000,1020.000000,1020.000000,1345.000000
2020-09-04,1021.000000,1021.000000,1021.000000,1021.000000,4740.000000
2020-09-11,1021.000000,1030.000000,1021.000000,1030.000000,25.000000
2020-09-14,1021.000000,1021.000000,1021.000000,1021.000000,200.000000
2020-09-15,1029.000000,1029.000000,1021.000000,1021.000000,40.000000
2020-09-18,1020.000000,1020.000000,1020.000000,1020.000000,1135.000000
2020-09-21,1020.000000,1020.000000,1020.000000,1020.000000,1095.000000
2020-09-24,1030.000000,1030.000000,1030.000000,1030.000000,5.000000
2020-09-29,1023.000000,1023.000000,1023.000000,1023.000000,200.000000
2020-09-30,1020.000000,1020.000000,1020.000000,1020.000000,150.000000
2020-10-02,1020.000000,1020.000000,1020.000000,1020.000000,100.000000
2020-10-08,1010.000000,1015.000000,1005.000000,1015.000000,14405.000000
2020-10-12,1005.000000,1005.000000,1005.000000,1005.000000,300.000000
2020-10-16,1006.000000,1006.000000,1006.000000,1006.000000,5.000000
2020-10-26,1015.000000,1015.000000,1015.000000,1015.000000,25765.000000
2020-10-30,1024.000000,1029.000000,1024.000000,1029.000000,210.000000
2020-11-03,1030.000000,1030.000000,1030.000000,1030.000000,250.000000
2020-11-04,1030.000000,1030.000000,1030.000000,1030.000000,205.000000
2020-11-05,1039.000000,1040.000000,1031.000000,1040.000000,4650.000000
2020-11-10,1030.000000,1038.000000,1030.000000,1030.000000,1760.000000
2020-11-11,1030.000000,1030.000000,1029.000000,1029.000000,1860.000000
2020-11-13,1029.000000,1029.000000,1029.000000,1029.000000,6640.000000
2020-11-16,1037.000000,1037.000000,1029.000000,1037.000000,185.000000
2020-11-18,1029.000000,1029.000000,1029.000000,1029.000000,10505.000000
2020-11-19,1029.000000,1029.000000,1029.000000,1029.000000,100.000000
2020-11-20,1029.000000,1029.000000,1029.000000,1029.000000,670.000000
2020-11-23,1029.000000,1029.000000,1029.000000,1029.000000,260.000000
2020-11-24,1029.000000,1029.000000,1029.000000,1029.000000,20.000000
2020-11-25,1029.000000,1029.000000,1029.000000,1029.000000,10.000000
2020-11-26,1029.000000,1029.000000,1029.000000,1029.000000,820.000000
2020-11-27,1029.000000,1029.000000,1029.000000,1029.000000,550.000000
2020-12-01,1029.000000,1029.000000,1029.000000,1029.000000,30.000000
2020-12-03,1029.000000,1029.000000,1029.000000,1029.000000,10.000000
2020-12-04,1029.000000,1029.000000,1029.000000,1029.000000,130.000000
2020-12-07,1029.000000,1029.000000,1029.000000,1029.000000,60.000000
2020-12-09,1030.000000,1030.000000,1029.000000,1029.000000,1000.000000
2020-12-10,1029.000000,1032.000000,1029.000000,1032.000000,40.000000
2020-12-11,1029.000000,1029.000000,1029.000000,1029.000000,10.000000
2020-12-14,1029.000000,1029.000000,1029.000000,1029.000000,100.000000
2020-12-15,1029.000000,1029.000000,1029.000000,1029.000000,160.000000
2020-12-16,1029.000000,1038.000000,1029.000000,1038.000000,1560.000000
2020-12-17,1038.000000,1038.000000,1035.000000,1035.000000,105.000000
2020-12-18,1038.000000,1038.000000,1038.000000,1038.000000,3005.000000
2020-12-21,1035.000000,1035.000000,1035.000000,1035.000000,480.000000
2020-12-22,1038.000000,1039.000000,1029.000000,1029.000000,5135.000000
2020-12-23,1029.000000,1029.000000,1020.000000,1020.000000,1185.000000
2020-12-28,1000.000000,1000.000000,1000.000000,1000.000000,10.000000
2020-12-29,1030.000000,1030.000000,1030.000000,1030.000000,20.000000
2021-01-04,1029.000000,1029.000000,1029.000000,1029.000000,550.000000
2021-01-06,1028.000000,1030.000000,1028.000000,1030.000000,180.000000
2021-01-11,1025.000000,1025.000000,1025.000000,1025.000000,100.000000
2021-01-12,1020.000000,1020.000000,1020.000000,1020.000000,580.000000
2021-01-13,1021.000000,1021.000000,1021.000000,1021.000000,1015.000000
2021-01-14,1030.000000,1030.000000,1030.000000,1030.000000,500.000000
2021-01-19,1021.000000,1021.000000,1021.000000,1021.000000,60.000000
2021-01-20,1021.000000,1021.000000,1021.000000,1021.000000,500.000000
2021-01-21,1021.000000,1021.000000,1021.000000,1021.000000,5.000000
2021-01-22,1028.000000,1028.000000,1028.000000,1028.000000,4390.000000
2021-01-27,1030.000000,1034.000000,1028.000000,1034.000000,3125.000000
2021-01-29,1028.000000,1028.000000,1028.000000,1028.000000,500.000000
2021-02-01,1031.000000,1031.000000,1028.000000,1028.000000,1370.000000
2021-02-03,1030.000000,1030.000000,1030.000000,1030.000000,340.000000
2021-02-04,1030.000000,1031.000000,1030.000000,1031.000000,1200.000000
2021-02-05,1030.000000,1030.000000,1030.000000,1030.000000,2350.000000
2021-02-08,1031.000000,1035.000000,1031.000000,1035.000000,4430.000000
2021-02-10,1030.000000,1030.000000,1030.000000,1030.000000,1000.000000
2021-02-11,1032.000000,1032.000000,1032.000000,1032.000000,5.000000
2021-02-15,1031.000000,1031.000000,1031.000000,1031.000000,4000.000000
2021-02-16,1034.000000,1036.000000,1034.000000,1036.000000,4000.000000
2021-02-18,1035.000000,1035.000000,1035.000000,1035.000000,1150.000000
2021-02-19,1035.000000,1035.000000,1035.000000,1035.000000,10195.000000
2021-02-23,1030.000000,1030.000000,1030.000000,1030.000000,2990.000000
2021-02-24,1030.000000,1030.000000,1029.000000,1029.000000,510.000000
2021-02-26,1029.000000,1029.000000,1029.000000,1029.000000,15.000000
2021-03-01,1030.000000,1034.000000,1030.000000,1034.000000,55.000000
2021-03-02,1030.000000,1030.000000,1030.000000,1030.000000,3000.000000
2021-03-03,1030.000000,1035.000000,1030.000000,1035.000000,2450.000000
2021-03-04,1035.000000,1035.000000,1035.000000,1035.000000,30.000000
2021-03-05,1029.000000,1029.000000,1029.000000,1029.000000,5.000000
2021-03-08,1035.000000,1035.000000,1035.000000,1035.000000,5.000000
2021-03-09,1029.000000,1035.000000,1029.000000,1035.000000,2140.000000
2021-03-11,1030.000000,1036.000000,1030.000000,1036.000000,9280.000000
2021-03-12,1036.000000,1037.000000,1036.000000,1037.000000,1645.000000
2021-03-15,1036.000000,1037.000000,1035.000000,1037.000000,1165.000000
2021-03-16,1038.000000,1038.000000,1038.000000,1038.000000,300.000000
2021-03-17,1030.000000,1039.000000,1030.000000,1038.000000,1800.000000
2021-03-18,1038.000000,1040.000000,1038.000000,1040.000000,48550.000000
2021-03-19,1041.000000,1042.000000,1041.000000,1041.000000,16020.000000
2021-03-22,1041.000000,1041.000000,1040.000000,1041.000000,8520.000000
2021-03-23,1041.000000,1041.000000,1030.000000,1030.000000,6040.000000
2021-03-25,1030.000000,1035.000000,1030.000000,1035.000000,2850.000000
2021-03-26,1035.000000,1040.000000,1035.000000,1040.000000,1630.000000
2021-03-29,1040.000000,1040.000000,1030.000000,1030.000000,1250.000000
2021-03-30,1041.000000,1041.000000,1035.000000,1035.000000,30.000000
2021-03-31,1030.000000,1030.000000,1030.000000,1030.000000,1000.000000
2021-04-05,1035.000000,1035.000000,1035.000000,1035.000000,20.000000
2021-04-07,1035.000000,1041.000000,1035.000000,1041.000000,3495.000000
2021-04-08,1042.000000,1042.000000,1042.000000,1042.000000,1530.000000
2021-04-12,1042.000000,1042.000000,1042.000000,1042.000000,330.000000
2021-04-14,1045.000000,1045.000000,1045.000000,1045.000000,1000.000000
2021-04-19,1048.000000,1048.000000,1048.000000,1048.000000,2470.000000
2021-04-20,1048.000000,1048.000000,1048.000000,1048.000000,105.000000
2021-04-21,1048.000000,1048.000000,1048.000000,1048.000000,3000.000000
2021-04-22,1048.000000,1048.000000,1048.000000,1048.000000,3040.000000
2021-04-23,1031.000000,1048.000000,1031.000000,1048.000000,2050.000000
2021-04-26,1048.000000,1048.000000,1048.000000,1048.000000,1000.000000
2021-04-27,1038.000000,1039.000000,1038.000000,1039.000000,730.000000
2021-04-29,1048.000000,1048.000000,1048.000000,1048.000000,1000.000000
2021-04-30,1035.000000,1035.000000,1035.000000,1035.000000,31360.000000
2021-05-03,1035.000000,1035.000000,1035.000000,1035.000000,50.000000
2021-05-04,1035.000000,1035.000000,1030.000000,1030.000000,2660.000000
2021-05-05,1035.000000,1035.000000,1035.000000,1035.000000,1000.000000
2021-05-07,1046.000000,1046.000000,1046.000000,1046.000000,365.000000
2021-05-10,1045.000000,1045.000000,1045.000000,1045.000000,250.000000
2021-05-12,1045.000000,1045.000000,1045.000000,1045.000000,260.000000
2021-05-17,1046.000000,1046.000000,1046.000000,1046.000000,100.000000
2021-05-18,1046.000000,1046.000000,1046.000000,1046.000000,10.000000
2021-05-19,1046.000000,1046.000000,1046.000000,1046.000000,2800.000000
2021-05-20,1035.000000,1035.000000,1030.000000,1030.000000,2000.000000
2021-05-21,1030.000000,1045.000000,1018.000000,1018.000000,2200.000000
2021-05-25,1019.000000,1019.000000,1018.000000,1018.000000,300.000000
2021-05-28,1044.000000,1044.000000,1044.000000,1044.000000,5.000000
2021-05-31,1044.000000,1044.000000,1044.000000,1044.000000,125.000000
2021-06-01,1040.000000,1040.000000,1040.000000,1040.000000,390.000000
2021-06-03,1030.000000,1030.000000,1020.000000,1020.000000,1435.000000
2021-06-04,1019.000000,1019.000000,1019.000000,1019.000000,135.000000
2021-06-07,1030.000000,1030.000000,1019.000000,1019.000000,1520.000000
2021-06-08,1019.000000,1019.000000,1019.000000,1019.000000,780.000000
2021-06-09,1044.000000,1050.000000,1044.000000,1050.000000,4700.000000
2021-06-14,1049.000000,1049.000000,1049.000000,1049.000000,25.000000
2021-06-15,1049.000000,1049.000000,1049.000000,1049.000000,100.000000
2021-06-21,1049.000000,1049.000000,1049.000000,1049.000000,10.000000
2021-06-22,1049.000000,1049.000000,1049.000000,1049.000000,10.000000
2021-06-23,1049.000000,1049.000000,1049.000000,1049.000000,5.000000
2021-06-24,1049.000000,1049.000000,1049.000000,1049.000000,5.000000
2021-06-25,1035.000000,1035.000000,1035.000000,1035.000000,6000.000000
2021-07-05,1030.000000,1030.000000,1030.000000,1030.000000,11840.000000
2021-07-06,1017.000000,1017.000000,1016.000000,1016.000000,1270.000000
2021-07-07,1030.000000,1030.000000,1030.000000,1030.000000,40.000000
2021-07-08,1020.000000,1020.000000,1020.000000,1020.000000,10.000000
2021-07-09,1049.000000,1049.000000,1030.000000,1030.000000,1005.000000
2021-07-12,1034.000000,1034.000000,1034.000000,1034.000000,1120.000000
2021-07-13,1034.000000,1034.000000,1020.000000,1020.000000,1000.000000
2021-07-14,1020.000000,1020.000000,1020.000000,1020.000000,805.000000
2021-07-19,1020.000000,1020.000000,1020.000000,1020.000000,50.000000
2021-07-22,1020.000000,1020.000000,1020.000000,1020.000000,2000.000000
2021-07-27,1020.000000,1020.000000,1020.000000,1020.000000,16420.000000
2021-07-28,1020.000000,1021.000000,1020.000000,1021.000000,750.000000
2021-07-29,1040.000000,1045.000000,1040.000000,1045.000000,2750.000000
2021-08-02,1045.000000,1045.000000,1045.000000,1045.000000,5.000000
2021-08-05,1021.000000,1040.000000,1021.000000,1040.000000,535.000000
2021-08-13,1021.000000,1021.000000,1021.000000,1021.000000,5.000000
2021-08-18,1021.000000,1021.000000,1021.000000,1021.000000,35.000000
2021-08-19,1021.000000,1021.000000,1021.000000,1021.000000,320.000000
2021-08-24,1042.000000,1042.000000,1042.000000,1042.000000,30.000000
2021-08-25,1041.000000,1042.000000,1041.000000,1042.000000,110.000000
2021-08-26,1022.000000,1022.000000,1021.000000,1021.000000,2000.000000
2021-08-27,1022.000000,1022.000000,1022.000000,1022.000000,200.000000
2021-09-01,1048.000000,1048.000000,1048.000000,1048.000000,10.000000
2021-09-03,1022.000000,1022.000000,1022.000000,1022.000000,2020.000000
2021-09-08,1025.000000,1025.000000,1025.000000,1025.000000,200.000000
2021-09-09,1025.000000,1025.000000,1025.000000,1025.000000,200.000000
2021-09-10,1025.000000,1025.000000,1025.000000,1025.000000,20.000000
2021-09-17,1022.000000,1022.000000,1020.000000,1020.000000,8040.000000
2021-09-22,1021.000000,1030.000000,1020.000000,1030.000000,4500.000000
2021-09-23,1031.000000,1040.000000,1030.000000,1040.000000,5010.000000
2021-09-24,1040.000000,1040.000000,1040.000000,1040.000000,6155.000000
2021-09-28,1035.000000,1035.000000,1030.000000,1030.000000,125.000000
2021-09-30,1030.000000,1030.000000,1030.000000,1030.000000,1090.000000
2021-10-01,1030.000000,1030.000000,1030.000000,1030.000000,1150.000000
2021-10-04,1030.000000,1030.000000,1030.000000,1030.000000,10.000000
2021-10-05,1030.000000,1030.000000,1030.000000,1030.000000,10360.000000
2021-10-06,1030.000000,1030.000000,1030.000000,1030.000000,5400.000000
2021-10-07,1030.000000,1030.000000,1030.000000,1030.000000,600.000000
2021-10-11,1030.000000,1030.000000,1030.000000,1030.000000,500.000000
2021-10-12,1030.000000,1030.000000,1030.000000,1030.000000,10.000000
2021-10-13,1030.000000,1030.000000,1030.000000,1030.000000,400.000000
2021-10-20,1030.000000,1030.000000,1030.000000,1030.000000,15.000000
2021-10-21,1030.000000,1030.000000,1030.000000,1030.000000,100.000000
2021-10-22,1030.000000,1030.000000,1030.000000,1030.000000,300.000000
2021-10-25,1030.000000,1030.000000,1030.000000,1030.000000,5.000000
2021-10-27,1030.000000,1030.000000,1030.000000,1030.000000,15.000000
2021-10-28,1030.000000,1030.000000,1030.000000,1030.000000,7100.000000
2021-11-02,1032.000000,1032.000000,1030.000000,1030.000000,785.000000
2021-11-03,1030.000000,1030.000000,1030.000000,1030.000000,10.000000
2021-11-05,1030.000000,1030.000000,1030.000000,1030.000000,3390.000000
2021-11-08,1031.000000,1031.000000,1030.000000,1030.000000,3000.000000
2021-11-10,1031.000000,1031.000000,1030.000000,1030.000000,2710.000000
2021-11-15,1040.000000,1040.000000,1030.000000,1040.000000,210.000000
2021-11-16,1040.000000,1040.000000,1040.000000,1040.000000,895.000000
2021-11-17,1050.000000,1050.000000,1050.000000,1050.000000,500.000000
2021-11-19,1050.000000,1050.000000,1050.000000,1050.000000,2000.000000
2021-11-26,1040.000000,1040.000000,1040.000000,1040.000000,300.000000
2021-11-29,1030.000000,1030.000000,1030.000000,1030.000000,5.000000
2021-12-01,1030.000000,1030.000000,1030.000000,1030.000000,15.000000
2021-12-02,1030.000000,1030.000000,1030.000000,1030.000000,100.000000
2021-12-07,1030.000000,1030.000000,1014.000000,1014.000000,5215.000000
2021-12-09,1040.000000,1040.000000,1014.000000,1014.000000,3885.000000
2021-12-10,1015.000000,1015.000000,1015.000000,1015.000000,1300.000000
2021-12-13,1035.000000,1040.000000,1035.000000,1040.000000,2000.000000
2021-12-14,1015.000000,1015.000000,1015.000000,1015.000000,130.000000
2021-12-15,1040.000000,1040.000000,1040.000000,1040.000000,5000.000000
2021-12-20,1016.000000,1016.000000,1014.000000,1014.000000,1000.000000
2021-12-24,1015.000000,1015.000000,1014.000000,1014.000000,2800.000000
2022-01-05,1047.000000,1047.000000,1040.000000,1047.000000,550.000000
2022-01-06,1047.000000,1047.000000,1020.000000,1020.000000,22005.000000
2022-01-11,1047.000000,1048.000000,1047.000000,1048.000000,580.000000
2022-01-14,1015.000000,1016.000000,1013.000000,1015.000000,4020.000000
2022-01-17,1043.000000,1048.000000,1043.000000,1048.000000,195.000000
2022-01-18,1045.000000,1045.000000,1045.000000,1045.000000,10.000000
2022-01-20,1044.000000,1044.000000,1044.000000,1044.000000,150.000000
2022-01-28,1013.000000,1043.000000,1012.000000,1043.000000,3005.000000
2022-01-31,1020.000000,1020.000000,1012.000000,1012.000000,570.000000
2022-02-03,1043.000000,1043.000000,1043.000000,1043.000000,10.000000
2022-02-07,1014.000000,1014.000000,1014.000000,1014.000000,10.000000
2022-02-08,1043.000000,1043.000000,1043.000000,1043.000000,10.000000
2022-02-09,1043.000000,1043.000000,1043.000000,1043.000000,10.000000
2022-02-14,1015.000000,1015.000000,1015.000000,1015.000000,9400.000000
2022-02-16,1020.000000,1020.000000,1020.000000,1020.000000,1000.000000
2022-02-22,1015.000000,1020.000000,1015.000000,1020.000000,1400.000000
2022-03-04,1020.000000,1020.000000,1020.000000,1020.000000,2100.000000
2022-03-07,1020.000000,1020.000000,1020.000000,1020.000000,510.000000
2022-03-08,1020.000000,1020.000000,1020.000000,1020.000000,50.000000
2022-03-09,1022.000000,1022.000000,1022.000000,1022.000000,2000.000000
2022-03-10,1020.000000,1020.000000,1020.000000,1020.000000,890.000000
2022-03-15,1040.000000,1040.000000,1039.000000,1039.000000,60.000000
2022-03-16,1020.000000,1020.000000,1020.000000,1020.000000,1370.000000
2022-03-17,1020.000000,1020.000000,1020.000000,1020.000000,1370.000000
2022-03-22,1039.000000,1039.000000,1039.000000,1039.000000,5.000000
2022-03-25,1020.000000,1020.000000,1019.000000,1019.000000,1215.000000
2022-03-28,1039.000000,1039.000000,1039.000000,1039.000000,10.000000
2022-03-29,1039.000000,1039.000000,1039.000000,1039.000000,25.000000
2022-03-30,1020.000000,1020.000000,1020.000000,1020.000000,5.000000
2022-03-31,1015.000000,1015.000000,1015.000000,1015.000000,5.000000
2022-04-04,1010.000000,1015.000000,1010.000000,1010.000000,700.000000
2022-04-06,1015.000000,1015.000000,1015.000000,1015.000000,500.000000
2022-04-08,1035.000000,1035.000000,1010.000000,1010.000000,1345.000000
2022-04-11,1010.000000,1010.000000,1010.000000,1010.000000,2170.000000
2022-04-13,1039.000000,1039.000000,1039.000000,1039.000000,10.000000
2022-04-18,1010.000000,1010.000000,1010.000000,1010.000000,5000.000000
2022-04-21,1010.000000,1010.000000,1010.000000,1010.000000,25.000000
2022-04-25,1035.000000,1035.000000,1035.000000,1035.000000,50.000000
2022-04-27,1010.000000,1010.000000,1010.000000,1010.000000,13680.000000
2022-04-28,1010.000000,1010.000000,1010.000000,1010.000000,4000.000000
2022-05-02,1010.000000,1010.000000,1010.000000,1010.000000,300.000000
2022-05-05,1010.000000,1010.000000,1010.000000,1010.000000,1000.000000
2022-05-10,1005.000000,1005.000000,1005.000000,1005.000000,75.000000
2022-05-11,1010.000000,1010.000000,1010.000000,1010.000000,10.000000
2022-05-13,1010.000000,1010.000000,1010.000000,1010.000000,2430.000000
2022-05-18,1019.000000,1019.000000,1019.000000,1019.000000,40.000000
2022-05-19,1010.000000,1010.000000,1005.000000,1010.000000,10170.000000
2022-05-20,1010.000000,1010.000000,1010.000000,1010.000000,360.000000
2022-05-23,1010.000000,1010.000000,1010.000000,1010.000000,15145.000000
2022-05-24,1010.000000,1010.000000,1010.000000,1010.000000,10895.000000
2022-05-25,1035.000000,1035.000000,1035.000000,1035.000000,5.000000
2022-06-06,1022.000000,1022.000000,1022.000000,1022.000000,2495.000000
2022-06-07,1022.000000,1022.000000,1022.000000,1022.000000,500.000000
2022-06-08,1022.000000,1030.000000,1022.000000,1030.000000,60.000000
2022-06-10,1030.000000,1030.000000,1030.000000,1030.000000,100.000000
2022-06-14,1022.000000,1022.000000,1022.000000,1022.000000,100.000000
2022-06-16,1022.000000,1022.000000,1018.000000,1020.000000,1300.000000
2022-06-20,1028.000000,1028.000000,1028.000000,1028.000000,5.000000
2022-06-27,1028.000000,1028.000000,1028.000000,1028.000000,3420.000000
2022-06-28,1019.000000,1019.000000,1019.000000,1019.000000,70.000000
2022-06-29,1028.000000,1028.000000,1019.000000,1019.000000,230.000000
2022-07-18,1009.000000,1009.000000,1009.000000,1009.000000,3780.000000
2022-07-19,1010.000000,1015.000000,1010.000000,1015.000000,1100.000000
2022-07-21,1014.000000,1014.000000,1014.000000,1014.000000,5.000000
2022-07-22,1014.000000,1014.000000,1014.000000,1014.000000,5.000000
2022-07-26,1014.000000,1015.000000,1014.000000,1015.000000,50.000000
2022-07-27,1000.000000,1000.000000,990.000000,1000.000000,1155.000000
2022-07-28,1000.000000,1000.000000,1000.000000,1000.000000,500.000000
2022-07-29,1000.000000,1000.000000,1000.000000,1000.000000,4675.000000
2022-08-08,1000.000000,1000.000000,1000.000000,1000.000000,385.000000
2022-08-09,1008.000000,1008.000000,1008.000000,1008.000000,505.000000
2022-08-11,1005.000000,1005.000000,1005.000000,1005.000000,15.000000
2022-08-12,1008.000000,1008.000000,1005.000000,1005.000000,220.000000
2022-08-16,1000.000000,1000.000000,998.000000,998.000000,1930.000000
2022-08-18,1010.000000,1010.000000,1010.000000,1010.000000,10.000000
2022-08-24,1000.000000,1000.000000,1000.000000,1000.000000,6510.000000
2022-08-25,1000.000000,1000.000000,1000.000000,1000.000000,1500.000000
2022-09-08,1000.000000,1000.000000,1000.000000,1000.000000,1000.000000
2022-09-12,1005.000000,1005.000000,1000.000000,1000.000000,905.000000
2022-09-13,1005.000000,1005.000000,1005.000000,1005.000000,5060.000000
2022-09-14,1010.000000,1010.000000,1010.000000,1010.000000,1000.000000
2022-09-19,1000.000000,1000.000000,1000.000000,1000.000000,580.000000
2022-09-20,1005.000000,1005.000000,1005.000000,1005.000000,50.000000
2022-09-21,1000.000000,1000.000000,1000.000000,1000.000000,200.000000
2022-09-22,1009.000000,1010.000000,1009.000000,1010.000000,560.000000
2022-09-23,1000.000000,1000.000000,1000.000000,1000.000000,700.000000
2022-09-27,1000.000000,1009.000000,1000.000000,1009.000000,120.000000
2022-09-28,1009.000000,1010.000000,1009.000000,1010.000000,960.000000
2022-09-29,1010.000000,1010.000000,1000.000000,1000.000000,1100.000000
2022-09-30,1000.000000,1000.000000,1000.000000,1000.000000,100.000000
2022-10-05,999.000000,999.000000,999.000000,999.000000,200.000000
2022-10-10,990.000000,990.000000,990.000000,990.000000,30.000000
2022-10-12,990.000000,990.000000,990.000000,990.000000,2100.000000
2022-10-13,990.000000,990.000000,990.000000,990.000000,200.000000
2022-10-14,1004.000000,1004.000000,1004.000000,1004.000000,10.000000
2022-10-18,900.500000,900.500000,900.000000,900.000000,2475.000000
2022-10-19,950.000000,950.000000,950.000000,950.000000,110.000000
2022-10-20,908.000000,998.000000,908.000000,998.000000,1100.000000
2022-10-21,998.000000,998.000000,998.000000,998.000000,130.000000
2022-10-24,998.000000,998.000000,998.000000,998.000000,360.000000
2022-10-25,998.000000,998.000000,998.000000,998.000000,50.000000
2022-11-02,995.000000,995.000000,995.000000,995.000000,270.000000
2022-11-07,990.000000,990.000000,990.000000,990.000000,300.000000
2022-11-08,994.500000,994.500000,950.000000,980.000000,840.000000
2022-11-15,950.000000,980.000000,950.000000,950.000000,80.000000
2022-11-16,950.000000,950.000000,950.000000,950.000000,1440.000000
2022-11-21,950.000000,950.000000,950.000000,950.000000,70.000000
2022-11-22,970.000000,970.000000,970.000000,970.000000,240.000000
2022-11-23,970.000000,970.000000,970.000000,970.000000,1160.000000
2022-11-24,970.000000,970.000000,970.000000,970.000000,600.000000
2022-11-25,950.000000,950.000000,950.000000,950.000000,930.000000
2022-11-28,950.000000,950.000000,950.000000,950.000000,700.000000
2022-12-01,960.000000,960.000000,960.000000,960.000000,1000.000000
2022-12-02,960.000000,960.000000,950.000000,950.000000,2840.000000
2022-12-05,960.000000,960.000000,955.000000,960.000000,750.000000
2022-12-07,960.000000,960.000000,960.000000,960.000000,10.000000
2022-12-12,962.000000,962.000000,960.000000,960.000000,1170.000000
2022-12-13,960.000000,960.000000,960.000000,960.000000,20.000000
2022-12-14,955.000000,955.000000,950.000000,950.000000,1040.000000
2022-12-19,970.000000,970.000000,970.000000,970.000000,40.000000
2022-12-20,960.000000,960.000000,950.000000,955.000000,1000.000000
2022-12-21,955.000000,992.000000,950.000000,992.000000,440.000000
2022-12-22,990.000000,990.000000,990.000000,990.000000,50.000000
2022-12-23,992.000000,992.000000,984.500000,984.500000,2210.000000
2023-01-10,984.500000,984.500000,984.500000,984.500000,10.000000
2023-01-13,995.000000,995.000000,950.000000,995.000000,130.000000
2023-01-24,995.000000,995.000000,995.000000,995.000000,30.000000
2023-01-25,995.000000,995.000000,995.000000,995.000000,10.000000
2023-01-30,995.000000,995.000000,950.000000,950.000000,110.000000
2023-02-01,950.500000,950.500000,950.500000,950.500000,2100.000000
2023-02-03,990.000000,990.000000,990.000000,990.000000,10.000000
2023-02-06,990.000000,990.000000,990.000000,990.000000,10.000000
2023-02-07,952.500000,952.500000,952.500000,952.500000,900.000000
2023-02-17,953.000000,953.000000,952.000000,952.000000,100.000000
2023-02-20,990.000000,990.000000,990.000000,990.000000,50.000000
2023-03-02,950.500000,951.000000,950.000000,951.000000,3010.000000
2023-03-08,984.500000,984.500000,984.500000,984.500000,10.000000
2023-03-09,985.000000,985.000000,985.000000,985.000000,50.000000
2023-03-14,951.000000,951.000000,950.000000,950.000000,3000.000000
2023-03-15,950.000000,950.000000,950.000000,950.000000,350.000000
2023-03-16,950.000000,950.000000,950.000000,950.000000,100.000000
2023-03-17,930.500000,930.500000,930.000000,930.000000,300.000000
2023-03-20,931.000000,931.000000,930.000000,930.000000,8100.000000
2023-03-21,931.000000,931.000000,931.000000,931.000000,500.000000
2023-03-29,940.000000,940.000000,940.000000,940.000000,20.000000
2023-04-14,940.000000,940.000000,940.000000,940.000000,6000.000000
2023-04-17,912.000000,912.000000,911.500000,911.500000,100.000000
2023-04-24,950.000000,950.000000,950.000000,950.000000,1000.000000
2023-04-26,949.000000,949.000000,944.000000,944.000000,230.000000
2023-04-27,944.000000,944.000000,944.000000,944.000000,10.000000
2023-05-03,945.000000,945.000000,945.000000,945.000000,10.000000
2023-05-09,945.000000,945.000000,945.000000,945.000000,10.000000
2023-05-16,935.000000,944.000000,935.000000,944.000000,20.000000
2023-05-18,944.000000,944.000000,944.000000,944.000000,200.000000
2023-05-19,944.000000,944.000000,944.000000,944.000000,80.000000
2023-05-23,935.000000,935.000000,935.000000,935.000000,10.000000
2023-05-24,940.000000,940.000000,940.000000,940.000000,10.000000
2023-05-26,945.000000,945.000000,945.000000,945.000000,50.000000
2023-05-31,945.000000,945.000000,945.000000,945.000000,60.000000
2023-06-01,945.000000,945.000000,945.000000,945.000000,390.000000
2023-06-02,948.500000,949.500000,948.500000,949.500000,300.000000
2023-06-06,948.500000,949.000000,948.500000,948.500000,1500.000000
2023-06-07,948.500000,948.500000,936.000000,936.000000,2000.000000
2023-06-08,936.000000,936.000000,936.000000,936.000000,2000.000000
2023-06-13,936.500000,936.500000,931.000000,931.000000,1700.000000
2023-06-14,940.000000,940.000000,940.000000,940.000000,500.000000
2023-06-16,964.500000,964.500000,964.500000,964.500000,10.000000
2023-06-20,965.000000,965.000000,965.000000,965.000000,300.000000
2023-06-21,965.000000,970.000000,938.000000,970.000000,2650.000000
2023-06-22,960.000000,960.000000,960.000000,960.000000,10.000000
2023-06-23,960.000000,960.000000,960.000000,960.000000,10.000000
2023-06-27,960.000000,960.000000,960.000000,960.000000,140.000000
2023-06-29,950.000000,950.000000,948.000000,948.000000,500.000000
2023-07-03,950.000000,950.000000,950.000000,950.000000,640.000000
2023-07-04,955.000000,955.000000,950.000000,950.000000,90.000000
2023-07-05,950.500000,955.000000,950.500000,955.000000,110.000000
2023-07-06,950.500000,950.500000,950.500000,950.500000,100.000000
2023-07-10,955.000000,955.000000,955.000000,955.000000,470.000000
2023-07-19,952.000000,952.000000,952.000000,952.000000,40.000000
2023-07-21,952.000000,952.000000,952.000000,952.000000,500.000000
2023-07-24,952.000000,952.000000,952.000000,952.000000,4830.000000
2023-07-26,932.500000,932.500000,932.500000,932.500000,1800.000000
2023-07-28,933.500000,933.500000,933.500000,933.500000,930.000000
2023-08-04,973.500000,973.500000,973.500000,973.500000,10.000000
2023-08-14,937.000000,937.000000,935.000000,935.000000,100.000000
2023-08-15,941.000000,941.000000,941.000000,941.000000,1010.000000
2023-08-16,941.000000,941.000000,941.000000,941.000000,1000.000000
2023-08-18,941.000000,941.000000,941.000000,941.000000,200.000000
2023-08-23,941.000000,941.000000,933.000000,933.000000,1070.000000
2023-08-29,940.000000,940.000000,940.000000,940.000000,10.000000
2023-08-30,968.000000,968.000000,968.000000,968.000000,10.000000
2023-09-14,968.000000,968.000000,968.000000,968.000000,10.000000
2023-09-18,943.000000,943.000000,910.500000,910.500000,4840.000000
2023-09-25,912.500000,947.000000,912.500000,947.000000,600.000000
2023-09-27,913.000000,913.000000,900.000000,900.000000,2100.000000
2023-10-02,940.000000,940.000000,940.000000,940.000000,100.000000
2023-10-03,950.000000,950.000000,950.000000,950.000000,50.000000
2023-10-06,910.000000,912.000000,910.000000,911.000000,600.000000
2023-10-09,912.000000,912.500000,912.000000,912.000000,6460.000000
2023-10-10,912.000000,912.000000,912.000000,912.000000,1050.000000
2023-10-13,915.000000,916.500000,910.000000,910.000000,2060.000000
2023-10-17,916.500000,916.500000,916.500000,916.500000,50.000000
2023-10-20,940.000000,940.000000,940.000000,940.000000,110.000000
2023-10-24,917.000000,917.000000,915.000000,915.000000,2100.000000
2023-10-25,949.500000,950.000000,940.000000,940.000000,30.000000
2023-10-27,950.000000,950.000000,950.000000,950.000000,10.000000
2023-10-31,917.000000,917.000000,915.000000,915.000000,5810.000000
2023-11-06,917.500000,917.500000,916.000000,916.000000,2000.000000
2023-11-07,917.500000,917.500000,917.000000,917.000000,490.000000
2023-11-15,918.500000,918.500000,918.500000,918.500000,500.000000
2023-11-16,918.500000,925.000000,918.500000,925.000000,550.000000
2023-11-17,939.000000,940.000000,939.000000,940.000000,2130.000000
2023-11-20,940.000000,940.000000,935.000000,935.000000,40.000000
2023-11-21,936.000000,948.000000,936.000000,948.000000,70.000000
2023-11-22,950.000000,950.000000,950.000000,950.000000,1000.000000
2023-11-29,940.500000,940.500000,940.500000,940.500000,900.000000
2023-12-07,944.500000,944.500000,936.000000,936.000000,2110.000000
2023-12-11,937.500000,937.500000,937.500000,937.500000,930.000000
2023-12-14,940.000000,940.000000,937.500000,937.500000,40.000000
2023-12-15,938.500000,938.500000,937.500000,937.500000,900.000000
2023-12-18,937.500000,937.500000,937.500000,937.500000,2500.000000
2023-12-27,940.000000,940.000000,940.000000,940.000000,10.000000
2024-01-04,943.000000,995.000000,943.000000,995.000000,8810.000000
2024-01-08,950.000000,950.000000,950.000000,950.000000,30.000000
2024-01-12,950.500000,950.500000,950.500000,950.500000,60.000000
2024-01-19,950.500000,950.500000,950.500000,950.500000,50.000000
2024-01-22,950.500000,950.500000,950.500000,950.500000,100.000000
2024-01-23,951.000000,951.000000,951.000000,951.000000,520.000000
2024-01-24,979.000000,979.500000,979.000000,979.500000,100.000000
2024-01-29,978.000000,978.000000,978.000000,978.000000,10.000000
2024-01-30,953.000000,980.000000,952.000000,980.000000,900.000000
2024-02-05,955.000000,955.000000,952.000000,952.000000,60.000000
2024-02-06,952.000000,979.000000,952.000000,979.000000,770.000000
2024-02-08,952.500000,952.500000,952.000000,952.000000,1080.000000
2024-02-12,955.000000,955.000000,955.000000,955.000000,50.000000
2024-02-14,978.000000,978.000000,965.000000,965.000000,850.000000
2024-02-15,965.000000,965.000000,965.000000,965.000000,30.000000
2024-02-19,978.000000,978.000000,978.000000,978.000000,10.000000
2024-02-20,965.000000,965.000000,952.000000,952.000000,2280.000000
2024-02-26,953.000000,953.000000,952.000000,952.000000,500.000000
2024-03-06,952.000000,952.000000,952.000000,952.000000,90.000000
2024-03-07,952.000000,952.000000,952.000000,952.000000,850.000000
2024-03-08,950.500000,951.000000,950.000000,950.000000,3450.000000
2024-03-11,952.000000,970.000000,950.500000,950.500000,720.000000
2024-03-12,950.000000,950.000000,950.000000,950.000000,160.000000
2024-03-13,950.000000,950.000000,950.000000,950.000000,850.000000
2024-03-15,950.000000,950.000000,950.000000,950.000000,400.000000
2024-03-18,969.500000,969.500000,950.000000,950.000000,520.000000
2024-03-21,950.000000,950.000000,950.000000,950.000000,150.000000
2024-03-25,950.000000,950.000000,950.000000,950.000000,1510.000000
2024-03-26,950.000000,950.000000,950.000000,950.000000,280.000000
2024-03-27,950.000000,950.000000,950.000000,950.000000,30.000000
2024-04-01,950.000000,950.000000,950.000000,950.000000,20.000000
2024-04-02,950.000000,950.000000,950.000000,950.000000,1170.000000
2024-04-03,964.000000,964.000000,964.000000,964.000000,10.000000
2024-04-08,963.500000,963.500000,938.000000,938.000000,510.000000
2024-04-11,938.000000,938.000000,935.000000,935.000000,720.000000
2024-04-16,940.000000,940.000000,940.000000,940.000000,40.000000
2024-04-19,940.000000,940.000000,940.000000,940.000000,80.000000
2024-04-23,960.000000,960.000000,960.000000,960.000000,100.000000
2024-04-24,960.000000,964.000000,960.000000,964.000000,100.000000
2024-04-26,964.000000,964.000000,964.000000,964.000000,20.000000
2024-04-29,964.000000,964.000000,960.000000,964.000000,150.000000
2024-04-30,964.000000,964.000000,964.000000,964.000000,10.000000
2024-05-03,960.000000,960.000000,960.000000,960.000000,10.000000
2024-05-06,960.000000,960.000000,960.000000,960.000000,160.000000
2024-05-07,954.000000,954.000000,954.000000,954.000000,60.000000
2024-05-08,950.000000,960.000000,950.000000,960.000000,660.000000
2024-05-13,964.000000,964.000000,950.000000,950.000000,440.000000
2024-05-14,945.000000,945.000000,940.000000,940.000000,1820.000000
2024-05-17,953.000000,953.000000,945.000000,945.000000,2000.000000
2024-05-21,964.000000,964.000000,964.000000,964.000000,10.000000
2024-05-22,963.500000,963.500000,963.500000,963.500000,10.000000
2024-05-24,963.500000,963.500000,963.500000,963.500000,400.000000
2024-06-04,963.500000,963.500000,940.000000,940.000000,2540.000000
2024-06-10,955.000000,955.000000,955.000000,955.000000,20.000000
2024-06-13,955.000000,955.000000,940.000000,940.000000,540.000000
2024-06-14,963.500000,963.500000,963.500000,963.500000,10.000000
2024-06-19,940.000000,945.000000,940.000000,945.000000,1050.000000
2024-06-20,964.000000,964.000000,964.000000,964.000000,20.000000
2024-06-26,963.500000,963.500000,963.500000,963.500000,10.000000
2024-06-28,963.500000,963.500000,963.500000,963.500000,750.000000
2024-07-01,962.000000,962.000000,962.000000,962.000000,10.000000
2024-07-03,963.500000,963.500000,963.500000,963.500000,10.000000
2024-07-04,963.500000,963.500000,963.500000,963.500000,10.000000
2024-07-05,942.000000,950.000000,942.000000,950.000000,2700.000000
2024-07-08,950.000000,950.000000,950.000000,950.000000,540.000000
2024-07-09,945.000000,945.000000,942.000000,945.000000,1320.000000
2024-07-10,945.000000,945.000000,945.000000,945.000000,160.000000
2024-07-11,942.500000,942.500000,942.500000,942.500000,1080.000000
2024-07-29,950.000000,950.000000,950.000000,950.000000,150.000000
2024-07-31,951.000000,951.000000,939.500000,939.500000,1080.000000
2024-08-19,945.000000,945.000000,945.000000,945.000000,10.000000
2024-08-20,945.000000,945.000000,945.000000,945.000000,120.000000
2024-08-21,945.000000,945.000000,940.500000,940.500000,1470.000000
2024-08-28,963.000000,963.000000,963.000000,963.000000,100.000000
2024-08-30,960.000000,960.000000,960.000000,960.000000,90.000000
2024-09-10,960.000000,960.000000,960.000000,960.000000,20.000000
2024-09-18,960.000000,960.000000,960.000000,960.000000,1340.000000
2024-09-23,960.000000,960.000000,960.000000,960.000000,3050.000000
2024-09-24,960.000000,960.000000,960.000000,960.000000,100.000000
2024-09-25,960.000000,964.000000,960.000000,964.000000,4910.000000
2024-10-01,960.000000,960.000000,960.000000,960.000000,5000.000000
2024-10-02,994.000000,994.000000,994.000000,994.000000,260.000000
2024-10-04,980.000000,980.000000,980.000000,980.000000,50.000000
2024-10-07,960.500000,970.000000,930.000000,930.000000,1500.000000
2024-10-21,990.000000,990.000000,990.000000,990.000000,20.000000
2024-10-23,988.000000,988.000000,988.000000,988.000000,10.000000
2024-10-30,952.500000,952.500000,952.500000,952.500000,90.000000
2024-11-07,960.000000,960.000000,960.000000,960.000000,60.000000
2024-11-11,953.500000,953.500000,953.500000,953.500000,1000.000000
2024-11-13,953.500000,953.500000,953.500000,953.500000,90.000000
2024-11-14,955.000000,955.000000,953.500000,953.500000,280.000000
2024-11-15,953.500000,953.500000,953.500000,953.500000,10.000000
2024-11-20,960.000000,960.000000,960.000000,960.000000,39100.000000
2024-11-25,957.500000,957.500000,955.000000,955.000000,6640.000000
2024-11-27,960.000000,960.000000,960.000000,960.000000,10.000000
2024-11-28,957.000000,957.000000,955.000000,955.000000,4340.000000
2024-12-02,956.500000,970.000000,956.500000,970.000000,570.000000
2024-12-05,960.500000,960.500000,960.500000,960.500000,1520.000000
2024-12-09,986.000000,987.000000,985.000000,987.000000,310.000000
2024-12-10,986.000000,986.000000,986.000000,986.000000,10.000000
2024-12-11,980.000000,980.000000,958.000000,958.000000,8400.000000
2024-12-13,961.000000,961.000000,961.000000,961.000000,100.000000
2024-12-16,962.000000,962.000000,962.000000,962.000000,50.000000
2024-12-17,970.000000,970.000000,970.000000,970.000000,10.000000
2024-12-18,975.000000,975.000000,975.000000,975.000000,10.000000
2024-12-19,970.000000,970.000000,970.000000,970.000000,30.000000
2024-12-23,961.500000,961.500000,958.000000,958.000000,13000.000000
2024-12-27,987.000000,990.000000,975.000000,990.000000,420.000000
2025-01-02,990.000000,990.000000,990.000000,990.000000,60.000000
2025-01-03,980.000000,985.000000,980.000000,985.000000,20.000000
2025-01-07,970.000000,985.000000,957.000000,985.000000,510.000000
2025-01-09,980.000000,980.000000,980.000000,980.000000,40.000000
2025-01-14,980.000000,980.000000,980.000000,980.000000,10.000000
2025-01-15,958.500000,994.000000,956.500000,994.000000,6070.000000
2025-01-22,991.000000,991.000000,965.000000,965.000000,1210.000000
2025-01-24,991.000000,991.000000,991.000000,991.000000,50.000000
2025-01-28,965.000000,965.000000,965.000000,965.000000,4700.000000
2025-01-31,965.000000,980.000000,965.000000,980.000000,290.000000
2025-02-03,980.000000,980.000000,970.000000,970.000000,60.000000
2025-02-04,970.000000,970.000000,970.000000,970.000000,700.000000
2025-02-05,965.000000,965.000000,965.000000,965.000000,40.000000
2025-02-06,975.000000,975.000000,965.000000,965.000000,600.000000
2025-02-10,970.000000,970.000000,970.000000,970.000000,20.000000
2025-02-11,965.000000,975.000000,956.500000,975.000000,4140.000000
2025-02-12,957.000000,960.000000,956.500000,956.500000,2650.000000
2025-02-13,957.000000,960.500000,956.500000,960.500000,5000.000000
2025-02-18,970.000000,970.500000,970.000000,970.500000,300.000000
2025-02-20,970.000000,970.000000,970.000000,970.000000,40.000000
2025-02-21,970.000000,970.000000,961.000000,961.000000,660.000000
2025-02-24,961.000000,961.000000,956.500000,956.500000,4780.000000
2025-02-26,970.500000,970.500000,970.500000,970.500000,150.000000
2025-02-27,970.500000,970.500000,970.500000,970.500000,1660.000000
2025-03-03,970.000000,990.000000,970.000000,990.000000,30.000000
2025-03-05,967.000000,967.000000,956.000000,957.000000,9540.000000
2025-03-11,957.000000,957.000000,957.000000,957.000000,520.000000
2025-03-14,980.000000,980.000000,980.000000,980.000000,20.000000
2025-03-17,980.000000,980.000000,980.000000,980.000000,100.000000
2025-03-24,960.500000,971.000000,960.500000,971.000000,520.000000
2025-03-25,975.000000,975.500000,975.000000,975.000000,9030.000000
2025-03-26,976.500000,976.500000,976.500000,976.500000,100.000000
2025-03-27,976.500000,976.500000,975.000000,976.500000,570.000000
2025-03-28,977.500000,977.500000,977.000000,977.000000,2770.000000
2025-03-31,978.500000,980.000000,978.500000,980.000000,6140.000000
2025-04-02,980.000000,988.000000,970.000000,970.000000,720.000000
2025-04-04,977.000000,977.000000,977.000000,977.000000,2740.000000
2025-04-07,977.000000,988.000000,977.000000,987.000000,360.000000
2025-04-08,987.000000,987.000000,987.000000,987.000000,10.000000
2025-04-10,980.000000,980.000000,980.000000,980.000000,50.000000
2025-04-23,977.000000,977.000000,977.000000,977.000000,20.000000
2025-04-28,980.000000,980.000000,977.000000,977.000000,2010.000000
2025-04-30,978.000000,978.000000,978.000000,978.000000,60.000000
2025-05-05,978.000000,978.000000,978.000000,978.000000,10.000000
2025-05-06,965.000000,977.000000,965.000000,977.000000,470.000000
2025-05-07,977.000000,977.000000,977.000000,977.000000,4000.000000
2025-05-09,960.000000,978.000000,960.000000,978.000000,60.000000
2025-05-13,977.000000,977.000000,977.000000,977.000000,800.000000
2025-05-14,978.000000,978.000000,978.000000,978.000000,20.000000
2025-05-15,978.000000,978.000000,978.000000,978.000000,10.000000
2025-05-19,960.000000,960.000000,958.000000,958.000000,1040.000000
2025-05-20,977.000000,978.000000,977.000000,978.000000,2990.000000
2025-05-21,977.000000,977.000000,977.000000,977.000000,10.000000
2025-05-22,980.000000,980.000000,980.000000,980.000000,1100.000000
2025-05-23,980.000000,980.000000,980.000000,980.000000,10.000000
2025-06-04,985.000000,985.000000,985.000000,985.000000,120.000000
2025-06-09,980.000000,980.000000,980.000000,980.000000,30.000000
2025-06-13,965.000000,965.000000,961.000000,961.000000,1000.000000
2025-06-17,970.000000,970.000000,970.000000,970.000000,10.000000
2025-06-23,962.000000,962.000000,962.000000,962.000000,1800.000000
2025-06-24,985.000000,985.000000,985.000000,985.000000,10.000000
2025-06-26,985.000000,985.000000,985.000000,985.000000,10.000000
2025-06-30,963.500000,963.500000,963.500000,963.500000,900.000000
2025-07-01,970.000000,985.000000,970.000000,985.000000,50.000000
2025-07-02,985.000000,985.000000,985.000000,985.000000,20.000000
2025-07-03,985.000000,985.000000,984.000000,985.000000,90.000000
2025-07-04,985.000000,985.000000,980.000000,980.000000,20.000000
2025-07-07,980.000000,980.000000,980.000000,980.000000,10.000000
2025-07-08,980.000000,980.000000,960.000000,960.000000,1280.000000
2025-07-09,980.000000,980.000000,960.000000,960.000000,600.000000
2025-07-10,960.000000,960.000000,960.000000,960.000000,50.000000
2025-07-11,980.000000,980.000000,980.000000,980.000000,200.000000
2025-07-14,960.000000,960.000000,956.000000,956.000000,1080.000000
2025-07-15,956.000000,956.000000,956.000000,956.000000,50.000000
2025-07-16,956.000000,956.000000,951.000000,953.500000,6700.000000
2025-07-24,975.000000,975.000000,975.000000,975.000000,1000.000000
2025-07-28,975.000000,975.000000,975.000000,975.000000,10.000000
2025-07-31,975.000000,975.000000,975.000000,975.000000,100.000000
2025-08-04,970.000000,970.000000,970.000000,970.000000,20.000000
2025-08-05,970.000000,970.000000,970.000000,970.000000,200.000000
2025-08-06,970.000000,970.000000,970.000000,970.000000,260.000000
2025-08-07,970.000000,970.000000,970.000000,970.000000,10.000000
2025-08-12,970.000000,970.000000,970.000000,970.000000,760.000000
2025-08-13,967.000000,967.000000,967.000000,967.000000,500.000000
2025-08-14,967.000000,970.000000,955.500000,970.000000,3600.000000
2025-08-15,970.000000,970.000000,970.000000,970.000000,1200.000000
2025-08-18,970.000000,970.000000,970.000000,970.000000,4890.000000
2025-08-19,975.000000,980.000000,975.000000,980.000000,1260.000000
2025-08-20,980.000000,980.000000,980.000000,980.000000,10.000000
2025-08-22,956.000000,960.000000,956.000000,960.000000,80020.000000
2025-08-28,990.000000,990.000000,980.000000,980.000000,30.000000
2025-08-29,980.000000,980.000000,980.000000,980.000000,10.000000
2025-09-03,980.000000,980.000000,980.000000,980.000000,260.000000
2025-09-04,980.000000,980.000000,980.000000,980.000000,1040.000000
2025-09-09,970.000000,984.000000,970.000000,980.000000,780.000000
2025-09-10,978.000000,978.000000,978.000000,978.000000,30.000000
2025-09-11,980.000000,980.000000,980.000000,980.000000,70.000000
2025-09-17,970.000000,976.000000,970.000000,976.000000,6100.000000
2025-09-19,979.000000,979.000000,979.000000,979.000000,10.000000
2025-09-22,975.000000,975.000000,975.000000,975.000000,520.000000
2025-09-23,975.000000,985.000000,975.000000,985.000000,2100.000000
2025-09-24,985.000000,985.000000,980.000000,980.000000,300.000000
2025-09-25,980.000000,985.000000,975.000000,975.000000,1580.000000
2025-09-26,985.000000,985.000000,985.000000,985.000000,10.000000
