2014-12-03,105.000000,105.000000,101.000000,102.000000,56970.000000
2014-12-04,101.500000,102.500000,101.500000,102.000000,81880.000000
2014-12-05,101.500000,101.500000,101.000000,101.500000,10750.000000
2014-12-09,101.000000,102.500000,101.000000,102.000000,181980.000000
2014-12-11,101.200000,101.200000,101.200000,101.200000,16770.000000
2014-12-12,101.200000,102.500000,101.200000,102.500000,164400.000000
2014-12-15,101.800000,102.000000,101.500000,101.500000,80800.000000
2014-12-16,102.000000,102.000000,102.000000,102.000000,500.000000
2014-12-17,102.000000,102.000000,101.500000,101.500000,3000.000000
2014-12-18,101.100000,101.200000,101.000000,101.000000,60120.000000
2014-12-22,101.500000,102.500000,101.500000,102.500000,1000.000000
2014-12-29,102.500000,103.000000,102.500000,103.000000,1250.000000
2015-01-05,102.000000,102.000000,102.000000,102.000000,500.000000
2015-01-07,102.800000,103.000000,102.800000,103.000000,30750.000000
2015-01-13,103.000000,103.600000,103.000000,103.600000,19290.000000
2015-01-19,102.500000,102.500000,102.500000,102.500000,170100.000000
2015-01-20,103.000000,103.000000,103.000000,103.000000,13500.000000
2015-01-21,102.000000,103.000000,102.000000,103.000000,30500.000000
2015-01-23,103.500000,103.500000,103.500000,103.500000,100.000000
2015-01-26,103.000000,103.000000,103.000000,103.000000,10000.000000
2015-01-27,103.000000,103.000000,103.000000,103.000000,4700.000000
2015-01-28,103.000000,103.000000,103.000000,103.000000,32100.000000
2015-01-29,103.000000,103.000000,103.000000,103.000000,11250.000000
2015-01-30,103.800000,103.800000,103.500000,103.500000,600.000000
2015-02-02,103.000000,103.000000,103.000000,103.000000,1000.000000
2015-02-04,103.000000,103.100000,103.000000,103.100000,1000.000000
2015-02-05,103.100000,103.100000,103.000000,103.000000,34000.000000
2015-02-06,103.500000,103.500000,103.500000,103.500000,5000.000000
2015-02-09,103.500000,103.500000,103.000000,103.000000,82750.000000
2015-02-10,103.100000,103.100000,103.100000,103.100000,10000.000000
2015-02-11,103.500000,105.000000,103.500000,105.000000,66750.000000
2015-02-12,105.000000,105.000000,105.000000,105.000000,39160.000000
2015-02-16,105.300000,105.500000,105.300000,105.500000,7100.000000
2015-02-17,105.500000,105.500000,103.000000,103.000000,12550.000000
2015-02-18,103.000000,109.000000,103.000000,109.000000,46020.000000
2015-02-20,109.000000,109.000000,108.700000,108.700000,790.000000
2015-02-25,106.000000,106.000000,106.000000,106.000000,10500.000000
2015-02-26,106.000000,106.000000,106.000000,106.000000,270.000000
2015-02-27,106.000000,107.800000,106.000000,106.000000,6640.000000
2015-03-02,106.000000,106.000000,106.000000,106.000000,80390.000000
2015-03-03,106.000000,106.000000,106.000000,106.000000,14500.000000
2015-03-04,107.000000,107.500000,107.000000,107.500000,31000.000000
2015-03-05,108.500000,108.500000,108.500000,108.500000,29000.000000
2015-03-06,107.500000,108.000000,107.500000,108.000000,38600.000000
2015-03-09,108.000000,108.500000,108.000000,108.000000,8020.000000
2015-03-10,108.000000,108.000000,107.000000,107.500000,90710.000000
2015-03-11,107.500000,107.500000,107.500000,107.500000,1000.000000
2015-03-12,108.400000,108.500000,107.800000,108.500000,44800.000000
2015-03-13,108.400000,108.500000,108.400000,108.500000,27570.000000
2015-03-16,108.500000,108.500000,108.200000,108.500000,26450.000000
2015-03-17,108.500000,109.000000,108.200000,108.200000,33400.000000
2015-03-18,108.200000,108.200000,108.200000,108.200000,26050.000000
2015-03-19,108.300000,108.300000,108.200000,108.200000,34000.000000
2015-03-20,109.000000,109.000000,108.300000,108.900000,28800.000000
2015-03-23,109.000000,110.000000,109.000000,110.000000,22200.000000
2015-03-24,109.000000,109.000000,108.800000,108.800000,40000.000000
2015-03-25,109.000000,110.000000,109.000000,110.000000,70000.000000
2015-03-26,111.000000,111.000000,111.000000,111.000000,20000.000000
2015-03-27,111.000000,111.000000,111.000000,111.000000,70.000000
2015-03-30,111.000000,111.000000,110.000000,110.000000,2190.000000
2015-03-31,109.800000,109.800000,109.000000,109.000000,15100.000000
2015-04-01,108.900000,108.900000,108.900000,108.900000,500.000000
2015-04-06,108.800000,108.800000,108.800000,108.800000,3000.000000
2015-04-07,109.000000,109.000000,109.000000,109.000000,2630.000000
2015-04-08,109.000000,109.000000,109.000000,109.000000,26000.000000
2015-04-10,109.000000,109.000000,108.800000,108.800000,9400.000000
2015-04-13,109.000000,109.000000,109.000000,109.000000,145630.000000
2015-04-14,109.000000,109.000000,109.000000,109.000000,131350.000000
2015-04-16,110.000000,111.000000,110.000000,111.000000,10000.000000
2015-04-17,111.000000,111.000000,111.000000,111.000000,270.000000
2015-04-20,111.000000,111.000000,111.000000,111.000000,280.000000
2015-04-21,111.000000,111.000000,110.000000,110.000000,430.000000
2015-04-22,111.000000,111.000000,110.900000,111.000000,12840.000000
2015-04-23,111.000000,111.000000,111.000000,111.000000,6700.000000
2015-04-24,111.000000,111.000000,110.000000,110.000000,51430.000000
2015-04-27,111.000000,111.000000,111.000000,111.000000,74280.000000
2015-04-28,111.000000,113.000000,111.000000,113.000000,6730.000000
2015-04-29,113.000000,113.500000,113.000000,113.500000,7000.000000
2015-04-30,113.500000,113.500000,112.000000,113.500000,120.000000
2015-05-04,115.900000,115.900000,115.900000,115.900000,170.000000
2015-05-05,108.100000,108.100000,108.100000,108.100000,170.000000
2015-05-11,109.000000,115.500000,109.000000,115.000000,43500.000000
2015-05-19,111.100000,111.100000,111.100000,111.100000,30.000000
2015-05-25,113.500000,113.500000,113.500000,113.500000,50.000000
2015-05-26,113.000000,114.900000,113.000000,114.900000,6100.000000
2015-05-27,114.700000,114.700000,114.700000,114.700000,50.000000
2015-05-29,114.700000,114.700000,111.500000,111.500000,100200.000000
2015-06-02,111.500000,111.500000,111.500000,111.500000,10.000000
2015-06-03,114.700000,114.700000,111.000000,111.000000,54970.000000
2015-06-04,111.100000,111.100000,111.100000,111.100000,110.000000
2015-06-05,111.500000,111.500000,111.500000,111.500000,500.000000
2015-06-08,111.100000,111.100000,111.100000,111.100000,100.000000
2015-06-09,113.800000,113.800000,113.800000,113.800000,150.000000
2015-06-10,114.600000,114.600000,111.000000,111.000000,29560.000000
2015-06-11,111.000000,111.000000,111.000000,111.000000,40410.000000
2015-06-15,110.000000,110.000000,110.000000,110.000000,100.000000
2015-06-16,110.000000,110.500000,110.000000,110.000000,4600.000000
2015-06-17,111.000000,111.000000,110.000000,111.000000,22100.000000
2015-06-18,111.000000,111.000000,111.000000,111.000000,5050.000000
2015-06-19,110.000000,110.000000,110.000000,110.000000,80.000000
2015-06-22,111.000000,111.000000,111.000000,111.000000,50000.000000
2015-06-23,111.000000,111.000000,110.000000,110.500000,47280.000000
2015-06-24,110.500000,110.500000,110.500000,110.500000,17510.000000
2015-06-29,112.000000,112.000000,112.000000,112.000000,80.000000
2015-06-30,111.500000,111.500000,111.500000,111.500000,14150.000000
2015-07-01,111.500000,112.000000,111.000000,112.000000,14750.000000
2015-07-03,112.000000,114.000000,112.000000,114.000000,610.000000
2015-07-06,114.000000,114.000000,112.000000,114.000000,4370.000000
2015-07-07,114.000000,114.000000,114.000000,114.000000,50.000000
2015-07-08,111.000000,111.000000,110.500000,110.500000,1100.000000
2015-07-09,113.500000,113.500000,113.500000,113.500000,80.000000
2015-07-10,113.000000,113.000000,113.000000,113.000000,9750.000000
2015-07-13,113.000000,113.500000,113.000000,113.500000,8280.000000
2015-07-15,112.000000,112.000000,111.100000,112.000000,8730.000000
2015-07-20,111.500000,111.500000,111.500000,111.500000,4000.000000
2015-07-23,111.600000,111.600000,111.000000,111.000000,32270.000000
2015-07-24,112.000000,112.000000,112.000000,112.000000,300.000000
2015-07-28,111.300000,111.300000,111.300000,111.300000,500.000000
2015-07-31,111.500000,111.500000,111.500000,111.500000,1110.000000
2015-08-04,110.500000,110.500000,110.000000,110.000000,11200.000000
2015-08-05,111.500000,111.500000,111.500000,111.500000,17390.000000
2015-08-06,111.300000,111.300000,111.300000,111.300000,9560.000000
2015-08-07,111.000000,111.000000,111.000000,111.000000,5750.000000
2015-08-10,110.500000,110.500000,110.000000,110.000000,3000.000000
2015-08-11,110.000000,110.000000,110.000000,110.000000,100.000000
2015-08-12,111.000000,111.000000,111.000000,111.000000,680.000000
2015-08-13,111.000000,111.000000,109.000000,109.000000,40100.000000
2015-08-17,108.000000,108.000000,108.000000,108.000000,10.000000
2015-08-19,109.000000,109.000000,108.000000,108.000000,62530.000000
2015-08-20,108.000000,108.000000,108.000000,108.000000,92000.000000
2015-08-24,107.900000,107.900000,107.900000,107.900000,1400.000000
2015-08-25,107.900000,107.900000,107.500000,107.500000,39950.000000
2015-08-26,108.000000,108.000000,106.000000,108.000000,55230.000000
2015-08-27,108.000000,108.000000,108.000000,108.000000,20450.000000
2015-09-02,108.500000,108.500000,108.500000,108.500000,200.000000
2015-09-03,108.500000,108.500000,108.500000,108.500000,200.000000
2015-09-04,108.500000,108.500000,108.500000,108.500000,100.000000
2015-09-10,108.500000,108.500000,108.000000,108.000000,12500.000000
2015-09-11,108.000000,108.000000,108.000000,108.000000,47400.000000
2015-09-14,108.000000,110.000000,108.000000,108.000000,1600.000000
2015-09-17,110.000000,110.000000,110.000000,110.000000,2990.000000
2015-09-28,110.000000,110.000000,109.000000,109.000000,16000.000000
2015-09-30,109.100000,111.000000,109.100000,111.000000,11500.000000
2015-10-01,112.000000,113.000000,112.000000,113.000000,7730.000000
2015-10-02,111.000000,111.000000,111.000000,111.000000,10000.000000
2015-10-06,113.000000,113.000000,113.000000,113.000000,17640.000000
2015-10-09,110.000000,110.000000,110.000000,110.000000,14000.000000
2015-10-13,113.000000,113.000000,110.000000,111.000000,8010.000000
2015-10-14,113.000000,113.000000,109.000000,109.000000,7050.000000
2015-10-15,109.100000,109.100000,109.000000,109.000000,50000.000000
2015-10-20,109.000000,112.800000,109.000000,112.800000,393340.000000
2015-10-21,110.000000,110.000000,110.000000,110.000000,40.000000
2015-10-22,112.000000,112.000000,109.000000,109.000000,40.000000
2015-10-26,109.600000,109.600000,109.500000,109.500000,35800.000000
2015-10-27,110.000000,110.000000,110.000000,110.000000,840.000000
2015-10-29,112.700000,112.700000,112.700000,112.700000,160.000000
2015-10-30,109.500000,109.500000,109.500000,109.500000,25000.000000
2015-11-10,109.000000,109.000000,109.000000,109.000000,800.000000
2015-11-11,109.500000,109.500000,109.500000,109.500000,17090.000000
2015-11-12,109.000000,109.000000,109.000000,109.000000,200.000000
2015-11-13,109.000000,109.500000,109.000000,109.500000,8810.000000
2015-11-17,109.000000,109.000000,109.000000,109.000000,45020.000000
2015-11-20,109.000000,109.000000,109.000000,109.000000,60.000000
2015-11-24,109.000000,109.000000,109.000000,109.000000,3040.000000
2015-11-25,109.000000,109.000000,108.900000,108.900000,70.000000
2015-11-26,108.500000,108.500000,108.500000,108.500000,880.000000
2015-11-27,109.000000,109.000000,109.000000,109.000000,50.000000
2015-12-01,109.000000,109.000000,109.000000,109.000000,9150.000000
2015-12-02,109.000000,109.000000,108.000000,108.000000,21780.000000
2015-12-07,107.500000,107.500000,107.500000,107.500000,4500.000000
2015-12-08,107.600000,108.600000,107.600000,108.600000,18310.000000
2015-12-09,108.600000,108.600000,108.600000,108.600000,100.000000
2015-12-16,108.600000,108.600000,108.600000,108.600000,100.000000
2015-12-17,107.600000,107.600000,107.500000,107.500000,2000.000000
2015-12-21,107.500000,107.500000,107.500000,107.500000,40.000000
2015-12-22,107.500000,107.500000,107.500000,107.500000,50.000000
2016-01-05,107.000000,107.000000,107.000000,107.000000,100.000000
2016-01-11,108.000000,109.000000,108.000000,109.000000,100020.000000
2016-01-12,109.000000,109.000000,109.000000,109.000000,44830.000000
2016-01-13,110.000000,110.000000,110.000000,110.000000,1000.000000
2016-01-14,110.000000,110.000000,110.000000,110.000000,11000.000000
2016-01-15,110.000000,110.000000,110.000000,110.000000,2000.000000
2016-01-18,111.000000,111.000000,111.000000,111.000000,2000.000000
2016-01-25,111.000000,111.000000,111.000000,111.000000,5000.000000
2016-01-26,111.000000,111.000000,111.000000,111.000000,17700.000000
2016-01-27,111.000000,112.000000,111.000000,111.000000,23210.000000
2016-02-05,111.000000,111.000000,111.000000,111.000000,2000.000000
2016-02-10,112.000000,112.000000,112.000000,112.000000,40.000000
2016-02-12,112.000000,112.000000,112.000000,112.000000,2640.000000
2016-02-15,112.000000,112.000000,112.000000,112.000000,600.000000
2016-02-16,112.000000,112.000000,112.000000,112.000000,1920.000000
2016-02-17,112.000000,112.500000,112.000000,112.500000,18780.000000
2016-02-18,112.000000,112.400000,112.000000,112.000000,51130.000000
2016-02-19,112.000000,112.400000,112.000000,112.400000,11010.000000
2016-02-22,111.000000,112.000000,111.000000,112.000000,81000.000000
2016-02-23,112.000000,112.000000,112.000000,112.000000,23400.000000
2016-02-24,111.000000,112.800000,111.000000,112.800000,55140.000000
2016-02-26,112.900000,115.000000,112.900000,115.000000,7260.000000
2016-02-29,115.900000,115.900000,115.900000,115.900000,33640.000000
2016-03-01,113.000000,113.000000,112.000000,112.000000,1000.000000
2016-03-02,112.000000,112.000000,109.000000,109.000000,19000.000000
2016-03-08,111.000000,111.000000,111.000000,111.000000,1000.000000
2016-03-10,111.000000,111.000000,111.000000,111.000000,800.000000
2016-03-11,109.000000,109.000000,108.000000,108.000000,7810.000000
2016-03-15,110.000000,110.000000,107.000000,107.000000,20000.000000
2016-03-16,107.000000,108.500000,107.000000,108.500000,510.000000
2016-03-17,107.000000,107.000000,107.000000,107.000000,4510.000000
2016-03-18,108.000000,108.000000,107.000000,107.000000,2000.000000
2016-03-21,107.000000,108.500000,107.000000,108.500000,37140.000000
2016-03-22,106.500000,107.900000,106.500000,107.900000,26500.000000
2016-03-23,106.500000,106.500000,106.000000,106.000000,12160.000000
2016-03-28,106.900000,106.900000,106.000000,106.000000,25440.000000
2016-03-29,106.100000,107.500000,106.100000,107.500000,100.000000
2016-03-30,107.500000,107.500000,107.500000,107.500000,160.000000
2016-03-31,107.500000,107.500000,107.500000,107.500000,260.000000
2016-04-01,107.000000,107.000000,106.000000,106.000000,600.000000
2016-04-05,109.900000,109.900000,109.900000,109.900000,10.000000
2016-04-06,109.900000,109.900000,109.900000,109.900000,20.000000
2016-04-07,108.100000,109.500000,108.100000,109.500000,570.000000
2016-04-08,110.000000,110.000000,110.000000,110.000000,240.000000
2016-04-11,108.100000,108.100000,108.100000,108.100000,20.000000
2016-04-14,110.000000,110.000000,110.000000,110.000000,260.000000
2016-04-15,110.800000,110.800000,110.800000,110.800000,100.000000
2016-04-18,110.000000,110.000000,110.000000,110.000000,10500.000000
2016-04-20,110.500000,110.500000,110.500000,110.500000,80.000000
2016-04-21,110.500000,110.500000,110.500000,110.500000,1060.000000
2016-04-22,111.000000,111.000000,111.000000,111.000000,140.000000
2016-04-26,111.000000,111.500000,110.900000,111.500000,8740.000000
2016-04-27,111.800000,111.800000,110.900000,110.900000,400.000000
2016-04-28,110.000000,110.000000,108.100000,108.100000,140.000000
2016-05-02,108.600000,108.600000,108.200000,108.200000,1080.000000
2016-05-03,108.500000,108.500000,108.500000,108.500000,920.000000
2016-05-10,111.000000,111.000000,111.000000,111.000000,500.000000
2016-05-11,109.600000,109.600000,109.600000,109.600000,1800.000000
2016-05-13,109.100000,109.100000,109.000000,109.000000,1160.000000
2016-05-16,108.300000,109.000000,108.300000,109.000000,4600.000000
2016-05-17,109.000000,110.900000,109.000000,110.900000,64010.000000
2016-05-18,110.900000,110.900000,110.900000,110.900000,320.000000
2016-05-19,109.000000,110.800000,109.000000,110.800000,50500.000000
2016-05-20,110.900000,110.900000,108.600000,108.600000,2670.000000
2016-05-26,108.000000,108.000000,106.500000,108.000000,69810.000000
2016-05-30,108.200000,108.200000,108.200000,108.200000,1000.000000
2016-06-06,110.900000,110.900000,110.900000,110.900000,100.000000
2016-06-07,108.300000,112.000000,108.000000,112.000000,167000.000000
2016-06-09,108.000000,108.000000,108.000000,108.000000,2000.000000
2016-06-10,108.000000,110.500000,108.000000,110.500000,50900.000000
2016-06-15,111.000000,111.000000,111.000000,111.000000,40.000000
2016-06-16,111.000000,111.800000,111.000000,111.800000,17500.000000
2016-06-17,111.800000,111.800000,111.800000,111.800000,190.000000
2016-06-20,111.900000,111.900000,111.900000,111.900000,3900.000000
2016-06-21,111.900000,112.000000,111.900000,112.000000,590.000000
2016-06-23,111.900000,112.000000,111.900000,112.000000,270.000000
2016-06-24,112.000000,112.000000,112.000000,112.000000,1730.000000
2016-06-27,112.400000,112.400000,112.400000,112.400000,70.000000
2016-06-29,111.900000,111.900000,111.900000,111.900000,20.000000
2016-06-30,111.900000,111.900000,111.900000,111.900000,500.000000
2016-07-01,111.900000,112.000000,111.900000,112.000000,3600.000000
2016-07-04,111.900000,111.900000,111.900000,111.900000,1950.000000
2016-07-05,112.000000,112.000000,112.000000,112.000000,10000.000000
2016-07-07,111.900000,111.900000,111.900000,111.900000,15000.000000
2016-07-11,111.700000,112.000000,111.700000,112.000000,10070.000000
2016-07-12,112.000000,112.000000,112.000000,112.000000,10.000000
2016-07-14,112.000000,112.000000,111.700000,111.700000,45650.000000
2016-07-18,111.700000,112.000000,111.700000,112.000000,23280.000000
2016-07-19,111.800000,111.800000,111.800000,111.800000,510.000000
2016-07-20,112.000000,112.500000,111.800000,111.800000,35750.000000
2016-07-21,111.800000,111.800000,111.800000,111.800000,9230.000000
2016-07-22,111.800000,111.800000,111.800000,111.800000,90.000000
2016-07-25,111.700000,111.800000,111.700000,111.800000,14770.000000
2016-07-26,111.700000,111.800000,111.700000,111.800000,14770.000000
2016-07-28,111.800000,112.000000,111.800000,112.000000,5550.000000
2016-07-29,111.900000,112.000000,111.900000,112.000000,13420.000000
2016-08-02,111.800000,112.900000,111.700000,112.900000,6510.000000
2016-08-03,111.700000,112.900000,111.700000,111.700000,13490.000000
2016-08-05,111.700000,111.700000,111.700000,111.700000,10000.000000
2016-08-08,108.200000,111.700000,104.000000,111.700000,15310.000000
2016-08-09,111.700000,111.700000,111.200000,111.200000,19510.000000
2016-08-10,111.500000,111.500000,111.500000,111.500000,500.000000
2016-08-16,108.000000,110.000000,108.000000,110.000000,530.000000
2016-08-17,110.000000,110.000000,110.000000,110.000000,200.000000
2016-08-22,111.400000,111.500000,111.400000,111.500000,1780.000000
2016-08-24,111.500000,111.500000,108.000000,108.000000,9010.000000
2016-08-31,109.000000,109.000000,109.000000,109.000000,6080.000000
2016-09-01,110.400000,110.400000,109.000000,109.000000,15200.000000
2016-09-02,109.200000,109.200000,109.100000,109.100000,1500.000000
2016-09-06,110.000000,110.000000,110.000000,110.000000,360.000000
2016-09-07,110.000000,110.000000,109.000000,109.000000,7000.000000
2016-09-09,112.000000,112.500000,112.000000,112.000000,1310.000000
2016-09-13,112.000000,112.000000,112.000000,112.000000,3490.000000
2016-09-15,112.000000,112.000000,112.000000,112.000000,9500.000000
2016-09-16,112.800000,112.800000,112.800000,112.800000,30.000000
2016-09-19,112.800000,112.800000,112.600000,112.600000,34910.000000
2016-09-21,112.600000,113.900000,112.600000,112.600000,95650.000000
2016-09-22,112.600000,112.600000,112.400000,112.400000,17840.000000
2016-09-26,112.600000,113.000000,112.400000,113.000000,40040.000000
2016-09-27,112.000000,112.000000,112.000000,112.000000,20.000000
2016-09-30,113.000000,113.000000,113.000000,113.000000,6740.000000
2016-10-04,114.000000,114.000000,114.000000,114.000000,30.000000
2016-10-06,110.000000,110.000000,110.000000,110.000000,80.000000
2016-10-13,113.000000,113.000000,108.000000,108.000000,19000.000000
2016-10-17,113.000000,113.000000,113.000000,113.000000,80.000000
2016-10-18,108.000000,108.000000,108.000000,108.000000,42000.000000
2016-10-20,109.000000,109.000000,108.000000,108.000000,7400.000000
2016-10-21,109.000000,109.000000,109.000000,109.000000,600.000000
2016-10-24,109.500000,109.500000,109.500000,109.500000,900.000000
2016-10-25,109.500000,109.500000,109.500000,109.500000,10.000000
2016-10-26,109.700000,109.700000,109.700000,109.700000,70.000000
2016-10-28,111.000000,111.000000,110.000000,110.000000,2610.000000
2016-11-03,110.000000,110.000000,110.000000,110.000000,20000.000000
2016-11-04,110.000000,110.000000,110.000000,110.000000,28500.000000
2016-11-07,109.300000,109.300000,109.300000,109.300000,4800.000000
2016-11-11,112.000000,112.000000,111.000000,111.000000,3000.000000
2016-11-15,110.000000,110.000000,110.000000,110.000000,1000.000000
2016-11-17,110.000000,110.000000,110.000000,110.000000,8240.000000
2016-11-23,110.700000,110.700000,110.700000,110.700000,1500.000000
2016-11-24,112.500000,112.500000,112.500000,112.500000,2000.000000
2016-11-25,112.000000,114.000000,112.000000,114.000000,12000.000000
2016-12-02,112.400000,112.400000,112.400000,112.400000,7600.000000
2016-12-12,112.400000,112.400000,112.400000,112.400000,10010.000000
2016-12-13,112.400000,112.400000,112.400000,112.400000,21000.000000
2016-12-15,112.400000,112.400000,112.400000,112.400000,89050.000000
2016-12-16,112.400000,112.400000,112.400000,112.400000,47500.000000
2016-12-27,110.100000,110.100000,110.100000,110.100000,60.000000
2016-12-29,110.100000,110.100000,110.100000,110.100000,840.000000
2017-01-03,107.000000,107.000000,107.000000,107.000000,300.000000
2017-01-04,107.100000,107.500000,107.100000,107.500000,8100.000000
2017-01-05,107.300000,107.500000,100.000000,105.000000,41450.000000
2017-01-06,109.500000,109.500000,105.000000,105.500000,3970.000000
2017-01-09,106.000000,109.000000,105.500000,109.000000,940.000000
2017-01-10,105.500000,107.000000,105.500000,107.000000,960.000000
2017-01-11,105.600000,105.600000,105.600000,105.600000,90.000000
2017-01-16,106.500000,106.500000,106.500000,106.500000,50.000000
2017-01-17,107.000000,107.000000,107.000000,107.000000,50.000000
2017-01-19,108.000000,108.000000,108.000000,108.000000,50.000000
2017-01-23,108.000000,108.800000,108.000000,108.800000,6800.000000
2017-01-24,108.900000,108.900000,108.800000,108.900000,410.000000
2017-01-25,108.900000,109.200000,108.900000,109.100000,2610.000000
2017-01-26,109.000000,109.000000,109.000000,109.000000,370.000000
2017-01-30,109.100000,109.100000,109.100000,109.100000,21000.000000
2017-01-31,109.200000,109.400000,109.200000,109.400000,1410.000000
2017-02-01,109.800000,109.800000,109.800000,109.800000,3950.000000
2017-02-02,109.900000,109.900000,109.900000,109.900000,1200.000000
2017-02-03,110.000000,110.000000,109.800000,110.000000,96800.000000
2017-02-08,109.400000,109.400000,109.400000,109.400000,1700.000000
2017-02-13,109.400000,109.400000,109.400000,109.400000,1010.000000
2017-02-14,109.400000,109.400000,109.400000,109.400000,5000.000000
2017-02-15,109.400000,109.400000,109.400000,109.400000,18740.000000
2017-02-20,107.100000,107.100000,107.100000,107.100000,10000.000000
2017-02-21,107.000000,107.000000,107.000000,107.000000,10.000000
2017-02-22,107.000000,107.000000,106.800000,106.800000,25910.000000
2017-02-23,106.800000,106.800000,106.800000,106.800000,1500.000000
2017-02-24,107.000000,107.000000,107.000000,107.000000,186400.000000
2017-02-27,106.800000,106.800000,106.500000,106.500000,160.000000
2017-02-28,106.700000,106.800000,106.700000,106.700000,128110.000000
2017-03-01,106.700000,106.700000,106.000000,106.500000,18630.000000
2017-03-02,106.500000,106.500000,106.500000,106.500000,400.000000
2017-03-03,106.000000,106.000000,104.300000,104.300000,99800.000000
2017-03-06,108.700000,108.700000,108.700000,108.700000,30.000000
2017-03-08,106.000000,106.000000,106.000000,106.000000,10000.000000
2017-03-09,106.000000,106.000000,105.000000,105.000000,40000.000000
2017-03-10,106.000000,106.000000,105.000000,105.200000,2400.000000
2017-03-13,106.000000,106.000000,106.000000,106.000000,10.000000
2017-03-15,105.200000,105.200000,105.200000,105.200000,500.000000
2017-03-20,105.300000,105.300000,105.000000,105.200000,45020.000000
2017-03-21,107.000000,107.000000,107.000000,107.000000,1000.000000
2017-03-23,107.000000,107.900000,107.000000,107.900000,13500.000000
2017-03-24,107.700000,107.700000,107.700000,107.700000,16000.000000
2017-03-27,107.800000,107.800000,107.800000,107.800000,600.000000
2017-03-29,108.000000,108.000000,107.700000,107.700000,1700.000000
2017-03-30,107.800000,107.800000,107.800000,107.800000,500.000000
2017-03-31,107.700000,107.700000,107.700000,107.700000,2800.000000
2017-04-05,107.700000,107.700000,107.700000,107.700000,1420.000000
2017-04-06,108.000000,108.000000,107.800000,107.800000,20050.000000
2017-04-07,107.800000,107.800000,107.700000,107.700000,900.000000
2017-04-10,107.900000,107.900000,107.700000,107.700000,49860.000000
2017-04-12,107.700000,107.700000,107.700000,107.700000,9280.000000
2017-04-18,107.700000,107.700000,107.700000,107.700000,20000.000000
2017-04-19,107.700000,107.700000,107.700000,107.700000,300.000000
2017-04-21,107.700000,107.700000,107.700000,107.700000,860.000000
2017-04-24,108.000000,108.000000,108.000000,108.000000,150.000000
2017-04-27,108.200000,108.200000,108.200000,108.200000,500.000000
2017-05-02,108.500000,108.500000,108.500000,108.500000,280.000000
2017-05-05,108.200000,108.200000,108.200000,108.200000,1030.000000
2017-05-10,112.000000,112.000000,110.000000,110.000000,110.000000
2017-05-11,108.000000,108.000000,107.000000,107.000000,15700.000000
2017-05-12,109.000000,109.800000,109.000000,109.800000,1100.000000
2017-05-17,109.000000,109.000000,109.000000,109.000000,310.000000
2017-05-18,109.700000,109.700000,109.700000,109.700000,10.000000
2017-05-19,109.700000,109.700000,108.000000,109.700000,14020.000000
2017-05-23,109.600000,109.600000,109.600000,109.600000,170.000000
2017-05-24,108.000000,108.000000,108.000000,108.000000,4000.000000
2017-05-29,108.000000,108.000000,108.000000,108.000000,8800.000000
2017-06-01,109.500000,109.500000,109.500000,109.500000,20.000000
2017-06-07,109.200000,109.200000,109.200000,109.200000,50.000000
2017-06-09,107.400000,107.400000,107.400000,107.400000,80.000000
2017-06-13,107.500000,107.500000,107.000000,107.000000,5810.000000
2017-06-14,107.400000,107.400000,107.400000,107.400000,70.000000
2017-06-15,107.400000,107.400000,107.400000,107.400000,50.000000
2017-06-16,107.400000,107.500000,107.400000,107.500000,12670.000000
2017-06-19,108.900000,108.900000,108.900000,108.900000,10.000000
2017-06-20,108.800000,108.800000,108.800000,108.800000,50.000000
2017-06-27,108.700000,108.700000,108.000000,108.000000,1160.000000
2017-07-03,108.000000,108.000000,108.000000,108.000000,500.000000
2017-07-04,105.700000,108.500000,105.700000,108.500000,40310.000000
2017-07-05,108.500000,108.500000,108.500000,108.500000,100.000000
2017-07-06,108.500000,108.500000,108.500000,108.500000,4890.000000
2017-07-07,108.000000,108.000000,108.000000,108.000000,8340.000000
2017-07-10,107.800000,107.800000,107.800000,107.800000,15000.000000
2017-07-11,107.800000,107.800000,107.700000,107.700000,11570.000000
2017-07-14,108.000000,108.000000,108.000000,108.000000,70.000000
2017-07-17,108.000000,108.000000,108.000000,108.000000,1030.000000
2017-07-18,106.000000,106.000000,105.900000,105.900000,10000.000000
2017-07-19,106.000000,106.000000,106.000000,106.000000,500.000000
2017-07-20,108.000000,108.000000,108.000000,108.000000,80.000000
2017-07-24,108.000000,108.000000,108.000000,108.000000,100.000000
2017-07-25,108.000000,108.000000,108.000000,108.000000,9080.000000
2017-07-26,108.000000,108.000000,108.000000,108.000000,9300.000000
2017-07-27,108.000000,108.000000,106.000000,108.000000,5150.000000
2017-07-31,107.000000,108.000000,107.000000,108.000000,130.000000
2017-08-01,108.000000,108.000000,107.400000,107.600000,40800.000000
2017-08-09,108.000000,108.000000,108.000000,108.000000,130.000000
2017-08-10,106.100000,106.100000,106.100000,106.100000,130.000000
2017-08-11,108.000000,108.000000,105.000000,105.000000,600.000000
2017-08-14,108.000000,108.000000,108.000000,108.000000,70.000000
2017-08-16,107.000000,107.000000,107.000000,107.000000,1000.000000
2017-08-17,108.000000,108.000000,108.000000,108.000000,200.000000
2017-08-22,110.000000,111.000000,110.000000,110.000000,4500.000000
2017-08-23,108.000000,108.000000,108.000000,108.000000,12000.000000
2017-08-24,108.000000,108.000000,108.000000,108.000000,80.000000
2017-08-25,106.000000,106.000000,106.000000,106.000000,100.000000
2017-08-29,106.100000,106.100000,106.000000,106.000000,6520.000000
2017-08-30,106.000000,106.000000,106.000000,106.000000,17090.000000
2017-08-31,106.000000,108.000000,106.000000,108.000000,690.000000
2017-09-04,108.000000,108.000000,108.000000,108.000000,160.000000
2017-09-05,108.000000,108.000000,108.000000,108.000000,1000.000000
2017-09-06,108.000000,108.000000,108.000000,108.000000,10.000000
2017-09-11,108.000000,108.000000,106.000000,106.000000,10100.000000
2017-09-13,106.000000,106.000000,106.000000,106.000000,20.000000
2017-09-14,106.000000,108.000000,106.000000,108.000000,50.000000
2017-09-18,108.000000,108.000000,108.000000,108.000000,20.000000
2017-09-19,108.000000,108.000000,108.000000,108.000000,50.000000
2017-09-20,108.000000,108.000000,108.000000,108.000000,20.000000
2017-09-21,108.000000,110.000000,108.000000,110.000000,17200.000000
2017-09-22,109.900000,110.000000,109.900000,110.000000,227070.000000
2017-09-25,110.000000,110.000000,110.000000,110.000000,180190.000000
2017-09-28,108.000000,108.000000,108.000000,108.000000,23030.000000
2017-09-29,110.000000,110.000000,110.000000,110.000000,260.000000
2017-10-02,109.000000,109.000000,108.000000,108.000000,5100.000000
2017-10-03,107.000000,110.000000,107.000000,110.000000,330.000000
2017-10-04,110.000000,110.000000,110.000000,110.000000,50.000000
2017-10-05,110.000000,110.000000,110.000000,110.000000,30.000000
2017-10-09,108.000000,110.000000,108.000000,109.500000,8600.000000
2017-10-10,110.000000,110.000000,110.000000,110.000000,1000.000000
2017-10-13,108.000000,108.000000,108.000000,108.000000,10.000000
2017-10-17,108.100000,108.100000,108.100000,108.100000,8390.000000
2017-10-18,109.000000,109.000000,108.000000,108.000000,19500.000000
2017-10-19,108.100000,108.100000,108.100000,108.100000,50.000000
2017-10-26,108.100000,108.100000,108.000000,108.000000,40000.000000
2017-10-27,110.000000,110.000000,110.000000,110.000000,160.000000
2017-11-02,110.000000,110.000000,110.000000,110.000000,520.000000
2017-11-03,109.900000,112.900000,109.000000,112.900000,4530.000000
2017-11-06,108.000000,108.000000,108.000000,108.000000,500.000000
2017-11-08,109.800000,109.800000,109.800000,109.800000,320.000000
2017-11-09,110.000000,110.000000,105.000000,105.000000,19700.000000
2017-11-13,107.500000,107.500000,106.000000,106.000000,27030.000000
2017-11-16,108.000000,108.000000,108.000000,108.000000,970.000000
2017-11-17,109.000000,109.000000,106.000000,106.000000,7670.000000
2017-11-20,109.900000,109.900000,109.900000,109.900000,10.000000
2017-11-21,106.100000,106.100000,106.000000,106.000000,12330.000000
2017-11-22,106.100000,106.100000,106.100000,106.100000,5000.000000
2017-11-27,109.400000,109.500000,109.400000,109.500000,3200.000000
2017-11-28,109.400000,109.400000,109.400000,109.400000,1360.000000
2017-11-29,106.300000,106.300000,106.300000,106.300000,3390.000000
2017-12-08,106.300000,106.300000,106.300000,106.300000,500.000000
2017-12-11,109.600000,109.600000,109.600000,109.600000,200.000000
2017-12-12,109.500000,109.500000,109.500000,109.500000,110.000000
2017-12-13,109.500000,109.500000,109.500000,109.500000,10.000000
2017-12-15,106.900000,106.900000,106.400000,106.400000,500.000000
2017-12-27,109.600000,109.600000,109.600000,109.600000,90.000000
2017-12-28,109.400000,109.400000,109.400000,109.400000,200.000000
2018-01-05,106.600000,106.600000,106.100000,106.100000,10000.000000
2018-01-09,108.800000,108.800000,108.800000,108.800000,250.000000
2018-01-11,106.000000,106.000000,105.600000,105.600000,25080.000000
2018-01-12,105.700000,105.700000,105.700000,105.700000,500.000000
2018-01-15,106.000000,108.000000,106.000000,108.000000,520.000000
2018-01-16,108.000000,108.000000,105.600000,108.000000,28810.000000
2018-01-17,108.000000,108.000000,108.000000,108.000000,90.000000
2018-01-19,108.000000,108.000000,108.000000,108.000000,500.000000
2018-01-22,108.000000,108.000000,108.000000,108.000000,150.000000
2018-01-24,105.800000,105.800000,105.700000,105.700000,750.000000
2018-01-29,107.500000,107.500000,107.500000,107.500000,80.000000
2018-02-01,107.000000,107.000000,107.000000,107.000000,370.000000
2018-02-02,107.900000,107.900000,107.900000,107.900000,200.000000
2018-02-07,108.400000,108.400000,108.400000,108.400000,10.000000
2018-02-08,108.400000,108.400000,108.400000,108.400000,110.000000
2018-02-14,108.000000,108.000000,105.500000,105.500000,6500.000000
2018-02-15,105.600000,108.400000,105.500000,108.400000,33170.000000
2018-02-19,108.400000,108.500000,108.400000,108.500000,80.000000
2018-02-20,106.000000,106.000000,106.000000,106.000000,66000.000000
2018-02-22,106.100000,106.100000,106.100000,106.100000,700.000000
2018-02-23,108.400000,108.400000,108.400000,108.400000,60.000000
2018-02-26,108.300000,108.300000,108.300000,108.300000,10.000000
2018-02-27,106.100000,106.100000,106.100000,106.100000,1000.000000
2018-02-28,106.100000,106.100000,105.000000,105.000000,1610.000000
2018-03-05,105.000000,106.100000,104.500000,106.000000,136230.000000
2018-03-06,106.000000,106.000000,106.000000,106.000000,630.000000
2018-03-07,105.000000,106.100000,104.500000,104.500000,4180.000000
2018-03-08,106.100000,106.100000,104.500000,104.500000,100150.000000
2018-03-12,106.100000,106.100000,106.100000,106.100000,8420.000000
2018-03-13,108.300000,108.300000,108.000000,108.000000,90.000000
2018-03-15,108.000000,108.000000,108.000000,108.000000,30.000000
2018-03-16,108.000000,108.000000,108.000000,108.000000,50.000000
2018-03-22,104.600000,104.600000,104.600000,104.600000,500.000000
2018-03-27,104.700000,104.700000,104.700000,104.700000,4500.000000
2018-04-02,104.100000,104.700000,103.700000,103.700000,10000.000000
2018-04-04,105.000000,105.000000,105.000000,105.000000,130.000000
2018-04-05,107.500000,107.500000,107.500000,107.500000,10.000000
2018-04-06,107.500000,107.500000,107.500000,107.500000,40.000000
2018-04-10,102.100000,107.400000,102.000000,107.300000,9520.000000
2018-04-11,107.300000,107.300000,107.300000,107.300000,50.000000
2018-04-20,107.100000,107.100000,107.000000,107.000000,110.000000
2018-04-26,107.000000,107.100000,107.000000,107.100000,100.000000
2018-04-30,103.800000,103.800000,103.800000,103.800000,100.000000
2018-05-02,107.100000,107.100000,107.100000,107.100000,90.000000
2018-05-04,103.800000,107.100000,103.500000,107.100000,5010.000000
2018-05-07,107.100000,107.100000,107.100000,107.100000,10.000000
2018-05-08,106.500000,106.500000,106.500000,106.500000,10.000000
2018-05-09,104.000000,106.500000,104.000000,106.500000,1080.000000
2018-05-10,106.000000,106.000000,106.000000,106.000000,20.000000
2018-05-11,104.000000,106.500000,104.000000,106.500000,270.000000
2018-05-17,106.600000,106.800000,103.700000,106.800000,700.000000
2018-05-21,105.000000,105.000000,105.000000,105.000000,1280.000000
2018-05-22,105.000000,105.000000,104.000000,104.000000,430.000000
2018-05-24,103.800000,103.800000,103.600000,103.600000,150.000000
2018-05-28,105.000000,105.000000,103.500000,103.500000,25850.000000
2018-05-29,103.500000,103.500000,103.500000,103.500000,56450.000000
2018-05-30,105.000000,105.000000,103.500000,103.500000,25500.000000
2018-05-31,103.500000,103.500000,103.500000,103.500000,380.000000
2018-06-05,103.500000,103.500000,102.000000,102.000000,9830.000000
2018-06-08,103.000000,103.000000,103.000000,103.000000,210.000000
2018-06-13,103.000000,103.000000,103.000000,103.000000,4880.000000
2018-06-14,103.000000,103.000000,103.000000,103.000000,30.000000
2018-06-26,103.000000,103.000000,103.000000,103.000000,1160.000000
2018-06-27,103.000000,103.000000,103.000000,103.000000,1000.000000
2018-06-28,103.000000,103.000000,103.000000,103.000000,2000.000000
2018-06-29,103.000000,103.000000,103.000000,103.000000,35580.000000
2018-07-02,103.000000,103.000000,103.000000,103.000000,100.000000
2018-07-04,103.000000,103.000000,103.000000,103.000000,6960.000000
2018-07-05,102.900000,102.900000,102.900000,102.900000,20.000000
2018-07-06,103.000000,103.000000,102.900000,102.900000,79310.000000
2018-07-09,104.800000,104.800000,104.800000,104.800000,40.000000
2018-07-10,104.800000,105.000000,104.800000,105.000000,1000.000000
2018-07-11,105.000000,105.000000,103.000000,103.000000,80.000000
2018-07-13,105.000000,105.000000,105.000000,105.000000,30.000000
2018-07-17,105.000000,105.000000,104.500000,104.500000,80.000000
2018-07-18,102.500000,102.500000,102.000000,102.500000,14310.000000
2018-07-19,102.500000,102.500000,102.500000,102.500000,3580.000000
2018-07-25,102.500000,102.500000,102.500000,102.500000,10.000000
2018-07-26,102.500000,102.500000,102.500000,102.500000,16000.000000
2018-07-30,102.500000,102.500000,102.500000,102.500000,1000.000000
2018-07-31,102.600000,102.600000,102.500000,102.600000,10050.000000
2018-08-02,102.200000,104.500000,102.000000,102.500000,124000.000000
2018-08-03,104.500000,104.500000,104.500000,104.500000,170.000000
2018-08-07,104.500000,104.500000,104.500000,104.500000,200.000000
2018-08-08,102.500000,102.500000,102.400000,102.400000,8780.000000
2018-08-09,102.400000,102.500000,102.400000,102.500000,5420.000000
2018-08-15,102.500000,102.500000,102.000000,102.500000,20080.000000
2018-08-16,102.500000,102.500000,102.500000,102.500000,2000.000000
2018-08-17,102.500000,102.500000,102.500000,102.500000,80.000000
2018-08-23,102.500000,102.500000,100.100000,100.100000,4180.000000
2018-08-24,105.000000,105.000000,105.000000,105.000000,510.000000
2018-08-28,100.200000,100.200000,100.200000,100.200000,50.000000
2018-08-30,100.300000,100.300000,95.100000,98.100000,33450.000000
2018-09-07,101.000000,101.000000,100.000000,100.000000,27640.000000
2018-09-10,100.000000,100.000000,100.000000,100.000000,740.000000
2018-09-11,100.000000,100.000000,100.000000,100.000000,760.000000
2018-09-12,100.000000,100.000000,100.000000,100.000000,140.000000
2018-09-17,101.000000,101.300000,101.000000,101.300000,27500.000000
2018-09-20,101.000000,101.000000,100.200000,100.200000,21000.000000
2018-09-25,100.200000,100.200000,100.000000,100.000000,41250.000000
2018-09-27,104.500000,104.500000,104.000000,104.000000,60.000000
2018-10-02,103.500000,103.500000,103.500000,103.500000,30.000000
2018-10-03,101.000000,101.000000,100.200000,100.200000,10750.000000
2018-10-04,99.800000,99.800000,99.800000,99.800000,500.000000
2018-10-08,101.000000,101.000000,99.800000,99.900000,14000.000000
2018-10-09,100.000000,100.000000,100.000000,100.000000,10000.000000
2018-10-15,101.000000,101.000000,100.000000,100.000000,2010.000000
2018-10-16,100.100000,100.100000,100.100000,100.100000,10.000000
2018-10-17,102.900000,102.900000,101.000000,101.000000,28870.000000
2018-10-18,101.000000,103.000000,101.000000,103.000000,18990.000000
2018-10-19,100.000000,100.000000,100.000000,100.000000,50.000000
2018-10-23,102.000000,102.000000,99.800000,99.800000,10560.000000
2018-10-29,100.000000,100.000000,100.000000,100.000000,10500.000000
2018-10-31,101.900000,101.900000,101.900000,101.900000,110.000000
2018-11-05,101.900000,101.900000,101.900000,101.900000,100.000000
2018-11-06,101.900000,101.900000,100.100000,100.100000,3030.000000
2018-11-07,101.000000,101.000000,101.000000,101.000000,1000.000000
2018-11-08,101.000000,101.000000,101.000000,101.000000,7480.000000
2018-11-13,99.000000,99.000000,99.000000,99.000000,200.000000
2018-11-14,101.000000,101.000000,99.300000,99.300000,10140.000000
2018-11-16,101.000000,101.000000,101.000000,101.000000,50.000000
2018-11-19,99.300000,99.300000,99.300000,99.300000,10.000000
2018-11-20,99.500000,99.500000,99.500000,99.500000,400.000000
2018-11-21,99.500000,99.500000,99.500000,99.500000,10200.000000
2018-12-05,99.500000,99.700000,99.500000,99.700000,2850.000000
2018-12-06,99.500000,101.500000,99.300000,101.500000,20090.000000
2018-12-10,99.700000,99.700000,99.300000,99.300000,14640.000000
2018-12-11,101.400000,101.500000,99.000000,99.000000,10700.000000
2018-12-12,99.000000,99.000000,98.500000,98.500000,57590.000000
2018-12-13,97.500000,101.000000,97.500000,101.000000,650.000000
2018-12-17,101.300000,101.300000,101.300000,101.300000,300.000000
2018-12-26,99.000000,99.000000,98.000000,98.000000,9660.000000
2019-01-03,98.000000,98.000000,98.000000,98.000000,1000.000000
2019-01-04,101.000000,101.000000,101.000000,101.000000,320.000000
2019-01-07,98.000000,100.800000,98.000000,100.800000,110.000000
2019-01-08,100.500000,100.500000,100.500000,100.500000,120.000000
2019-01-09,99.000000,99.000000,99.000000,99.000000,8000.000000
2019-01-14,100.500000,100.500000,100.500000,100.500000,500.000000
2019-01-15,100.500000,100.500000,100.500000,100.500000,2250.000000
2019-01-16,100.500000,100.500000,100.000000,100.000000,5410.000000
2019-01-17,100.500000,100.500000,100.500000,100.500000,580.000000
2019-01-18,100.000000,100.500000,100.000000,100.500000,210.000000
2019-01-21,99.100000,100.500000,99.100000,100.500000,2160.000000
2019-01-22,100.500000,100.800000,100.500000,100.800000,240.000000
2019-01-23,100.800000,100.800000,100.500000,100.500000,980.000000
2019-01-25,100.600000,101.200000,100.600000,101.200000,2750.000000
2019-01-28,101.400000,101.400000,101.000000,101.400000,3410.000000
2019-01-29,101.400000,101.400000,101.400000,101.400000,7180.000000
2019-01-30,101.500000,102.000000,101.500000,102.000000,5200.000000
2019-01-31,102.000000,102.000000,101.600000,101.600000,110420.000000
2019-02-04,101.600000,101.600000,101.500000,101.500000,2000.000000
2019-02-08,101.300000,101.300000,101.300000,101.300000,340.000000
2019-02-13,101.300000,101.300000,96.100000,101.300000,660.000000
2019-02-14,100.000000,100.000000,100.000000,100.000000,100.000000
2019-02-18,100.000000,100.000000,100.000000,100.000000,70.000000
2019-02-19,100.000000,100.000000,100.000000,100.000000,130.000000
2019-02-21,100.000000,100.000000,100.000000,100.000000,2000.000000
2019-02-22,100.000000,100.000000,100.000000,100.000000,2000.000000
2019-02-26,100.000000,100.000000,100.000000,100.000000,18280.000000
2019-03-04,101.900000,101.900000,101.900000,101.900000,10.000000
2019-03-05,100.000000,101.000000,100.000000,101.000000,11130.000000
2019-03-06,101.000000,101.000000,101.000000,101.000000,40.000000
2019-03-08,100.000000,100.000000,100.000000,100.000000,830.000000
2019-03-11,100.000000,100.000000,100.000000,100.000000,130.000000
2019-03-12,101.000000,101.000000,101.000000,101.000000,5500.000000
2019-03-14,100.000000,101.900000,100.000000,101.900000,690.000000
2019-03-22,101.900000,101.900000,101.900000,101.900000,130.000000
2019-03-25,100.000000,101.900000,100.000000,101.900000,160.000000
2019-03-26,101.900000,101.900000,101.900000,101.900000,10.000000
2019-03-27,101.800000,101.800000,101.800000,101.800000,10.000000
2019-04-01,101.800000,101.800000,101.800000,101.800000,20.000000
2019-04-02,101.900000,102.000000,101.900000,102.000000,860.000000
2019-04-03,102.900000,102.900000,102.900000,102.900000,100.000000
2019-04-04,102.700000,102.700000,102.700000,102.700000,10.000000
2019-04-05,102.700000,102.700000,102.700000,102.700000,10.000000
2019-04-08,101.200000,101.200000,100.000000,100.000000,10000.000000
2019-04-10,102.700000,102.700000,100.000000,100.000000,8010.000000
2019-04-11,102.700000,102.700000,100.000000,100.000000,2020.000000
2019-04-15,102.700000,102.700000,102.700000,102.700000,10.000000
2019-04-17,102.500000,103.000000,102.500000,103.000000,5780.000000
2019-04-23,100.100000,100.100000,100.100000,100.100000,5000.000000
2019-04-24,100.100000,100.100000,100.100000,100.100000,10.000000
2019-04-25,100.100000,102.900000,100.100000,102.900000,1010.000000
2019-04-26,100.100000,100.100000,100.100000,100.100000,2000.000000
2019-04-29,100.500000,100.500000,100.000000,100.000000,8000.000000
2019-04-30,100.100000,100.100000,100.100000,100.100000,10000.000000
2019-05-03,100.500000,100.500000,100.000000,100.000000,3050.000000
2019-05-06,100.100000,100.100000,100.100000,100.100000,1520.000000
2019-05-07,101.500000,101.500000,101.500000,101.500000,1500.000000
2019-05-14,102.000000,102.000000,102.000000,102.000000,40.000000
2019-05-15,100.100000,100.100000,100.100000,100.100000,10.000000
2019-05-21,102.000000,102.000000,101.000000,101.000000,2010.000000
2019-05-22,100.500000,101.000000,100.500000,101.000000,770.000000
2019-05-23,101.000000,101.000000,101.000000,101.000000,10.000000
2019-05-24,100.600000,100.600000,100.500000,100.500000,9500.000000
2019-05-28,102.500000,102.500000,102.500000,102.500000,10.000000
2019-05-29,102.500000,102.500000,102.500000,102.500000,10.000000
2019-05-30,100.100000,100.100000,100.100000,100.100000,3000.000000
2019-06-04,102.500000,102.500000,102.500000,102.500000,300.000000
2019-06-06,102.500000,102.500000,102.400000,102.400000,120.000000
2019-06-07,100.400000,100.400000,100.400000,100.400000,800.000000
2019-06-18,102.500000,102.500000,102.500000,102.500000,20.000000
2019-06-20,100.500000,100.500000,100.400000,100.400000,4950.000000
2019-06-21,100.500000,100.500000,100.500000,100.500000,1230.000000
2019-06-24,100.500000,100.500000,100.500000,100.500000,900.000000
2019-06-25,100.400000,100.400000,100.100000,100.100000,15310.000000
2019-06-26,100.000000,100.000000,100.000000,100.000000,11870.000000
2019-06-27,102.300000,102.300000,102.300000,102.300000,10.000000
2019-06-28,102.500000,102.500000,102.500000,102.500000,10.000000
2019-07-02,102.500000,102.500000,102.500000,102.500000,10.000000
2019-07-04,100.000000,100.000000,99.700000,99.700000,100.000000
2019-07-05,99.700000,99.700000,99.700000,99.700000,60.000000
2019-07-09,99.700000,99.700000,99.700000,99.700000,10.000000
2019-07-10,102.400000,102.400000,102.400000,102.400000,20.000000
2019-07-15,102.400000,102.400000,102.400000,102.400000,100.000000
2019-07-16,102.000000,102.000000,100.000000,102.000000,2670.000000
2019-07-19,102.000000,102.000000,102.000000,102.000000,60.000000
2019-07-23,102.000000,102.000000,100.000000,100.000000,14310.000000
2019-07-25,100.000000,101.000000,100.000000,101.000000,1270.000000
2019-07-26,102.000000,102.400000,102.000000,102.400000,500.000000
2019-07-30,102.300000,102.300000,99.700000,99.700000,6160.000000
2019-07-31,102.300000,102.300000,102.300000,102.300000,100.000000
2019-08-01,100.000000,100.000000,100.000000,100.000000,10.000000
2019-08-05,102.300000,102.300000,102.300000,102.300000,280.000000
2019-08-07,102.300000,102.400000,102.300000,102.400000,1350.000000
2019-08-08,100.300000,102.600000,96.000000,102.400000,51340.000000
2019-08-09,102.300000,102.300000,102.300000,102.300000,60.000000
2019-08-14,98.000000,102.100000,98.000000,102.000000,50640.000000
2019-08-15,102.000000,102.000000,102.000000,102.000000,100.000000
2019-08-19,101.000000,102.000000,101.000000,102.000000,4320.000000
2019-08-20,101.100000,101.100000,101.100000,101.100000,10.000000
2019-08-23,101.100000,101.100000,101.100000,101.100000,10.000000
2019-08-27,101.100000,101.100000,101.100000,101.100000,240.000000
2019-08-28,101.100000,101.200000,101.100000,101.100000,760.000000
2019-09-02,101.100000,101.300000,101.100000,101.300000,1260.000000
2019-09-03,101.300000,101.300000,101.300000,101.300000,30.000000
2019-09-05,101.300000,101.300000,101.300000,101.300000,390.000000
2019-09-06,101.300000,101.300000,101.300000,101.300000,40.000000
2019-09-09,101.000000,101.100000,101.000000,101.100000,1200.000000
2019-09-11,101.200000,101.900000,100.200000,100.200000,11350.000000
2019-09-12,100.300000,100.300000,100.300000,100.300000,600.000000
2019-09-13,100.300000,100.300000,100.300000,100.300000,10.000000
2019-09-17,101.900000,101.900000,100.300000,101.900000,3390.000000
2019-09-18,100.300000,100.300000,100.300000,100.300000,5000.000000
2019-09-19,101.500000,101.500000,101.500000,101.500000,10.000000
2019-09-20,101.500000,101.500000,101.500000,101.500000,100.000000
2019-09-23,101.000000,101.000000,101.000000,101.000000,2000.000000
2019-09-24,101.500000,101.500000,101.500000,101.500000,18620.000000
2019-09-25,101.500000,101.500000,101.500000,101.500000,1250.000000
2019-09-26,101.500000,101.500000,101.500000,101.500000,600.000000
2019-09-27,100.300000,100.300000,100.300000,100.300000,40.000000
2019-09-30,101.500000,101.500000,101.500000,101.500000,230.000000
2019-10-02,101.500000,101.500000,100.200000,100.200000,10560.000000
2019-10-03,100.300000,100.300000,100.300000,100.300000,30.000000
2019-10-07,101.500000,101.500000,101.500000,101.500000,40.000000
2019-10-09,101.400000,101.400000,101.400000,101.400000,150.000000
2019-10-10,101.400000,101.400000,101.400000,101.400000,10000.000000
2019-10-11,101.400000,101.400000,101.400000,101.400000,300.000000
2019-10-14,101.500000,101.500000,101.100000,101.100000,3670.000000
2019-10-15,101.200000,101.200000,101.200000,101.200000,9320.000000
2019-10-16,101.000000,101.200000,101.000000,101.200000,3940.000000
2019-10-17,101.200000,101.200000,101.200000,101.200000,2500.000000
2019-10-18,101.000000,101.000000,101.000000,101.000000,26650.000000
2019-10-21,101.000000,101.000000,101.000000,101.000000,13460.000000
2019-10-22,101.000000,101.000000,100.700000,101.000000,1190.000000
2019-10-23,101.000000,101.000000,101.000000,101.000000,1080.000000
2019-10-24,101.000000,101.000000,101.000000,101.000000,340.000000
2019-10-25,100.900000,101.000000,100.900000,101.000000,5190.000000
2019-10-28,101.000000,101.000000,101.000000,101.000000,22850.000000
2019-10-29,101.000000,101.000000,101.000000,101.000000,900.000000
2019-10-30,101.000000,101.000000,100.900000,101.000000,6890.000000
2019-10-31,101.000000,101.000000,100.900000,101.000000,790.000000
2019-11-04,101.000000,101.500000,101.000000,101.500000,10050.000000
2019-11-05,101.500000,101.500000,101.500000,101.500000,700.000000
2019-11-06,101.500000,101.900000,101.000000,101.000000,21290.000000
2019-11-07,101.000000,101.000000,101.000000,101.000000,7850.000000
2019-11-08,101.000000,101.000000,101.000000,101.000000,143230.000000
2019-11-11,101.900000,104.000000,101.900000,102.000000,59040.000000
2019-11-12,101.500000,101.500000,100.900000,101.000000,1990.000000
2019-11-13,101.100000,101.100000,101.000000,101.000000,10500.000000
2019-11-15,102.000000,102.000000,100.100000,100.100000,200.000000
2019-11-26,100.100000,100.100000,100.100000,100.100000,650.000000
2019-11-28,101.000000,101.000000,101.000000,101.000000,10.000000
2019-11-29,100.100000,101.000000,100.100000,101.000000,30.000000
2019-12-02,100.100000,101.000000,100.000000,101.000000,60680.000000
2019-12-03,101.000000,101.000000,101.000000,101.000000,6650.000000
2019-12-04,100.200000,100.200000,100.100000,100.100000,5380.000000
2019-12-05,101.000000,101.000000,101.000000,101.000000,7500.000000
2019-12-06,101.000000,101.000000,100.100000,100.100000,930.000000
2019-12-09,101.000000,101.000000,101.000000,101.000000,410.000000
2019-12-10,100.100000,100.100000,100.000000,100.000000,1200.000000
2019-12-11,100.100000,100.100000,100.000000,100.000000,21150.000000
2019-12-12,100.000000,100.000000,98.000000,98.050000,86250.000000
2019-12-18,100.000000,100.000000,100.000000,100.000000,1750.000000
2019-12-19,99.600000,100.000000,99.600000,100.000000,2200.000000
2019-12-20,100.500000,101.000000,100.500000,101.000000,340.000000
2019-12-23,101.000000,101.000000,101.000000,101.000000,510.000000
2019-12-26,100.500000,100.500000,100.500000,100.500000,220.000000
2019-12-27,100.500000,100.500000,100.300000,100.300000,4770.000000
2020-01-02,100.200000,100.200000,100.200000,100.200000,20.000000
2020-01-03,101.000000,101.000000,100.400000,100.400000,510.000000
2020-01-06,100.900000,101.000000,100.900000,101.000000,20020.000000
2020-01-07,101.000000,101.000000,101.000000,101.000000,810.000000
2020-01-08,100.700000,100.700000,100.700000,100.700000,2500.000000
2020-01-09,101.000000,101.000000,101.000000,101.000000,5500.000000
2020-01-10,101.000000,101.000000,101.000000,101.000000,8960.000000
2020-01-14,100.700000,100.800000,100.700000,100.800000,20.000000
2020-01-15,100.700000,100.700000,100.200000,100.200000,22270.000000
2020-01-16,103.000000,103.000000,100.000000,100.000000,37390.000000
2020-01-17,100.000000,101.000000,100.000000,100.000000,11860.000000
2020-01-20,100.000000,100.000000,100.000000,100.000000,24500.000000
2020-01-21,101.000000,101.000000,100.100000,100.100000,20000.000000
2020-01-22,100.500000,100.500000,100.000000,100.000000,19490.000000
2020-01-23,100.000000,100.000000,99.500000,100.000000,15560.000000
2020-01-24,100.100000,100.100000,100.000000,100.100000,131780.000000
2020-01-27,100.100000,100.100000,100.000000,100.100000,28860.000000
2020-01-28,100.100000,100.500000,100.000000,100.100000,31010.000000
2020-01-29,100.500000,100.500000,99.500000,100.100000,34490.000000
2020-01-30,100.300000,100.300000,100.100000,100.100000,20000.000000
2020-01-31,100.100000,100.800000,100.100000,100.600000,36500.000000
2020-02-03,100.100000,100.100000,100.000000,100.000000,18990.000000
2020-02-04,100.000000,100.000000,100.000000,100.000000,12210.000000
2020-02-05,100.000000,100.100000,99.900000,100.000000,14540.000000
2020-02-06,100.000000,100.500000,100.000000,100.100000,26200.000000
2020-02-07,100.200000,100.200000,100.000000,100.000000,14000.000000
2020-02-10,100.000000,100.200000,100.000000,100.000000,1130.000000
2020-02-11,100.200000,100.200000,100.000000,100.000000,37390.000000
2020-02-12,100.000000,100.200000,100.000000,100.000000,2710.000000
2020-02-13,100.000000,100.000000,100.000000,100.000000,10450.000000
2020-02-14,100.000000,100.000000,100.000000,100.000000,8000.000000
2020-02-17,100.200000,100.500000,100.200000,100.500000,9500.000000
2020-02-18,100.500000,101.000000,100.200000,100.500000,73140.000000
2020-02-19,100.500000,100.600000,100.500000,100.500000,15820.000000
2020-02-20,100.000000,101.200000,100.000000,100.600000,124110.000000
2020-02-21,100.600000,100.600000,100.400000,100.400000,10200.000000
2020-02-24,100.500000,100.500000,100.500000,100.500000,12000.000000
2020-02-26,100.500000,100.500000,100.000000,100.100000,25510.000000
2020-02-27,100.100000,100.500000,100.000000,100.100000,77860.000000
2020-02-28,100.100000,100.100000,100.000000,100.000000,19420.000000
2020-03-02,100.000000,100.000000,100.000000,100.000000,34970.000000
2020-03-03,100.000000,100.100000,100.000000,100.000000,22840.000000
2020-03-04,100.100000,100.100000,100.100000,100.100000,25180.000000
2020-03-05,100.100000,100.500000,100.000000,100.100000,378510.000000
2020-03-06,100.100000,100.100000,100.100000,100.100000,48070.000000
2020-03-09,100.000000,100.100000,99.950000,100.000000,22980.000000
2020-03-10,99.950000,100.100000,99.950000,100.100000,250030.000000
2020-03-11,100.100000,100.100000,100.100000,100.100000,209000.000000
2020-03-12,100.100000,100.200000,100.100000,100.100000,85880.000000
2020-03-13,100.500000,100.500000,100.000000,100.400000,290730.000000
2020-03-16,100.000000,100.000000,100.000000,100.000000,6300.000000
2020-03-19,100.000000,100.000000,99.900000,100.000000,118000.000000
2020-03-20,99.900000,100.000000,96.600000,98.500000,39050.000000
2020-03-24,98.500000,99.900000,98.500000,99.900000,560.000000
2020-03-25,99.900000,99.900000,99.900000,99.900000,80.000000
2020-03-26,99.800000,99.800000,98.200000,98.200000,1440.000000
2020-03-27,99.000000,99.000000,99.000000,99.000000,690.000000
2020-03-31,98.200000,99.500000,96.500000,99.500000,2000.000000
2020-04-02,99.500000,99.500000,99.100000,99.100000,1110.000000
2020-04-06,99.000000,99.000000,99.000000,99.000000,3100.000000
2020-04-07,99.000000,99.000000,97.500000,97.500000,12000.000000
2020-04-08,99.450000,99.450000,99.450000,99.450000,100.000000
2020-04-13,99.400000,99.400000,99.350000,99.350000,1340.000000
2020-04-14,99.350000,99.500000,99.350000,99.500000,1880.000000
2020-04-15,99.850000,99.900000,99.000000,99.000000,1010.000000
2020-04-16,99.000000,99.000000,99.000000,99.000000,500.000000
2020-04-17,99.500000,99.500000,99.500000,99.500000,500.000000
2020-04-20,99.900000,100.000000,99.900000,100.000000,3000.000000
2020-04-21,100.000000,100.000000,100.000000,100.000000,1660.000000
2020-04-22,100.000000,100.100000,100.000000,100.100000,83410.000000
2020-04-23,100.500000,100.500000,100.100000,100.100000,150.000000
2020-04-24,100.000000,100.000000,100.000000,100.000000,130.000000
2020-04-27,100.000000,100.000000,99.700000,99.700000,220.000000
2020-04-28,100.000000,100.000000,100.000000,100.000000,27840.000000
2020-04-29,100.000000,100.100000,100.000000,100.000000,440.000000
2020-04-30,100.000000,100.100000,99.800000,99.800000,2940.000000
2020-05-06,100.100000,100.100000,100.000000,100.000000,110790.000000
2020-05-07,100.000000,100.000000,99.800000,99.800000,103470.000000
2020-05-11,100.100000,100.100000,100.100000,100.100000,51020.000000
2020-05-12,100.000000,100.000000,100.000000,100.000000,30100.000000
2020-05-13,100.300000,100.300000,100.000000,100.300000,33630.000000
2020-05-14,100.300000,100.300000,100.300000,100.300000,90.000000
2020-05-15,100.300000,100.300000,100.300000,100.300000,101880.000000
2020-05-18,100.100000,100.100000,100.000000,100.000000,35000.000000
2020-05-19,100.500000,100.500000,100.500000,100.500000,14680.000000
2020-05-20,100.000000,100.000000,100.000000,100.000000,940.000000
2020-05-22,100.000000,100.000000,99.600000,100.000000,20000.000000
2020-05-26,100.000000,100.000000,100.000000,100.000000,80620.000000
2020-05-27,100.000000,100.000000,100.000000,100.000000,1000.000000
2020-05-28,99.900000,100.000000,99.700000,99.700000,6430.000000
2020-05-29,99.700000,99.700000,99.400000,99.400000,7160.000000
2020-06-01,100.000000,100.000000,100.000000,100.000000,810.000000
2020-06-02,100.000000,100.000000,100.000000,100.000000,2900.000000
2020-06-03,100.000000,100.000000,99.000000,99.000000,31000.000000
2020-06-05,100.300000,100.300000,100.000000,100.300000,270.000000
2020-06-08,100.300000,100.300000,100.300000,100.300000,210.000000
2020-06-09,100.100000,100.500000,100.100000,100.100000,37960.000000
2020-06-10,100.500000,100.500000,100.500000,100.500000,30810.000000
2020-06-11,100.000000,100.000000,100.000000,100.000000,40600.000000
2020-06-15,100.000000,100.000000,99.500000,100.000000,21070.000000
2020-06-16,100.400000,100.400000,100.000000,100.000000,23840.000000
2020-06-17,100.500000,100.500000,99.700000,99.700000,265960.000000
2020-06-18,100.000000,100.500000,99.750000,100.500000,101030.000000
2020-06-19,100.300000,100.300000,100.300000,100.300000,150.000000
2020-06-22,100.400000,100.400000,100.100000,100.100000,60560.000000
2020-06-23,100.400000,100.500000,100.400000,100.500000,50600.000000
2020-06-24,100.500000,100.500000,100.300000,100.300000,93100.000000
2020-06-25,100.500000,100.500000,100.500000,100.500000,46970.000000
2020-06-26,100.500000,101.000000,100.500000,101.000000,97030.000000
2020-06-29,100.100000,101.000000,100.100000,101.000000,2090.000000
2020-06-30,100.900000,101.000000,100.900000,101.000000,5830.000000
2020-07-01,101.000000,101.000000,101.000000,101.000000,10.000000
2020-07-02,101.000000,101.000000,101.000000,101.000000,2120.000000
2020-07-06,101.000000,101.000000,101.000000,101.000000,80.000000
2020-07-07,100.100000,101.000000,100.100000,100.500000,47470.000000
2020-07-13,101.500000,101.500000,101.500000,101.500000,22090.000000
2020-07-14,101.500000,101.500000,101.500000,101.500000,19500.000000
2020-07-15,101.500000,101.500000,101.500000,101.500000,20.000000
2020-07-16,101.500000,101.500000,101.500000,101.500000,15070.000000
2020-07-17,101.500000,101.500000,101.500000,101.500000,440.000000
2020-07-20,101.500000,101.500000,101.500000,101.500000,210.000000
2020-07-21,101.500000,101.500000,101.500000,101.500000,1100.000000
2020-07-22,101.500000,101.500000,101.500000,101.500000,130190.000000
2020-07-23,101.400000,101.400000,101.400000,101.400000,300.000000
2020-07-24,101.000000,101.500000,100.600000,100.600000,50.000000
2020-07-27,100.800000,101.600000,100.800000,101.500000,73880.000000
2020-07-28,101.500000,101.500000,101.500000,101.500000,66000.000000
2020-07-29,101.500000,101.500000,101.500000,101.500000,26890.000000
2020-07-30,101.500000,101.500000,101.500000,101.500000,5070.000000
2020-08-03,101.500000,101.500000,101.500000,101.500000,6650.000000
2020-08-04,101.500000,101.500000,101.500000,101.500000,21050.000000
2020-08-05,101.500000,101.500000,101.500000,101.500000,9500.000000
2020-08-06,101.500000,101.500000,101.500000,101.500000,3010.000000
2020-08-07,101.500000,101.500000,101.500000,101.500000,98610.000000
2020-08-10,100.500000,100.500000,100.500000,100.500000,10.000000
2020-08-11,101.500000,101.500000,101.500000,101.500000,10000.000000
2020-08-12,101.500000,101.500000,101.500000,101.500000,30020.000000
2020-08-14,101.500000,101.500000,101.000000,101.000000,65000.000000
2020-08-17,100.600000,101.500000,100.000000,100.000000,23940.000000
2020-08-20,100.300000,101.000000,100.100000,100.100000,2820.000000
2020-08-24,100.000000,100.100000,100.000000,100.000000,108280.000000
2020-08-25,100.000000,100.000000,100.000000,100.000000,20000.000000
2020-08-26,101.000000,101.500000,100.000000,100.000000,21400.000000
2020-08-28,100.100000,101.500000,100.100000,101.500000,55030.000000
2020-09-01,101.300000,101.300000,101.300000,101.300000,70.000000
2020-09-03,101.500000,101.500000,101.500000,101.500000,600.000000
2020-09-04,101.500000,101.500000,101.500000,101.500000,1050.000000
2020-09-07,101.500000,101.500000,101.500000,101.500000,10.000000
2020-09-08,100.200000,100.200000,100.100000,100.100000,1040.000000
2020-09-09,100.100000,101.500000,100.100000,101.500000,3330.000000
2020-09-11,101.500000,101.500000,101.500000,101.500000,290.000000
2020-09-14,101.500000,101.500000,101.500000,101.500000,100.000000
2020-09-15,101.500000,101.500000,101.500000,101.500000,100.000000
2020-09-16,101.500000,101.500000,101.500000,101.500000,40.000000
2020-09-17,101.300000,101.300000,101.300000,101.300000,190.000000
2020-09-18,101.500000,101.500000,101.500000,101.500000,100.000000
2020-09-21,101.000000,101.500000,101.000000,101.500000,37830.000000
2020-09-22,101.500000,101.500000,101.500000,101.500000,30000.000000
2020-09-23,101.500000,101.500000,101.500000,101.500000,10000.000000
2020-09-24,101.500000,101.500000,101.500000,101.500000,50250.000000
2020-09-25,101.300000,101.300000,101.300000,101.300000,3700.000000
2020-09-28,101.400000,101.400000,101.400000,101.400000,1580.000000
2020-09-29,101.400000,101.500000,101.400000,101.500000,87570.000000
2020-09-30,101.500000,101.500000,101.500000,101.500000,750.000000
2020-10-01,101.500000,101.500000,101.300000,101.300000,20050.000000
2020-10-02,101.500000,101.500000,101.500000,101.500000,25530.000000
2020-10-05,101.300000,101.300000,101.300000,101.300000,4450.000000
2020-10-06,101.300000,101.500000,101.300000,101.500000,5420.000000
2020-10-07,101.400000,101.500000,101.400000,101.500000,50360.000000
2020-10-08,101.500000,101.500000,101.400000,101.400000,55310.000000
2020-10-09,101.500000,101.500000,101.500000,101.500000,32880.000000
2020-10-12,101.400000,101.500000,101.400000,101.500000,56100.000000
2020-10-13,101.500000,101.500000,101.500000,101.500000,52620.000000
2020-10-14,101.600000,101.600000,101.500000,101.500000,20800.000000
2020-10-15,101.600000,101.600000,101.600000,101.600000,1810.000000
2020-10-16,101.500000,101.600000,101.500000,101.600000,52350.000000
2020-10-19,101.600000,101.600000,101.600000,101.600000,23020.000000
2020-10-20,101.600000,101.600000,101.600000,101.600000,13210.000000
2020-10-21,101.600000,101.600000,101.600000,101.600000,47360.000000
2020-10-22,101.600000,101.600000,101.500000,101.600000,40890.000000
2020-10-23,101.500000,101.600000,101.500000,101.600000,18300.000000
2020-10-26,101.500000,101.500000,101.300000,101.500000,61340.000000
2020-10-27,101.500000,101.600000,101.300000,101.600000,21980.000000
2020-10-28,101.100000,101.100000,101.100000,101.100000,200.000000
2020-10-29,101.600000,101.600000,101.600000,101.600000,36790.000000
2020-10-30,101.600000,101.600000,101.600000,101.600000,128240.000000
2020-11-03,101.600000,101.600000,101.600000,101.600000,140.000000
2020-11-04,101.500000,101.500000,101.500000,101.500000,2610.000000
2020-11-05,101.500000,101.600000,101.500000,101.500000,1990.000000
2020-11-06,101.600000,101.600000,101.600000,101.600000,10.000000
2020-11-09,101.500000,101.500000,101.500000,101.500000,250.000000
2020-11-10,101.300000,101.300000,101.300000,101.300000,310.000000
2020-11-11,101.300000,101.300000,101.300000,101.300000,310.000000
2020-11-13,101.500000,101.500000,101.000000,101.000000,1010.000000
2020-11-16,101.000000,101.000000,100.500000,101.000000,36960.000000
2020-11-17,101.000000,101.000000,101.000000,101.000000,37500.000000
2020-11-18,101.400000,101.400000,100.600000,101.300000,2830.000000
2020-11-19,101.000000,101.000000,100.600000,100.600000,200.000000
2020-11-20,100.300000,101.000000,100.300000,101.000000,21040.000000
2020-11-23,101.000000,101.000000,100.700000,101.000000,30090.000000
2020-11-24,101.500000,101.500000,101.000000,101.000000,35570.000000
2020-11-25,101.500000,101.500000,100.800000,101.000000,97390.000000
2020-11-26,101.000000,101.000000,100.600000,100.600000,11700.000000
2020-11-27,101.000000,101.000000,101.000000,101.000000,2000.000000
2020-12-01,101.000000,101.000000,101.000000,101.000000,1150.000000
2020-12-02,101.000000,101.400000,101.000000,101.400000,9240.000000
2020-12-03,100.700000,100.700000,100.700000,100.700000,1920.000000
2020-12-07,100.600000,100.600000,100.500000,100.500000,35990.000000
2020-12-09,100.500000,100.600000,100.500000,100.500000,19070.000000
2020-12-10,100.600000,100.600000,100.500000,100.500000,2660.000000
2020-12-11,101.000000,101.000000,101.000000,101.000000,80.000000
2020-12-14,100.900000,101.600000,100.900000,101.600000,310.000000
2020-12-15,101.500000,101.600000,101.500000,101.600000,320.000000
2020-12-16,100.600000,101.700000,100.200000,101.700000,50000.000000
2020-12-17,101.700000,101.700000,101.700000,101.700000,20000.000000
2020-12-18,101.500000,101.500000,100.300000,100.900000,280.000000
2020-12-21,101.000000,101.000000,100.400000,100.400000,190.000000
2020-12-22,101.500000,101.700000,101.500000,101.700000,20000.000000
2020-12-23,101.500000,101.700000,101.400000,101.500000,69300.000000
2020-12-28,100.400000,101.500000,100.400000,101.500000,400.000000
2020-12-29,101.500000,101.500000,100.500000,100.500000,1500.000000
2021-01-04,100.500000,101.500000,100.400000,101.500000,22250.000000
2021-01-05,100.400000,102.000000,100.400000,102.000000,16980.000000
2021-01-06,101.500000,101.900000,101.500000,101.800000,28770.000000
2021-01-08,101.500000,101.500000,101.500000,101.500000,1500.000000
2021-01-11,101.000000,101.800000,101.000000,101.800000,350.000000
2021-01-12,101.800000,101.900000,100.800000,101.900000,2170.000000
2021-01-13,101.900000,101.900000,101.800000,101.800000,630.000000
2021-01-15,101.900000,101.900000,101.900000,101.900000,130.000000
2021-01-18,101.900000,101.900000,101.100000,101.100000,1140.000000
2021-01-19,101.900000,101.900000,101.200000,101.200000,30090.000000
2021-01-20,101.900000,101.900000,101.900000,101.900000,60.000000
2021-01-21,101.400000,101.900000,101.400000,101.900000,1690.000000
2021-01-22,101.400000,101.900000,101.400000,101.900000,3700.000000
2021-01-25,101.900000,101.900000,101.900000,101.900000,1130.000000
2021-01-26,101.900000,101.900000,101.800000,101.900000,87100.000000
2021-01-27,102.000000,102.000000,101.800000,101.800000,19680.000000
2021-01-28,102.000000,102.000000,102.000000,102.000000,18100.000000
2021-01-29,102.000000,102.000000,102.000000,102.000000,9990.000000
2021-02-01,102.000000,102.000000,101.500000,101.500000,53240.000000
2021-02-02,101.900000,102.000000,101.500000,101.900000,37550.000000
2021-02-03,101.500000,101.900000,101.400000,101.900000,29730.000000
2021-02-04,101.200000,101.200000,101.200000,101.200000,5000.000000
2021-02-05,101.200000,101.700000,101.200000,101.200000,10410.000000
2021-02-08,101.000000,101.000000,101.000000,101.000000,13880.000000
2021-02-09,101.000000,101.000000,101.000000,101.000000,780.000000
2021-02-10,101.000000,101.000000,100.500000,100.500000,6220.000000
2021-02-11,100.500000,101.000000,100.500000,101.000000,6330.000000
2021-02-15,101.000000,101.000000,101.000000,101.000000,2100.000000
2021-02-16,101.000000,101.000000,101.000000,101.000000,13780.000000
2021-02-17,101.000000,101.000000,100.800000,100.800000,6100.000000
2021-02-18,100.800000,101.000000,100.800000,101.000000,9350.000000
2021-02-19,101.900000,101.900000,101.900000,101.900000,90.000000
2021-02-22,100.800000,100.800000,100.300000,100.300000,18300.000000
2021-02-23,100.300000,100.300000,99.500000,100.200000,83330.000000
2021-02-24,100.200000,100.400000,100.000000,100.200000,20450.000000
2021-02-26,100.300000,100.500000,100.000000,100.000000,14000.000000
2021-03-01,100.000000,101.900000,100.000000,101.900000,30.000000
2021-03-02,100.000000,100.000000,100.000000,100.000000,2150.000000
2021-03-03,101.000000,101.900000,101.000000,101.900000,39120.000000
2021-03-04,101.000000,101.000000,101.000000,101.000000,1210.000000
2021-03-05,101.000000,101.000000,101.000000,101.000000,120.000000
2021-03-08,101.000000,101.000000,100.500000,101.000000,3140.000000
2021-03-09,101.500000,101.500000,101.000000,101.000000,650.000000
2021-03-10,100.500000,100.500000,100.400000,100.400000,8350.000000
2021-03-11,100.500000,100.500000,100.400000,100.500000,13580.000000
2021-03-12,100.300000,100.500000,100.000000,100.000000,20730.000000
2021-03-15,100.000000,100.500000,100.000000,100.500000,12790.000000
2021-03-16,100.100000,100.100000,100.000000,100.000000,5030.000000
2021-03-17,100.000000,100.500000,100.000000,100.000000,18000.000000
2021-03-18,100.000000,100.000000,99.850000,100.000000,31900.000000
2021-03-19,100.000000,100.000000,100.000000,100.000000,12000.000000
2021-03-22,100.000000,100.000000,100.000000,100.000000,14860.000000
2021-03-23,100.000000,100.000000,99.700000,100.000000,37310.000000
2021-03-24,100.000000,100.000000,99.800000,100.000000,3110.000000
2021-03-25,100.000000,100.000000,100.000000,100.000000,13750.000000
2021-03-26,100.000000,100.000000,100.000000,100.000000,18020.000000
2021-03-29,100.000000,100.000000,99.900000,99.900000,6670.000000
2021-03-30,99.900000,100.000000,99.800000,99.900000,770600.000000
2021-03-31,100.000000,100.000000,99.900000,99.900000,15000.000000
2021-04-05,99.900000,100.100000,99.900000,100.000000,20700.000000
2021-04-06,101.000000,101.000000,100.000000,100.200000,23010.000000
2021-04-07,101.800000,101.800000,101.800000,101.800000,50.000000
2021-04-08,101.800000,101.800000,101.800000,101.800000,550.000000
2021-04-12,101.800000,101.800000,101.800000,101.800000,2220.000000
2021-04-13,101.800000,101.800000,101.800000,101.800000,100.000000
2021-04-14,101.700000,101.700000,101.600000,101.700000,1290.000000
2021-04-15,101.600000,101.700000,101.600000,101.600000,550.000000
2021-04-16,101.600000,101.600000,101.600000,101.600000,1150.000000
2021-04-19,101.000000,102.100000,100.800000,102.100000,86790.000000
2021-04-20,102.000000,102.100000,101.800000,102.100000,30010.000000
2021-04-21,101.800000,101.800000,101.800000,101.800000,2920.000000
2021-04-22,102.100000,102.100000,102.000000,102.000000,760.000000
2021-04-23,102.000000,102.000000,101.500000,101.500000,6930.000000
2021-04-26,101.500000,101.500000,100.800000,100.800000,5210.000000
2021-04-27,100.800000,101.000000,100.800000,101.000000,9840.000000
2021-04-28,100.800000,101.000000,100.700000,101.000000,3620.000000
2021-04-29,101.700000,101.700000,101.000000,101.000000,630.000000
2021-04-30,101.700000,102.100000,100.100000,102.000000,73890.000000
2021-05-03,101.900000,102.000000,101.000000,102.000000,17000.000000
2021-05-04,102.000000,102.100000,102.000000,102.100000,20600.000000
2021-05-05,102.100000,102.100000,102.000000,102.000000,2480.000000
2021-05-06,102.000000,102.000000,102.000000,102.000000,3800.000000
2021-05-07,102.000000,102.100000,101.600000,102.000000,2520.000000
2021-05-10,102.100000,102.100000,101.500000,101.500000,17200.000000
2021-05-11,102.000000,102.000000,102.000000,102.000000,680.000000
2021-05-12,102.000000,102.000000,102.000000,102.000000,4700.000000
2021-05-14,101.700000,101.700000,99.900000,101.000000,2120.000000
2021-05-17,101.000000,101.000000,100.800000,101.000000,900.000000
2021-05-18,101.000000,101.000000,101.000000,101.000000,100.000000
2021-05-19,101.000000,101.000000,100.900000,100.900000,500.000000
2021-05-20,101.000000,101.000000,101.000000,101.000000,310.000000
2021-05-21,101.000000,101.000000,100.300000,100.900000,1420.000000
2021-05-24,100.300000,100.300000,100.300000,100.300000,1100.000000
2021-05-25,100.500000,101.000000,100.300000,101.000000,1200.000000
2021-05-26,100.600000,101.000000,100.400000,100.400000,191830.000000
2021-05-27,101.000000,101.000000,100.400000,100.400000,10140.000000
2021-05-28,100.900000,100.900000,100.500000,100.500000,300.000000
2021-05-31,101.000000,101.000000,100.200000,100.500000,19860.000000
2021-06-01,100.600000,100.600000,100.400000,100.500000,5300.000000
2021-06-02,101.000000,101.000000,100.500000,100.700000,11330.000000
2021-06-03,101.000000,101.000000,101.000000,101.000000,100.000000
2021-06-04,100.900000,100.900000,100.600000,100.900000,2820.000000
2021-06-07,100.900000,100.900000,100.900000,100.900000,7300.000000
2021-06-08,101.000000,101.000000,100.900000,100.900000,7900.000000
2021-06-09,100.900000,100.900000,100.500000,100.900000,11510.000000
2021-06-10,100.700000,100.700000,100.400000,100.400000,1000.000000
2021-06-14,100.500000,101.000000,100.300000,101.000000,18470.000000
2021-06-15,100.500000,101.700000,100.100000,101.000000,33360.000000
2021-06-17,101.000000,101.000000,101.000000,101.000000,770.000000
2021-06-18,101.000000,101.000000,101.000000,101.000000,40.000000
2021-06-21,101.000000,101.000000,101.000000,101.000000,710.000000
2021-06-22,101.000000,101.000000,101.000000,101.000000,20.000000
2021-06-23,101.000000,101.000000,100.600000,101.000000,970.000000
2021-06-24,101.000000,101.000000,100.800000,100.800000,10700.000000
2021-06-25,101.000000,101.000000,101.000000,101.000000,240.000000
2021-06-28,101.000000,101.000000,101.000000,101.000000,230.000000
2021-06-29,101.000000,101.000000,101.000000,101.000000,30.000000
2021-06-30,100.600000,101.000000,100.600000,101.000000,25880.000000
2021-07-01,101.000000,101.000000,101.000000,101.000000,8100.000000
2021-07-02,101.500000,101.500000,100.800000,100.900000,10510.000000
2021-07-05,101.500000,101.500000,101.100000,101.200000,2380.000000
2021-07-06,101.400000,101.400000,100.600000,100.600000,38290.000000
2021-07-07,101.000000,101.100000,101.000000,101.100000,24650.000000
2021-07-08,101.200000,101.200000,101.200000,101.200000,1170.000000
2021-07-09,101.200000,101.200000,100.900000,101.000000,2610.000000
2021-07-12,101.200000,101.200000,101.100000,101.100000,3010.000000
2021-07-13,101.200000,101.400000,101.200000,101.200000,63810.000000
2021-07-14,101.100000,101.100000,100.800000,101.100000,220.000000
2021-07-15,101.100000,101.100000,101.100000,101.100000,4350.000000
2021-07-16,101.200000,101.400000,101.200000,101.200000,37760.000000
2021-07-19,101.200000,101.200000,101.200000,101.200000,19440.000000
2021-07-21,101.200000,101.200000,100.900000,101.200000,1990.000000
2021-07-22,101.200000,101.200000,101.200000,101.200000,1840.000000
2021-07-26,101.200000,101.200000,101.200000,101.200000,790.000000
2021-07-27,101.200000,101.600000,101.200000,101.600000,41020.000000
2021-07-29,101.700000,101.700000,101.500000,101.500000,7010.000000
2021-07-30,101.500000,101.500000,101.500000,101.500000,600.000000
2021-08-02,101.500000,101.500000,101.500000,101.500000,1390.000000
2021-08-03,101.500000,101.700000,101.500000,101.500000,11100.000000
2021-08-04,100.800000,101.000000,100.700000,101.000000,30760.000000
2021-08-05,100.500000,100.500000,100.500000,100.500000,160.000000
2021-08-06,100.500000,100.500000,100.400000,100.400000,2320.000000
2021-08-09,100.400000,100.500000,100.400000,100.500000,1130.000000
2021-08-10,100.400000,100.600000,100.200000,100.500000,14020.000000
2021-08-11,102.000000,102.000000,100.500000,101.500000,400.000000
2021-08-12,101.500000,101.500000,101.400000,101.400000,200.000000
2021-08-13,101.500000,101.500000,100.500000,101.500000,2450.000000
2021-08-16,101.000000,101.500000,101.000000,101.500000,220.000000
2021-08-17,101.500000,101.500000,101.500000,101.500000,3250.000000
2021-08-18,101.000000,101.000000,101.000000,101.000000,600.000000
2021-08-19,101.000000,101.000000,100.400000,101.000000,5340.000000
2021-08-24,101.000000,101.000000,101.000000,101.000000,1050.000000
2021-08-25,101.000000,101.000000,101.000000,101.000000,420.000000
2021-08-26,101.000000,101.000000,101.000000,101.000000,1210.000000
2021-08-27,100.900000,101.000000,100.600000,101.000000,56280.000000
2021-09-01,101.000000,101.000000,100.700000,100.800000,44010.000000
2021-09-02,101.000000,101.000000,101.000000,101.000000,730.000000
2021-09-03,101.000000,101.000000,101.000000,101.000000,540.000000
2021-09-06,101.000000,101.000000,101.000000,101.000000,2880.000000
2021-09-08,101.000000,101.000000,100.800000,101.000000,3980.000000
2021-09-09,100.800000,101.000000,100.800000,100.800000,5310.000000
2021-09-10,101.000000,101.000000,100.800000,101.000000,330.000000
2021-09-13,101.000000,101.500000,100.800000,101.500000,2200.000000
2021-09-16,101.300000,101.300000,100.500000,100.800000,13460.000000
2021-09-17,100.600000,101.200000,100.600000,101.100000,1250.000000
2021-09-20,100.600000,101.100000,100.600000,101.100000,1830.000000
2021-09-21,100.600000,100.600000,100.600000,100.600000,650.000000
2021-09-22,101.400000,101.400000,101.000000,101.000000,2840.000000
2021-09-23,101.400000,101.400000,101.000000,101.400000,2210.000000
2021-09-24,101.400000,101.400000,101.400000,101.400000,200.000000
2021-09-27,101.400000,102.000000,101.000000,102.000000,61520.000000
2021-09-28,101.400000,102.000000,101.400000,102.000000,12100.000000
2021-09-29,101.200000,101.200000,100.000000,100.000000,150000.000000
2021-09-30,101.500000,101.500000,101.500000,101.500000,80.000000
2021-10-01,101.500000,101.500000,101.500000,101.500000,260.000000
2021-10-04,101.500000,101.500000,101.400000,101.500000,2220.000000
2021-10-05,101.500000,101.500000,101.500000,101.500000,50.000000
2021-10-06,101.500000,101.500000,101.200000,101.500000,2270.000000
2021-10-07,101.500000,101.500000,101.000000,101.500000,4550.000000
2021-10-08,100.100000,101.500000,100.100000,101.500000,5700.000000
2021-10-11,101.000000,101.500000,101.000000,101.500000,1600.000000
2021-10-12,101.400000,101.400000,101.400000,101.400000,550.000000
2021-10-13,100.600000,101.000000,100.500000,101.000000,10100.000000
2021-10-15,101.000000,101.100000,101.000000,101.000000,2220.000000
2021-10-19,101.400000,101.400000,101.400000,101.400000,50.000000
2021-10-20,100.600000,101.400000,100.100000,101.000000,3970.000000
2021-10-21,100.600000,101.000000,100.100000,101.000000,1520.000000
2021-10-22,101.200000,101.200000,101.200000,101.200000,70.000000
2021-10-25,101.200000,101.400000,100.000000,100.000000,18450.000000
2021-10-26,100.200000,101.400000,100.100000,100.200000,2120.000000
2021-10-27,101.400000,101.400000,101.400000,101.400000,200.000000
2021-10-28,101.400000,101.400000,100.100000,101.100000,2330.000000
2021-10-29,100.900000,102.100000,100.000000,101.900000,56380.000000
2021-11-02,101.800000,101.800000,100.500000,100.500000,3900.000000
2021-11-03,101.800000,101.800000,100.500000,100.700000,2420.000000
