2015-12-18,103.500000,106.900000,103.500000,105.700000,76800.000000
2015-12-21,106.800000,106.900000,106.800000,106.800000,4420.000000
2015-12-22,106.800000,106.800000,106.000000,106.800000,6500.000000
2015-12-23,106.500000,106.500000,106.500000,106.500000,5000.000000
2015-12-28,106.500000,106.500000,106.500000,106.500000,12200.000000
2015-12-29,106.500000,106.500000,106.000000,106.000000,3100.000000
2016-01-04,106.500000,106.500000,106.500000,106.500000,13500.000000
2016-01-05,106.500000,106.500000,106.500000,106.500000,17500.000000
2016-01-06,106.800000,106.800000,106.500000,106.500000,2510.000000
2016-01-08,106.000000,106.500000,106.000000,106.000000,23550.000000
2016-01-11,106.800000,106.800000,106.700000,106.800000,3610.000000
2016-01-12,106.800000,106.800000,106.800000,106.800000,60.000000
2016-01-13,106.000000,106.500000,106.000000,106.500000,3800.000000
2016-01-14,106.500000,106.500000,106.500000,106.500000,5600.000000
2016-01-15,107.000000,107.000000,107.000000,107.000000,16800.000000
2016-01-18,106.500000,106.500000,106.500000,106.500000,10000.000000
2016-01-19,107.000000,107.000000,107.000000,107.000000,6700.000000
2016-01-20,107.000000,107.000000,107.000000,107.000000,2500.000000
2016-01-21,107.000000,107.000000,107.000000,107.000000,2700.000000
2016-01-22,106.500000,106.500000,106.500000,106.500000,1000.000000
2016-01-29,107.500000,108.000000,107.000000,108.000000,5160.000000
2016-02-04,107.900000,108.000000,107.900000,108.000000,1010.000000
2016-02-05,107.800000,108.000000,107.800000,108.000000,1510.000000
2016-02-09,108.000000,108.500000,108.000000,108.500000,11020.000000
2016-02-11,109.000000,109.000000,109.000000,109.000000,5110.000000
2016-02-15,110.900000,110.900000,110.900000,110.900000,10.000000
2016-02-22,107.600000,107.600000,107.500000,107.500000,2500.000000
2016-02-29,110.800000,110.800000,110.800000,110.800000,10.000000
2016-03-01,108.800000,108.800000,107.000000,107.000000,5990.000000
2016-03-02,108.700000,108.700000,108.700000,108.700000,20.000000
2016-03-08,107.000000,107.000000,107.000000,107.000000,2510.000000
2016-03-15,107.100000,107.900000,107.000000,107.900000,2200.000000
2016-03-30,107.500000,107.500000,107.500000,107.500000,2500.000000
2016-03-31,107.000000,107.500000,107.000000,107.500000,12280.000000
2016-04-01,107.000000,107.000000,107.000000,107.000000,1000.000000
2016-04-04,107.000000,107.000000,107.000000,107.000000,1000.000000
2016-04-18,107.000000,107.000000,107.000000,107.000000,1000.000000
2016-04-22,107.200000,107.200000,107.200000,107.200000,150.000000
2016-04-25,108.000000,108.000000,108.000000,108.000000,500.000000
2016-04-28,110.000000,110.000000,108.000000,108.000000,2090.000000
2016-05-02,110.000000,110.000000,110.000000,110.000000,5000.000000
2016-05-03,109.500000,109.500000,109.500000,109.500000,5700.000000
2016-05-04,110.000000,110.000000,109.500000,109.500000,35000.000000
2016-05-05,110.000000,110.000000,110.000000,110.000000,2590.000000
2016-05-06,110.000000,110.000000,110.000000,110.000000,4000.000000
2016-05-10,110.000000,110.000000,110.000000,110.000000,500.000000
2016-05-11,110.000000,110.000000,110.000000,110.000000,1000.000000
2016-05-16,111.000000,111.000000,111.000000,111.000000,250.000000
2016-05-17,111.000000,111.000000,111.000000,111.000000,1750.000000
2016-05-18,110.300000,110.300000,110.300000,110.300000,990.000000
2016-05-19,110.300000,110.300000,110.300000,110.300000,1400.000000
2016-05-20,106.100000,106.100000,106.100000,106.100000,110.000000
2016-05-23,106.500000,106.500000,106.500000,106.500000,20.000000
2016-05-25,112.000000,112.000000,112.000000,112.000000,580.000000
2016-05-27,112.000000,112.000000,112.000000,112.000000,310.000000
2016-05-30,112.000000,112.000000,112.000000,112.000000,5000.000000
2016-05-31,112.900000,113.000000,112.900000,113.000000,27000.000000
2016-06-01,113.000000,113.000000,113.000000,113.000000,3000.000000
2016-06-03,113.000000,113.000000,113.000000,113.000000,500.000000
2016-06-07,113.300000,113.300000,113.300000,113.300000,4420.000000
2016-06-08,113.300000,113.300000,113.300000,113.300000,400.000000
2016-06-15,113.500000,114.000000,113.500000,114.000000,6000.000000
2016-06-20,108.600000,114.000000,108.600000,114.000000,1000.000000
2016-06-21,114.000000,114.600000,114.000000,114.600000,1750.000000
2016-06-22,114.800000,114.800000,114.800000,114.800000,2000.000000
2016-06-23,114.900000,115.000000,114.900000,115.000000,5030.000000
2016-07-01,114.900000,115.000000,114.900000,115.000000,9670.000000
2016-07-26,108.300000,108.300000,108.300000,108.300000,120.000000
2016-07-29,115.000000,115.000000,115.000000,115.000000,3100.000000
2016-08-01,108.700000,108.700000,108.700000,108.700000,5000.000000
2016-09-05,115.000000,115.000000,115.000000,115.000000,3000.000000
2016-09-06,110.000000,110.000000,110.000000,110.000000,1000.000000
2016-09-15,115.000000,115.000000,115.000000,115.000000,200.000000
2016-09-21,114.900000,114.900000,114.900000,114.900000,120.000000
2016-09-27,110.500000,110.500000,110.500000,110.500000,2200.000000
2016-09-28,113.000000,113.000000,113.000000,113.000000,1800.000000
2016-10-05,114.000000,114.000000,114.000000,114.000000,90.000000
2016-10-06,113.900000,113.900000,113.900000,113.900000,140.000000
2016-10-12,110.700000,110.700000,110.700000,110.700000,9910.000000
2016-10-18,110.800000,110.800000,110.800000,110.800000,90.000000
2016-10-19,110.800000,110.800000,110.800000,110.800000,10.000000
2016-10-21,112.000000,112.000000,112.000000,112.000000,20000.000000
2016-10-28,110.800000,110.800000,110.500000,110.500000,900.000000
2016-11-02,114.800000,115.000000,114.800000,115.000000,16140.000000
2016-11-07,120.000000,120.000000,120.000000,120.000000,6700.000000
2016-11-08,120.000000,120.000000,120.000000,120.000000,4320.000000
2016-11-09,120.000000,120.000000,120.000000,120.000000,7200.000000
2016-11-10,122.000000,122.000000,122.000000,122.000000,10.000000
2016-12-02,110.000000,110.000000,110.000000,110.000000,30.000000
2016-12-08,110.300000,110.300000,110.000000,110.000000,4000.000000
2016-12-23,110.000000,110.000000,110.000000,110.000000,450.000000
2016-12-28,115.000000,115.000000,115.000000,115.000000,100.000000
2016-12-29,115.000000,115.000000,115.000000,115.000000,750.000000
2017-01-24,115.000000,115.000000,115.000000,115.000000,1110.000000
2017-02-09,116.000000,116.000000,116.000000,116.000000,10.000000
2017-02-17,120.000000,120.000000,120.000000,120.000000,90.000000
2017-03-09,107.000000,107.000000,106.900000,106.900000,2400.000000
2017-03-15,107.500000,112.000000,107.500000,112.000000,150.000000
2017-03-22,112.000000,112.000000,112.000000,112.000000,160.000000
2017-04-12,112.000000,112.000000,112.000000,112.000000,900.000000
2017-04-18,112.000000,112.000000,112.000000,112.000000,4460.000000
2017-04-20,112.000000,112.000000,112.000000,112.000000,5900.000000
2017-04-21,112.000000,121.000000,112.000000,121.000000,6040.000000
2017-05-11,110.300000,118.900000,110.300000,118.900000,11910.000000
2017-05-16,111.000000,111.000000,111.000000,111.000000,10.000000
2017-05-18,110.000000,110.000000,110.000000,110.000000,5700.000000
2017-05-19,110.000000,110.000000,110.000000,110.000000,1000.000000
2017-05-25,110.100000,110.100000,110.100000,110.100000,1500.000000
2017-05-26,110.100000,110.100000,110.000000,110.000000,3700.000000
2017-05-31,110.100000,110.100000,108.000000,108.000000,5000.000000
2017-06-15,114.000000,114.000000,114.000000,114.000000,80.000000
2017-06-21,113.500000,113.500000,113.500000,113.500000,100.000000
2017-07-04,110.200000,110.200000,105.000000,105.000000,12670.000000
2017-07-05,113.500000,113.500000,113.400000,113.400000,1110.000000
2017-07-12,113.400000,113.400000,113.400000,113.400000,90.000000
2017-07-14,113.500000,113.500000,113.500000,113.500000,10.000000
2017-07-17,113.500000,113.500000,113.500000,113.500000,730.000000
2017-07-28,113.500000,113.500000,113.500000,113.500000,430.000000
2017-08-01,113.400000,113.500000,113.400000,113.500000,4020.000000
2017-08-03,113.400000,113.400000,113.400000,113.400000,10210.000000
2017-08-04,113.400000,113.400000,113.400000,113.400000,640.000000
2017-08-07,113.400000,113.400000,113.400000,113.400000,2000.000000
2017-08-08,112.000000,112.000000,107.500000,107.500000,4100.000000
2017-08-25,108.100000,108.100000,108.100000,108.100000,500.000000
2017-08-29,112.900000,112.900000,112.900000,112.900000,10.000000
2017-08-30,112.900000,112.900000,112.900000,112.900000,50.000000
2017-09-07,110.000000,110.000000,110.000000,110.000000,5000.000000
2017-09-20,109.100000,109.100000,109.000000,109.000000,120.000000
2017-09-21,109.100000,109.100000,109.100000,109.100000,120.000000
2017-09-25,112.800000,112.900000,112.800000,112.900000,44000.000000
2017-09-27,112.900000,112.900000,112.900000,112.900000,80.000000
2017-09-29,109.000000,109.000000,109.000000,109.000000,200.000000
2017-10-02,109.200000,109.200000,109.200000,109.200000,1080.000000
2017-10-05,109.500000,109.500000,109.500000,109.500000,500.000000
2017-10-11,112.800000,112.800000,112.800000,112.800000,200.000000
2017-10-19,112.800000,112.900000,100.000000,100.000000,55400.000000
2017-10-26,112.800000,112.800000,112.800000,112.800000,300.000000
2017-11-03,107.500000,108.300000,107.500000,108.300000,1200.000000
2017-11-06,110.500000,110.500000,110.500000,110.500000,50.000000
2017-11-07,110.500000,110.500000,110.500000,110.500000,160.000000
2017-11-08,110.200000,110.500000,110.200000,110.500000,10420.000000
2017-11-10,110.500000,110.500000,110.500000,110.500000,170.000000
2017-11-13,106.200000,107.000000,106.200000,107.000000,2200.000000
2017-11-14,107.000000,107.000000,107.000000,107.000000,1000.000000
2017-11-15,112.900000,112.900000,110.500000,110.500000,200.000000
2017-11-17,114.900000,114.900000,114.900000,114.900000,100.000000
2017-11-21,114.900000,115.000000,114.900000,115.000000,10000.000000
2017-12-14,108.400000,108.400000,108.400000,108.400000,10550.000000
2017-12-19,115.000000,115.000000,115.000000,115.000000,160.000000
2017-12-27,108.800000,108.800000,108.800000,108.800000,600.000000
2017-12-28,108.800000,108.800000,108.800000,108.800000,4990.000000
2017-12-29,109.000000,109.000000,109.000000,109.000000,2000.000000
2018-01-05,112.000000,112.000000,112.000000,112.000000,100.000000
2018-01-10,108.700000,108.700000,108.700000,108.700000,160.000000
2018-01-17,112.000000,112.000000,112.000000,112.000000,610.000000
2018-01-18,112.000000,112.000000,112.000000,112.000000,890.000000
2018-01-19,112.000000,112.000000,112.000000,112.000000,20.000000
2018-01-22,112.000000,112.000000,112.000000,112.000000,550.000000
2018-01-23,112.000000,112.000000,112.000000,112.000000,500.000000
2018-01-24,112.000000,112.000000,112.000000,112.000000,40.000000
2018-01-30,111.000000,111.000000,111.000000,111.000000,7910.000000
2018-02-01,108.500000,108.500000,108.500000,108.500000,300.000000
2018-02-14,114.000000,114.000000,114.000000,114.000000,50.000000
2018-02-19,109.000000,109.000000,109.000000,109.000000,32920.000000
2018-02-22,109.000000,109.000000,109.000000,109.000000,10.000000
2018-02-28,109.000000,109.000000,109.000000,109.000000,170.000000
2018-03-09,110.000000,110.000000,109.000000,109.000000,190.000000
2018-03-15,109.000000,109.000000,106.000000,109.000000,2010.000000
2018-03-16,109.000000,109.000000,109.000000,109.000000,10.000000
2018-03-19,110.000000,110.000000,110.000000,110.000000,330.000000
2018-03-20,110.500000,110.500000,110.500000,110.500000,600.000000
2018-03-21,111.000000,111.000000,111.000000,111.000000,20.000000
2018-04-11,111.000000,111.000000,111.000000,111.000000,80.000000
2018-04-13,111.000000,111.000000,111.000000,111.000000,100.000000
2018-04-19,107.000000,107.000000,107.000000,107.000000,10.000000
2018-04-20,111.000000,111.000000,111.000000,111.000000,10.000000
2018-04-23,107.000000,107.000000,107.000000,107.000000,10.000000
2018-04-24,108.000000,108.000000,106.000000,106.000000,10000.000000
2018-04-26,111.000000,111.000000,111.000000,111.000000,3130.000000
2018-04-30,106.100000,106.100000,106.100000,106.100000,1300.000000
2018-05-02,106.200000,106.200000,106.200000,106.200000,5700.000000
2018-05-10,110.900000,110.900000,110.900000,110.900000,260.000000
2018-05-11,110.900000,110.900000,110.900000,110.900000,60.000000
2018-05-16,111.000000,111.000000,111.000000,111.000000,90.000000
2018-05-17,111.000000,111.000000,111.000000,111.000000,480.000000
2018-05-18,111.000000,111.000000,111.000000,111.000000,270.000000
2018-05-22,111.000000,111.000000,111.000000,111.000000,150.000000
2018-06-04,111.000000,111.000000,111.000000,111.000000,16000.000000
2018-06-07,111.000000,111.000000,111.000000,111.000000,30.000000
2018-06-20,108.000000,108.000000,108.000000,108.000000,300.000000
2018-06-21,109.000000,109.000000,108.000000,108.000000,200.000000
2018-06-22,108.500000,108.500000,108.500000,108.500000,500.000000
2018-06-27,108.500000,108.500000,108.500000,108.500000,20.000000
2018-07-02,108.500000,108.500000,108.500000,108.500000,500.000000
2018-07-03,108.500000,108.500000,108.500000,108.500000,2300.000000
2018-07-04,107.000000,107.000000,107.000000,107.000000,4900.000000
2018-07-06,108.500000,110.000000,108.500000,110.000000,8680.000000
2018-07-09,110.000000,110.000000,110.000000,110.000000,200.000000
2018-07-10,109.000000,109.000000,109.000000,109.000000,100.000000
2018-07-12,106.000000,106.000000,106.000000,106.000000,200.000000
2018-07-24,106.200000,106.200000,106.200000,106.200000,50.000000
2018-07-27,108.000000,108.000000,108.000000,108.000000,110.000000
2018-07-30,108.000000,108.000000,106.200000,106.200000,420.000000
2018-08-09,110.000000,110.000000,109.900000,109.900000,210.000000
2018-08-14,106.500000,106.500000,106.000000,106.000000,10000.000000
2018-08-16,112.000000,112.000000,112.000000,112.000000,4660.000000
2018-08-23,106.000000,106.000000,106.000000,106.000000,1000.000000
2018-08-24,106.000000,106.000000,106.000000,106.000000,2100.000000
2018-09-06,109.900000,109.900000,109.900000,109.900000,80.000000
2018-09-18,104.000000,104.000000,104.000000,104.000000,20500.000000
2018-09-26,104.000000,104.000000,104.000000,104.000000,16910.000000
2018-09-27,103.000000,103.000000,103.000000,103.000000,3090.000000
2018-10-02,103.100000,103.100000,103.000000,103.000000,180.000000
2018-10-03,103.000000,103.000000,103.000000,103.000000,90.000000
2018-10-04,102.100000,102.600000,102.100000,102.100000,980.000000
2018-10-05,109.000000,109.000000,101.200000,101.200000,340.000000
2018-10-08,103.100000,103.100000,101.300000,101.300000,340.000000
2018-10-09,102.000000,102.000000,102.000000,102.000000,500.000000
2018-10-22,102.200000,102.200000,102.200000,102.200000,120.000000
2018-10-23,105.000000,105.000000,105.000000,105.000000,200.000000
2018-10-30,104.900000,104.900000,104.900000,104.900000,10.000000
2018-10-31,104.900000,105.000000,104.900000,105.000000,1550.000000
2018-11-05,103.000000,103.000000,103.000000,103.000000,30.000000
2018-11-06,105.000000,105.000000,105.000000,105.000000,1010.000000
2018-11-08,103.000000,103.000000,103.000000,103.000000,210.000000
2018-11-09,103.100000,103.100000,103.100000,103.100000,200.000000
2018-11-12,103.100000,103.100000,103.000000,103.000000,3150.000000
2018-11-13,103.100000,103.100000,103.100000,103.100000,100.000000
2018-11-14,103.000000,103.100000,103.000000,103.100000,3790.000000
2018-11-15,103.100000,103.100000,103.100000,103.100000,2080.000000
2018-11-16,109.500000,109.500000,108.800000,108.800000,40.000000
2018-11-19,101.600000,109.900000,101.600000,109.900000,40.000000
2018-11-20,105.000000,105.000000,105.000000,105.000000,100.000000
2018-11-21,102.000000,102.000000,102.000000,102.000000,50.000000
2018-11-22,102.100000,102.100000,102.000000,102.000000,200.000000
2018-11-28,105.000000,105.000000,102.000000,102.000000,2840.000000
2018-11-29,102.000000,102.000000,102.000000,102.000000,3280.000000
2018-12-03,102.000000,102.000000,102.000000,102.000000,1230.000000
2018-12-04,102.000000,102.000000,102.000000,102.000000,1000.000000
2018-12-05,102.200000,102.200000,102.200000,102.200000,8150.000000
2018-12-12,103.000000,103.000000,103.000000,103.000000,50.000000
2018-12-14,102.200000,102.200000,102.200000,102.200000,100.000000
2018-12-20,102.300000,102.300000,102.200000,102.200000,5000.000000
2018-12-21,105.000000,105.000000,105.000000,105.000000,100.000000
2018-12-26,102.200000,102.200000,102.000000,102.000000,3190.000000
2019-01-09,108.000000,108.000000,108.000000,108.000000,10.000000
2019-01-11,105.000000,105.000000,105.000000,105.000000,150.000000
2019-01-14,108.000000,108.000000,103.100000,103.100000,320.000000
2019-01-15,105.900000,106.000000,105.900000,106.000000,1150.000000
2019-01-16,106.000000,106.000000,105.000000,105.000000,770.000000
2019-01-17,105.000000,106.000000,105.000000,106.000000,780.000000
2019-01-18,105.500000,106.000000,105.500000,106.000000,3000.000000
2019-01-21,106.000000,106.000000,106.000000,106.000000,120.000000
2019-01-23,105.000000,105.000000,105.000000,105.000000,240.000000
2019-01-24,105.500000,105.500000,105.500000,105.500000,10.000000
2019-01-28,105.000000,105.000000,105.000000,105.000000,100.000000
2019-01-29,103.200000,107.000000,103.000000,103.000000,1070.000000
2019-02-01,106.000000,107.000000,106.000000,107.000000,350.000000
2019-02-06,106.500000,106.500000,106.500000,106.500000,300.000000
2019-02-07,106.500000,106.500000,106.500000,106.500000,200.000000
2019-02-12,106.500000,106.500000,106.500000,106.500000,80.000000
2019-03-04,106.000000,106.000000,106.000000,106.000000,30.000000
2019-03-12,103.500000,103.500000,103.500000,103.500000,230.000000
2019-03-15,103.500000,103.500000,103.100000,103.100000,210.000000
2019-03-18,103.000000,103.000000,103.000000,103.000000,410.000000
2019-03-22,106.400000,106.400000,106.400000,106.400000,140.000000
2019-03-28,106.400000,106.400000,106.400000,106.400000,790.000000
2019-04-03,106.000000,106.000000,106.000000,106.000000,10.000000
2019-04-04,106.000000,106.000000,106.000000,106.000000,40.000000
2019-04-05,106.000000,106.000000,106.000000,106.000000,30.000000
2019-04-08,106.000000,106.000000,106.000000,106.000000,20.000000
2019-04-10,106.000000,106.000000,106.000000,106.000000,10.000000
2019-04-12,104.000000,104.000000,104.000000,104.000000,500.000000
2019-04-23,106.000000,106.000000,106.000000,106.000000,10.000000
2019-04-24,106.000000,106.000000,106.000000,106.000000,420.000000
2019-04-25,105.000000,105.000000,105.000000,105.000000,500.000000
2019-04-26,106.000000,106.000000,106.000000,106.000000,100.000000
2019-04-30,106.000000,106.000000,106.000000,106.000000,280.000000
2019-05-02,106.000000,106.000000,106.000000,106.000000,390.000000
2019-05-03,105.000000,105.000000,105.000000,105.000000,100.000000
2019-05-07,105.000000,105.000000,105.000000,105.000000,300.000000
2019-05-08,106.000000,106.000000,106.000000,106.000000,230.000000
2019-05-15,105.900000,105.900000,105.500000,105.900000,550.000000
2019-05-16,105.900000,106.000000,105.900000,106.000000,1410.000000
2019-05-17,105.900000,106.000000,105.900000,106.000000,150.000000
2019-05-21,105.500000,106.000000,105.500000,106.000000,100.000000
2019-05-22,106.000000,106.000000,106.000000,106.000000,1130.000000
2019-05-27,106.000000,106.000000,106.000000,106.000000,1560.000000
2019-06-04,106.900000,106.900000,106.900000,106.900000,100.000000
2019-06-06,105.500000,105.500000,102.000000,102.000000,510.000000
2019-06-07,107.000000,107.000000,107.000000,107.000000,470.000000
2019-06-10,105.100000,105.100000,105.000000,105.000000,2170.000000
2019-06-13,106.900000,106.900000,105.500000,105.500000,110.000000
2019-06-17,103.200000,103.200000,103.200000,103.200000,400.000000
2019-06-18,103.200000,103.200000,103.200000,103.200000,1300.000000
2019-06-26,106.900000,106.900000,106.900000,106.900000,60.000000
2019-06-27,106.800000,106.800000,103.100000,103.100000,50.000000
2019-07-04,106.000000,106.000000,106.000000,106.000000,1000.000000
2019-07-05,107.500000,107.500000,107.500000,107.500000,100.000000
2019-07-08,106.000000,106.000000,106.000000,106.000000,20.000000
2019-07-11,107.500000,107.500000,107.500000,107.500000,80.000000
2019-07-12,106.000000,106.000000,106.000000,106.000000,4480.000000
2019-07-15,103.700000,103.700000,103.700000,103.700000,520.000000
2019-07-16,107.500000,107.500000,107.500000,107.500000,310.000000
2019-07-17,107.500000,107.500000,107.500000,107.500000,10.000000
2019-07-18,107.500000,107.500000,107.500000,107.500000,30.000000
2019-07-19,107.500000,107.500000,107.500000,107.500000,50.000000
2019-07-29,107.400000,107.400000,107.400000,107.400000,20.000000
2019-07-30,107.400000,107.400000,107.400000,107.400000,240.000000
2019-07-31,107.400000,107.400000,107.400000,107.400000,500.000000
2019-08-05,107.400000,107.400000,107.400000,107.400000,10.000000
2019-08-07,107.000000,107.400000,107.000000,107.400000,240.000000
2019-08-09,107.500000,108.000000,107.500000,108.000000,1560.000000
2019-08-13,107.000000,107.500000,107.000000,107.500000,2210.000000
2019-08-14,108.000000,108.000000,108.000000,108.000000,650.000000
2019-08-15,108.000000,108.000000,108.000000,108.000000,1760.000000
2019-08-23,109.500000,109.500000,109.500000,109.500000,10.000000
2019-08-28,109.900000,109.900000,109.900000,109.900000,10.000000
2019-08-29,107.000000,110.000000,107.000000,110.000000,270.000000
2019-08-30,109.000000,109.000000,109.000000,109.000000,490.000000
2019-09-02,109.000000,109.000000,109.000000,109.000000,10.000000
2019-09-03,108.000000,108.000000,108.000000,108.000000,90.000000
2019-09-04,108.000000,108.000000,108.000000,108.000000,5650.000000
2019-09-05,108.000000,108.000000,108.000000,108.000000,500.000000
2019-09-09,108.500000,108.500000,108.500000,108.500000,70.000000
2019-09-11,109.000000,109.000000,109.000000,109.000000,10.000000
2019-09-13,108.500000,108.500000,108.500000,108.500000,500.000000
2019-09-16,109.000000,109.000000,109.000000,109.000000,20.000000
2019-09-18,109.000000,109.000000,109.000000,109.000000,150.000000
2019-09-19,109.000000,109.000000,109.000000,109.000000,150.000000
2019-09-20,109.000000,109.000000,109.000000,109.000000,270.000000
2019-09-23,108.000000,108.000000,108.000000,108.000000,60.000000
2019-09-24,109.000000,109.000000,108.000000,108.000000,310.000000
2019-09-25,108.000000,108.100000,108.000000,108.000000,4400.000000
2019-09-26,108.500000,108.500000,108.500000,108.500000,300.000000
2019-09-27,109.000000,109.000000,109.000000,109.000000,2880.000000
2019-09-30,108.000000,108.000000,108.000000,108.000000,750.000000
2019-10-01,109.000000,109.000000,108.000000,108.000000,4030.000000
2019-10-02,108.000000,108.000000,108.000000,108.000000,100.000000
2019-10-04,108.000000,108.000000,108.000000,108.000000,90.000000
2019-10-09,107.000000,108.000000,107.000000,108.000000,910.000000
2019-10-10,108.000000,108.000000,108.000000,108.000000,580.000000
2019-10-11,108.000000,108.000000,108.000000,108.000000,1000.000000
2019-10-17,108.000000,108.000000,108.000000,108.000000,200.000000
2019-10-21,108.000000,108.000000,108.000000,108.000000,80.000000
2019-10-22,108.000000,108.000000,107.500000,108.000000,420.000000
2019-10-23,108.000000,108.000000,108.000000,108.000000,120.000000
2019-10-24,108.000000,108.000000,108.000000,108.000000,1200.000000
2019-10-28,108.000000,108.000000,107.900000,108.000000,1120.000000
2019-10-29,108.000000,108.000000,108.000000,108.000000,1010.000000
2019-10-31,108.000000,108.000000,108.000000,108.000000,1530.000000
2019-11-05,108.000000,109.000000,108.000000,109.000000,990.000000
2019-11-08,109.000000,109.000000,109.000000,109.000000,570.000000
2019-11-11,109.000000,109.000000,108.000000,108.000000,1070.000000
2019-11-12,109.000000,109.500000,109.000000,109.500000,4430.000000
2019-11-13,109.500000,109.500000,109.500000,109.500000,130.000000
2019-11-15,109.500000,109.500000,109.500000,109.500000,190.000000
2019-11-18,109.000000,109.000000,109.000000,109.000000,10.000000
2019-11-19,110.000000,110.000000,110.000000,110.000000,180.000000
2019-11-25,103.100000,103.100000,103.100000,103.100000,530.000000
2019-11-26,104.000000,107.000000,104.000000,107.000000,880.000000
2019-12-02,107.100000,107.100000,104.000000,104.000000,18600.000000
2019-12-03,109.000000,109.000000,109.000000,109.000000,1000.000000
2019-12-04,104.500000,104.700000,104.500000,104.700000,540.000000
2019-12-10,104.700000,104.700000,104.700000,104.700000,100.000000
2019-12-11,107.000000,109.000000,105.000000,105.000000,56290.000000
2019-12-12,105.100000,105.100000,105.100000,105.100000,49670.000000
2019-12-16,109.000000,109.000000,109.000000,109.000000,30.000000
2019-12-17,109.000000,109.000000,109.000000,109.000000,10.000000
2019-12-18,106.500000,106.500000,106.500000,106.500000,10.000000
2019-12-20,109.000000,109.000000,109.000000,109.000000,300.000000
2019-12-23,109.000000,109.000000,109.000000,109.000000,100.000000
2019-12-26,106.800000,106.800000,106.700000,106.700000,270.000000
2020-01-03,108.000000,108.000000,108.000000,108.000000,1000.000000
2020-01-06,108.000000,108.000000,108.000000,108.000000,2500.000000
2020-01-07,108.000000,108.000000,108.000000,108.000000,640.000000
2020-01-08,108.000000,108.000000,108.000000,108.000000,160.000000
2020-01-14,107.000000,108.800000,107.000000,108.800000,110.000000
2020-01-15,108.900000,108.900000,108.900000,108.900000,1210.000000
2020-01-16,107.000000,107.000000,107.000000,107.000000,10.000000
2020-01-20,109.000000,109.000000,109.000000,109.000000,160.000000
2020-01-21,109.000000,109.000000,109.000000,109.000000,100.000000
2020-01-23,109.000000,109.000000,108.000000,108.000000,1180.000000
2020-01-28,108.900000,108.900000,108.000000,108.000000,1230.000000
2020-02-03,107.500000,108.900000,107.500000,108.900000,100.000000
2020-02-06,108.900000,108.900000,108.900000,108.900000,500.000000
2020-02-10,109.000000,109.000000,109.000000,109.000000,3240.000000
2020-02-11,109.100000,109.200000,109.100000,109.200000,650.000000
2020-02-13,109.000000,109.000000,109.000000,109.000000,50.000000
2020-02-14,109.000000,109.000000,109.000000,109.000000,70.000000
2020-02-17,109.000000,109.000000,109.000000,109.000000,100.000000
2020-02-18,107.500000,107.500000,107.500000,107.500000,560.000000
2020-02-26,105.000000,105.000000,105.000000,105.000000,70.000000
2020-02-27,105.000000,105.000000,105.000000,105.000000,200.000000
2020-02-28,109.700000,109.700000,109.700000,109.700000,200.000000
2020-03-03,105.500000,107.500000,102.100000,105.000000,2500.000000
2020-03-04,107.500000,107.500000,107.500000,107.500000,300.000000
2020-03-12,104.000000,105.000000,104.000000,105.000000,1750.000000
2020-03-13,103.000000,105.000000,103.000000,105.000000,360.000000
2020-03-19,102.800000,105.000000,100.100000,105.000000,7210.000000
2020-03-20,102.000000,102.000000,102.000000,102.000000,1610.000000
2020-03-23,103.000000,103.000000,103.000000,103.000000,20.000000
2020-03-25,103.000000,103.000000,103.000000,103.000000,100.000000
2020-03-26,105.000000,107.000000,105.000000,105.000000,2910.000000
2020-03-27,107.000000,107.000000,105.000000,105.000000,190.000000
2020-03-30,105.000000,105.000000,102.000000,102.000000,60.000000
2020-03-31,102.000000,102.000000,100.000000,100.000000,4990.000000
2020-04-01,100.000000,102.000000,100.000000,102.000000,16000.000000
2020-04-02,107.000000,107.000000,107.000000,107.000000,860.000000
2020-04-03,101.600000,101.600000,100.100000,100.100000,500.000000
2020-04-07,102.000000,102.000000,102.000000,102.000000,350.000000
2020-04-08,102.500000,102.500000,102.500000,102.500000,600.000000
2020-04-13,102.500000,104.000000,100.100000,104.000000,2500.000000
2020-04-16,104.000000,104.000000,100.800000,104.000000,230.000000
2020-04-17,104.000000,104.000000,104.000000,104.000000,200.000000
2020-04-21,103.000000,103.000000,103.000000,103.000000,2800.000000
2020-04-29,102.000000,104.500000,100.100000,100.100000,8270.000000
2020-04-30,101.000000,103.400000,100.100000,103.400000,5000.000000
2020-05-04,101.000000,101.000000,101.000000,101.000000,500.000000
2020-05-05,104.000000,104.000000,104.000000,104.000000,10.000000
2020-05-06,104.000000,104.000000,104.000000,104.000000,50.000000
2020-05-07,104.000000,104.000000,104.000000,104.000000,1450.000000
2020-05-11,104.000000,104.000000,104.000000,104.000000,530.000000
2020-05-12,107.000000,107.000000,106.000000,106.900000,1230.000000
2020-05-14,105.000000,105.000000,105.000000,105.000000,50.000000
2020-05-15,106.900000,106.900000,100.000000,100.000000,38370.000000
2020-05-18,106.500000,106.500000,106.400000,106.400000,700.000000
2020-05-27,100.500000,100.500000,100.500000,100.500000,1600.000000
2020-05-28,101.000000,101.000000,100.500000,100.500000,3000.000000
2020-06-01,100.500000,100.500000,100.500000,100.500000,600.000000
2020-06-03,101.100000,101.100000,101.100000,101.100000,20.000000
2020-06-10,106.800000,106.800000,106.800000,106.800000,20.000000
2020-06-11,106.000000,106.000000,106.000000,106.000000,1260.000000
2020-06-16,104.000000,104.000000,103.000000,103.000000,1470.000000
2020-06-17,103.500000,103.500000,101.100000,101.100000,1500.000000
2020-06-23,102.100000,102.100000,102.100000,102.100000,30.000000
2020-06-26,106.000000,106.000000,106.000000,106.000000,1200.000000
2020-06-29,102.200000,102.200000,102.200000,102.200000,10.000000
2020-07-06,106.800000,106.800000,106.800000,106.800000,80.000000
2020-07-15,106.800000,106.800000,104.500000,104.500000,30.000000
2020-07-20,106.800000,106.800000,106.800000,106.800000,240.000000
2020-07-21,106.800000,106.800000,106.800000,106.800000,100.000000
2020-07-22,106.800000,106.800000,106.800000,106.800000,1500.000000
2020-07-24,106.800000,106.800000,106.800000,106.800000,700.000000
2020-07-28,106.800000,106.800000,106.800000,106.800000,110.000000
2020-07-29,106.800000,106.800000,106.800000,106.800000,440.000000
2020-08-03,108.000000,108.000000,108.000000,108.000000,50.000000
2020-08-04,108.000000,108.000000,108.000000,108.000000,100.000000
2020-08-05,107.000000,107.000000,107.000000,107.000000,100.000000
2020-08-06,107.300000,107.300000,107.300000,107.300000,210.000000
2020-08-07,108.000000,108.000000,108.000000,108.000000,10.000000
2020-08-10,108.000000,108.000000,108.000000,108.000000,500.000000
2020-08-11,107.900000,107.900000,107.900000,107.900000,50.000000
2020-08-12,106.100000,107.900000,106.100000,107.900000,650.000000
2020-08-13,108.000000,108.000000,107.900000,107.900000,1700.000000
2020-08-14,108.000000,109.000000,108.000000,109.000000,1950.000000
2020-08-17,108.000000,110.000000,108.000000,108.000000,17560.000000
2020-08-18,108.000000,108.000000,101.000000,106.000000,28160.000000
2020-08-19,106.000000,106.000000,102.000000,103.000000,4590.000000
2020-08-20,103.000000,103.000000,100.600000,102.100000,14280.000000
2020-08-24,101.100000,102.900000,99.050000,100.000000,32520.000000
2020-08-25,100.000000,100.000000,99.800000,100.000000,23130.000000
2020-08-26,102.800000,102.800000,102.800000,102.800000,10.000000
2020-08-27,102.800000,102.800000,100.000000,100.000000,2510.000000
2020-08-28,100.000000,100.000000,100.000000,100.000000,11970.000000
2020-09-01,100.000000,100.000000,100.000000,100.000000,5520.000000
2020-09-02,100.000000,100.000000,100.000000,100.000000,13730.000000
2020-09-03,100.000000,100.000000,100.000000,100.000000,4700.000000
2020-09-04,100.000000,100.000000,100.000000,100.000000,4480.000000
2020-09-07,100.000000,100.000000,100.000000,100.000000,10810.000000
2020-09-08,99.800000,100.000000,99.700000,100.000000,5130.000000
2020-09-09,100.000000,102.800000,100.000000,102.800000,10600.000000
2020-09-10,102.800000,102.800000,102.800000,102.800000,50.000000
2020-09-11,102.800000,102.800000,102.800000,102.800000,90.000000
2020-09-14,100.100000,100.100000,100.100000,100.100000,10.000000
2020-09-17,102.600000,102.700000,102.600000,102.700000,2470.000000
2020-09-18,102.700000,102.700000,101.200000,102.700000,460.000000
2020-09-21,102.700000,102.700000,100.400000,100.400000,1620.000000
2020-09-23,102.700000,102.700000,102.700000,102.700000,1000.000000
2020-09-24,102.600000,102.600000,102.000000,102.000000,560.000000
2020-09-25,102.700000,102.700000,102.700000,102.700000,100.000000
2020-09-28,102.500000,102.500000,100.900000,100.900000,310.000000
2020-09-30,101.000000,102.500000,101.000000,102.500000,1160.000000
2020-10-01,102.500000,102.500000,102.500000,102.500000,320.000000
2020-10-02,101.000000,102.500000,101.000000,102.400000,2850.000000
2020-10-05,102.000000,102.000000,102.000000,102.000000,50.000000
2020-10-06,102.400000,102.500000,102.400000,102.500000,1150.000000
2020-10-07,102.500000,102.500000,102.500000,102.500000,1110.000000
2020-10-08,102.500000,102.500000,102.500000,102.500000,1040.000000
2020-10-09,102.200000,102.300000,102.100000,102.300000,4050.000000
2020-10-12,101.000000,102.000000,101.000000,102.000000,4400.000000
2020-10-13,102.400000,102.400000,102.000000,102.000000,200.000000
2020-10-14,102.000000,102.000000,102.000000,102.000000,1700.000000
2020-10-15,102.000000,102.000000,101.000000,101.000000,12560.000000
2020-10-16,101.000000,101.000000,101.000000,101.000000,6110.000000
2020-10-19,101.000000,101.000000,101.000000,101.000000,13240.000000
2020-10-20,101.000000,101.000000,100.200000,101.000000,47860.000000
2020-10-21,100.100000,102.000000,100.100000,101.900000,19410.000000
2020-10-22,101.800000,101.800000,101.000000,101.000000,8450.000000
2020-10-23,101.000000,101.000000,101.000000,101.000000,4500.000000
2020-10-26,101.000000,101.000000,100.300000,101.000000,7350.000000
2020-10-27,101.000000,101.000000,101.000000,101.000000,1790.000000
2020-10-28,101.000000,101.000000,101.000000,101.000000,8780.000000
2020-10-29,101.000000,101.800000,101.000000,101.800000,4340.000000
2020-10-30,101.100000,101.100000,101.100000,101.100000,100.000000
2020-11-03,101.100000,102.100000,100.400000,101.000000,2740.000000
2020-11-04,102.200000,102.300000,102.200000,102.300000,240.000000
2020-11-06,102.300000,102.800000,102.300000,102.800000,6700.000000
2020-11-09,104.900000,105.000000,104.900000,104.900000,1370.000000
2020-11-10,104.900000,104.900000,102.500000,104.900000,1150.000000
2020-11-11,104.900000,104.900000,104.900000,104.900000,50.000000
2020-11-13,104.900000,104.900000,104.900000,104.900000,1330.000000
2020-11-16,105.000000,105.000000,104.000000,104.000000,8050.000000
2020-11-17,103.000000,103.000000,103.000000,103.000000,90.000000
2020-11-19,100.400000,103.000000,100.200000,103.000000,6700.000000
2020-11-20,102.000000,103.000000,102.000000,103.000000,7910.000000
2020-11-23,103.000000,103.000000,103.000000,103.000000,990.000000
2020-11-24,104.000000,104.000000,104.000000,104.000000,11650.000000
2020-11-25,105.300000,105.500000,105.300000,105.500000,3520.000000
2020-11-26,105.500000,105.500000,105.500000,105.500000,200.000000
2020-11-27,102.000000,105.400000,100.600000,105.400000,4080.000000
2020-12-02,101.100000,104.900000,101.000000,104.900000,14320.000000
2020-12-07,104.900000,104.900000,102.000000,102.000000,490.000000
2020-12-09,104.900000,104.900000,104.900000,104.900000,80.000000
2020-12-11,104.800000,104.800000,104.800000,104.800000,80.000000
2020-12-14,104.000000,104.000000,104.000000,104.000000,220.000000
2020-12-15,104.700000,104.700000,103.000000,103.000000,2020.000000
2020-12-16,103.500000,103.500000,103.500000,103.500000,290.000000
2020-12-17,103.000000,103.600000,103.000000,103.600000,1110.000000
2020-12-18,102.600000,103.600000,102.600000,103.600000,300.000000
2020-12-21,102.500000,103.600000,102.500000,102.500000,950.000000
2020-12-22,103.600000,103.600000,103.600000,103.600000,1250.000000
2020-12-23,103.600000,103.600000,103.600000,103.600000,230.000000
2020-12-28,102.500000,103.600000,102.000000,103.600000,3510.000000
2020-12-29,102.300000,103.600000,102.300000,103.600000,2250.000000
2021-01-04,103.000000,104.000000,103.000000,104.000000,1070.000000
2021-01-05,103.600000,104.000000,103.600000,103.600000,5000.000000
2021-01-07,103.600000,105.000000,103.000000,105.000000,2250.000000
2021-01-08,105.000000,105.000000,103.600000,105.000000,260.000000
2021-01-11,105.000000,105.000000,105.000000,105.000000,1510.000000
2021-01-12,105.400000,105.500000,105.400000,105.500000,6010.000000
2021-01-13,105.500000,105.500000,104.000000,104.000000,1450.000000
2021-01-14,106.000000,106.000000,106.000000,106.000000,60.000000
2021-01-15,104.300000,106.000000,104.300000,104.900000,170.000000
2021-01-18,104.500000,104.900000,104.500000,104.900000,1150.000000
2021-01-19,104.900000,104.900000,104.000000,104.900000,16450.000000
2021-01-20,104.500000,104.900000,104.500000,104.900000,90.000000
2021-01-21,104.500000,104.900000,104.000000,104.900000,2740.000000
2021-01-22,104.500000,104.500000,104.000000,104.500000,2500.000000
2021-01-25,104.000000,104.000000,103.500000,103.500000,9760.000000
2021-01-26,104.700000,104.700000,103.500000,104.700000,740.000000
2021-01-27,104.000000,104.700000,104.000000,104.700000,20100.000000
2021-01-28,104.500000,104.500000,104.500000,104.500000,1110.000000
2021-01-29,104.700000,104.700000,104.700000,104.700000,380.000000
2021-02-01,104.800000,104.800000,104.800000,104.800000,1100.000000
2021-02-02,104.800000,104.900000,104.800000,104.900000,580.000000
2021-02-03,104.500000,105.000000,104.500000,105.000000,620.000000
2021-02-04,105.000000,106.700000,105.000000,106.700000,5700.000000
2021-02-05,106.000000,106.000000,106.000000,106.000000,4820.000000
2021-02-09,106.700000,106.700000,106.200000,106.700000,250.000000
2021-02-10,106.700000,106.700000,106.700000,106.700000,100.000000
2021-02-11,106.700000,106.700000,106.300000,106.500000,1570.000000
2021-02-15,106.700000,108.000000,106.700000,108.000000,11940.000000
2021-02-16,106.700000,107.500000,106.500000,107.500000,5360.000000
2021-02-17,102.000000,108.000000,102.000000,103.300000,480.000000
2021-02-18,104.900000,104.900000,103.500000,104.500000,6270.000000
2021-02-19,104.500000,104.500000,104.500000,104.500000,810.000000
2021-02-22,104.000000,105.000000,103.500000,105.000000,1900.000000
2021-02-23,104.000000,104.000000,102.300000,104.000000,67520.000000
2021-02-24,102.300000,104.000000,102.300000,104.000000,220.000000
2021-02-26,103.000000,105.000000,102.500000,105.000000,9500.000000
2021-03-01,103.000000,105.000000,103.000000,105.000000,8920.000000
2021-03-05,105.000000,105.000000,103.500000,103.500000,8700.000000
2021-03-08,103.500000,106.700000,103.000000,106.700000,2590.000000
2021-03-09,106.700000,108.000000,106.700000,107.900000,27000.000000
2021-03-11,107.000000,107.000000,107.000000,107.000000,130.000000
2021-03-12,104.000000,108.000000,104.000000,108.000000,19150.000000
2021-03-15,107.800000,107.800000,107.800000,107.800000,1020.000000
2021-03-16,104.000000,107.000000,104.000000,107.000000,1920.000000
2021-03-17,107.000000,107.000000,107.000000,107.000000,60.000000
2021-03-18,107.000000,107.000000,107.000000,107.000000,80.000000
2021-03-22,106.700000,107.000000,105.000000,106.000000,28330.000000
2021-03-23,105.000000,106.700000,100.000000,106.000000,20250.000000
2021-03-24,106.200000,106.200000,106.200000,106.200000,100.000000
2021-03-25,102.000000,105.900000,100.000000,105.900000,39750.000000
2021-03-26,101.200000,101.200000,101.000000,101.000000,13330.000000
2021-03-29,101.000000,101.000000,100.200000,101.000000,12740.000000
2021-03-30,101.000000,101.000000,101.000000,101.000000,1610.000000
2021-03-31,101.000000,104.000000,100.200000,104.000000,55040.000000
2021-04-05,103.900000,103.900000,103.900000,103.900000,40.000000
2021-04-06,104.000000,104.000000,103.900000,103.900000,1410.000000
2021-04-07,104.000000,105.200000,104.000000,104.000000,8380.000000
2021-04-08,104.000000,104.000000,103.000000,103.000000,4420.000000
2021-04-12,105.000000,105.000000,103.000000,103.000000,6410.000000
2021-04-14,104.000000,105.000000,103.000000,105.000000,3130.000000
2021-04-15,105.000000,105.000000,104.000000,104.000000,340.000000
2021-04-16,104.600000,104.600000,104.600000,104.600000,30.000000
2021-04-19,104.600000,104.600000,104.600000,104.600000,20.000000
2021-04-20,104.000000,104.600000,103.000000,104.600000,910.000000
2021-04-26,103.000000,104.500000,103.000000,104.500000,210.000000
2021-04-27,103.000000,104.500000,103.000000,104.500000,70.000000
2021-04-28,103.000000,104.000000,100.300000,104.000000,24860.000000
2021-04-29,102.500000,104.000000,102.500000,104.000000,20.000000
2021-04-30,103.900000,103.900000,103.000000,103.900000,430.000000
2021-05-03,103.900000,104.000000,103.700000,103.700000,590.000000
2021-05-04,104.000000,104.000000,101.000000,104.000000,25320.000000
2021-05-06,104.000000,104.000000,103.900000,103.900000,1660.000000
2021-05-07,104.000000,104.000000,103.500000,104.000000,760.000000
2021-05-10,104.000000,104.000000,104.000000,104.000000,1040.000000
2021-05-11,104.000000,104.000000,104.000000,104.000000,780.000000
2021-05-12,104.000000,104.000000,103.400000,103.500000,3100.000000
2021-05-14,104.000000,104.500000,102.000000,104.500000,5020.000000
2021-05-17,104.500000,104.500000,104.500000,104.500000,360.000000
2021-05-18,104.500000,104.500000,104.500000,104.500000,100.000000
2021-05-19,104.500000,108.000000,104.000000,108.000000,21480.000000
2021-05-20,104.000000,108.000000,104.000000,107.500000,25730.000000
2021-05-25,106.000000,107.000000,106.000000,106.000000,260.000000
2021-05-26,106.900000,106.900000,106.900000,106.900000,70.000000
2021-05-28,104.000000,106.800000,104.000000,106.800000,600.000000
2021-06-01,106.900000,106.900000,104.000000,106.900000,140.000000
2021-06-02,106.000000,106.900000,104.000000,106.900000,570.000000
2021-06-03,106.900000,106.900000,106.900000,106.900000,220.000000
2021-06-04,104.000000,106.900000,104.000000,106.900000,620.000000
2021-06-07,106.900000,106.900000,106.900000,106.900000,1210.000000
2021-06-08,106.900000,106.900000,106.900000,106.900000,990.000000
2021-06-09,106.900000,106.900000,106.900000,106.900000,1330.000000
2021-06-10,106.000000,106.000000,106.000000,106.000000,250.000000
2021-06-11,106.000000,107.000000,103.000000,107.000000,1920.000000
2021-06-14,106.800000,107.000000,106.800000,107.000000,500.000000
2021-06-15,103.500000,106.900000,103.500000,106.900000,760.000000
2021-06-16,103.700000,106.900000,103.700000,106.900000,550.000000
2021-06-17,106.900000,106.900000,106.900000,106.900000,930.000000
2021-06-18,104.500000,106.900000,104.500000,106.800000,480.000000
2021-06-21,104.000000,106.800000,104.000000,106.800000,130.000000
2021-06-25,106.700000,106.700000,106.700000,106.700000,50.000000
2021-06-28,106.700000,106.800000,106.700000,106.800000,450.000000
2021-06-29,106.700000,106.800000,106.700000,106.800000,660.000000
2021-06-30,106.800000,106.800000,106.800000,106.800000,30.000000
2021-07-01,106.800000,106.800000,106.800000,106.800000,20.000000
2021-07-02,106.800000,106.800000,104.700000,106.800000,220.000000
2021-07-05,106.800000,106.800000,106.800000,106.800000,10.000000
2021-07-06,106.800000,106.800000,106.700000,106.700000,1310.000000
2021-07-09,106.000000,106.700000,106.000000,106.700000,300.000000
2021-07-12,106.700000,106.700000,104.700000,106.700000,110.000000
2021-07-13,106.700000,106.700000,106.700000,106.700000,50.000000
2021-07-14,104.700000,106.700000,104.700000,106.700000,300.000000
2021-07-15,106.600000,106.600000,106.100000,106.600000,3530.000000
2021-07-16,106.000000,106.000000,106.000000,106.000000,1360.000000
2021-07-19,106.000000,106.000000,105.000000,106.000000,3460.000000
2021-07-21,106.000000,106.600000,106.000000,106.300000,3100.000000
2021-07-22,106.100000,106.400000,106.100000,106.400000,40.000000
2021-07-23,106.800000,106.800000,106.800000,106.800000,180.000000
2021-07-26,105.000000,106.000000,104.100000,106.000000,7900.000000
2021-07-28,106.000000,106.000000,106.000000,106.000000,200.000000
2021-07-29,104.100000,106.000000,104.100000,106.000000,660.000000
2021-07-30,104.100000,106.000000,104.000000,106.000000,1440.000000
2021-08-03,106.000000,106.000000,106.000000,106.000000,100.000000
2021-08-04,105.000000,106.000000,105.000000,106.000000,200.000000
2021-08-09,105.100000,106.000000,105.000000,106.000000,1350.000000
2021-08-10,104.000000,106.000000,104.000000,106.000000,2030.000000
2021-08-11,105.000000,106.000000,105.000000,106.000000,1920.000000
2021-08-12,105.000000,106.000000,105.000000,106.000000,22270.000000
2021-08-13,106.700000,106.800000,106.700000,106.800000,12910.000000
2021-08-16,106.300000,106.800000,106.300000,106.800000,7270.000000
2021-08-17,106.800000,106.800000,106.700000,106.800000,6500.000000
2021-08-19,106.300000,106.800000,106.300000,106.800000,150.000000
2021-08-23,106.800000,106.800000,106.800000,106.800000,20.000000
2021-08-24,106.000000,106.800000,106.000000,106.800000,260.000000
2021-08-25,106.800000,106.800000,106.000000,106.800000,4700.000000
2021-08-26,106.700000,106.700000,106.000000,106.700000,250.000000
2021-08-27,106.000000,106.700000,106.000000,106.000000,13740.000000
2021-08-31,106.000000,106.000000,104.500000,106.000000,3320.000000
2021-09-01,106.000000,106.000000,106.000000,106.000000,1830.000000
2021-09-02,106.000000,106.800000,106.000000,106.800000,400.000000
2021-09-03,106.800000,106.800000,106.800000,106.800000,150.000000
2021-09-06,106.500000,106.500000,106.500000,106.500000,1170.000000
2021-09-07,106.500000,106.500000,106.500000,106.500000,2480.000000
2021-09-08,106.000000,106.000000,104.500000,106.000000,12290.000000
2021-09-09,106.800000,106.800000,106.000000,106.000000,1260.000000
2021-09-10,105.000000,106.000000,105.000000,105.900000,1240.000000
2021-09-13,105.900000,105.900000,103.000000,105.000000,2130.000000
2021-09-15,104.500000,104.500000,104.000000,104.500000,760.000000
2021-09-16,104.500000,104.800000,104.500000,104.800000,840.000000
2021-09-17,104.800000,106.500000,104.800000,106.500000,3800.000000
2021-09-22,106.400000,106.400000,106.400000,106.400000,490.000000
2021-09-23,105.100000,106.300000,105.000000,106.200000,2450.000000
2021-09-24,106.200000,106.200000,106.200000,106.200000,2070.000000
2021-09-27,105.400000,106.200000,105.400000,106.200000,850.000000
2021-09-28,106.200000,106.300000,105.800000,106.300000,2680.000000
2021-09-29,106.300000,107.000000,106.300000,107.000000,26680.000000
2021-09-30,107.700000,107.700000,107.500000,107.600000,9110.000000
2021-10-01,107.600000,107.600000,107.600000,107.600000,100.000000
2021-10-04,106.100000,107.500000,106.000000,107.500000,7850.000000
2021-10-05,107.400000,107.600000,107.000000,107.500000,4890.000000
2021-10-06,107.500000,107.600000,107.500000,107.600000,510.000000
2021-10-07,107.600000,107.600000,107.000000,107.000000,1450.000000
2021-10-08,106.000000,107.000000,106.000000,106.900000,17900.000000
2021-10-11,106.400000,107.600000,106.300000,107.600000,4600.000000
2021-10-12,106.500000,107.600000,106.500000,107.600000,12400.000000
2021-10-13,107.000000,107.600000,107.000000,107.600000,260.000000
2021-10-14,107.600000,107.600000,107.000000,107.000000,420.000000
2021-10-15,107.000000,107.600000,105.000000,107.600000,18290.000000
2021-10-18,107.500000,107.500000,107.000000,107.000000,300.000000
2021-10-19,107.500000,107.500000,106.000000,107.500000,660.000000
2021-10-21,105.600000,106.500000,105.600000,106.500000,260.000000
2021-10-25,106.500000,106.500000,105.700000,106.500000,280.000000
2021-10-26,106.500000,107.400000,106.000000,107.000000,1480.000000
2021-10-27,107.000000,107.000000,105.500000,107.000000,310.000000
2021-10-28,106.000000,107.000000,106.000000,107.000000,330.000000
2021-10-29,105.200000,105.200000,104.000000,105.000000,16980.000000
2021-11-02,105.500000,106.500000,105.500000,106.500000,1150.000000
2021-11-03,107.400000,107.400000,105.200000,107.000000,1230.000000
2021-11-04,105.400000,107.000000,105.400000,107.000000,2150.000000
2021-11-05,106.900000,106.900000,105.000000,106.900000,1140.000000
2021-11-08,107.000000,107.000000,104.300000,106.900000,1270.000000
2021-11-09,106.800000,106.800000,105.000000,106.700000,4540.000000
2021-11-10,104.600000,106.600000,104.600000,106.500000,290.000000
2021-11-11,104.600000,106.500000,104.600000,106.500000,340.000000
2021-11-12,105.500000,105.500000,105.000000,105.000000,560.000000
2021-11-15,104.900000,104.900000,104.800000,104.900000,3240.000000
2021-11-16,104.600000,104.900000,104.600000,104.900000,1210.000000
2021-11-17,104.700000,104.700000,104.700000,104.700000,500.000000
2021-11-18,104.700000,104.700000,104.700000,104.700000,5000.000000
2021-11-19,104.600000,104.900000,104.100000,104.900000,750.000000
2021-11-22,103.600000,104.800000,102.000000,102.000000,1820.000000
2021-11-23,104.900000,104.900000,104.900000,104.900000,110.000000
2021-11-24,104.800000,104.800000,104.800000,104.800000,490.000000
2021-11-25,103.200000,104.800000,102.000000,104.800000,4050.000000
2021-11-26,102.200000,104.700000,102.200000,104.700000,1410.000000
2021-11-29,103.500000,104.700000,101.000000,104.700000,410.000000
2021-12-01,104.700000,104.700000,101.700000,104.600000,580.000000
2021-12-02,104.700000,104.700000,104.700000,104.700000,80.000000
2021-12-03,104.000000,104.500000,104.000000,104.500000,840.000000
2021-12-06,104.500000,104.500000,104.500000,104.500000,1660.000000
2021-12-07,104.000000,105.000000,104.000000,104.900000,5760.000000
2021-12-09,104.900000,104.900000,102.500000,104.900000,3000.000000
2021-12-10,105.000000,105.000000,102.500000,102.500000,10410.000000
2021-12-13,102.500000,102.500000,102.500000,102.500000,560.000000
2021-12-14,102.500000,102.500000,102.500000,102.500000,1470.000000
2021-12-15,102.500000,102.500000,102.500000,102.500000,1990.000000
2021-12-16,102.500000,102.500000,102.400000,102.500000,2840.000000
2021-12-17,102.400000,102.500000,102.400000,102.500000,1270.000000
2021-12-20,102.500000,102.500000,102.500000,102.500000,2940.000000
2021-12-21,102.500000,102.500000,101.000000,102.500000,16110.000000
2021-12-22,101.500000,102.500000,101.500000,102.500000,6000.000000
2021-12-23,102.500000,102.500000,101.000000,102.500000,1760.000000
2021-12-24,102.500000,102.500000,102.500000,102.500000,10.000000
2021-12-27,102.500000,102.500000,102.500000,102.500000,2370.000000
2021-12-28,102.500000,102.500000,102.500000,102.500000,490.000000
2021-12-29,102.500000,102.500000,101.100000,102.500000,2100.000000
2021-12-31,102.400000,102.400000,102.400000,102.400000,900.000000
2022-01-03,102.000000,102.000000,102.000000,102.000000,2470.000000
2022-01-05,102.400000,102.400000,101.000000,101.000000,13660.000000
2022-01-06,101.000000,101.000000,101.000000,101.000000,5920.000000
2022-01-07,101.000000,101.000000,101.000000,101.000000,2280.000000
2022-01-10,101.000000,101.000000,101.000000,101.000000,1750.000000
2022-01-11,101.000000,102.000000,101.000000,101.000000,7730.000000
2022-01-12,101.000000,101.000000,100.700000,101.000000,9170.000000
2022-01-13,101.000000,101.000000,101.000000,101.000000,4980.000000
2022-01-14,101.000000,101.000000,101.000000,101.000000,5160.000000
2022-01-17,100.900000,100.900000,100.900000,100.900000,7020.000000
2022-01-18,101.000000,101.000000,100.700000,100.700000,3000.000000
2022-01-19,101.000000,102.500000,101.000000,102.500000,2240.000000
2022-01-20,102.000000,102.000000,101.000000,102.000000,4630.000000
2022-01-21,102.000000,102.500000,102.000000,102.500000,1050.000000
2022-01-24,102.500000,102.500000,102.500000,102.500000,6000.000000
2022-01-25,102.500000,102.500000,102.000000,102.000000,1330.000000
2022-01-26,102.500000,102.500000,102.500000,102.500000,950.000000
2022-01-27,102.500000,102.500000,102.500000,102.500000,49010.000000
2022-01-28,103.100000,103.100000,103.100000,103.100000,100.000000
2022-01-31,103.100000,103.100000,103.000000,103.000000,360.000000
2022-02-02,103.100000,103.100000,103.100000,103.100000,50.000000
2022-02-04,103.000000,103.000000,103.000000,103.000000,150.000000
2022-02-07,103.100000,103.100000,102.000000,103.100000,680.000000
2022-02-08,103.100000,103.100000,103.100000,103.100000,270.000000
2022-02-09,102.500000,103.100000,102.500000,103.100000,30.000000
2022-02-10,103.100000,103.100000,103.100000,103.100000,1050.000000
2022-02-11,103.100000,103.100000,103.100000,103.100000,1260.000000
2022-02-14,102.100000,103.100000,102.100000,103.100000,140.000000
2022-02-15,101.000000,101.000000,101.000000,101.000000,13810.000000
2022-02-16,101.000000,101.000000,100.500000,100.500000,19070.000000
2022-02-17,101.000000,101.000000,101.000000,101.000000,6200.000000
2022-02-18,101.000000,101.000000,101.000000,101.000000,4500.000000
2022-02-21,101.000000,101.000000,101.000000,101.000000,2020.000000
2022-02-22,100.500000,101.000000,100.500000,101.000000,42040.000000
2022-02-23,101.000000,101.000000,101.000000,101.000000,9630.000000
2022-02-24,103.100000,103.100000,101.000000,103.100000,2330.000000
2022-02-28,103.100000,103.100000,103.100000,103.100000,40.000000
2022-03-01,103.000000,103.000000,103.000000,103.000000,2630.000000
2022-03-03,103.100000,103.100000,102.500000,103.100000,250.000000
2022-03-04,103.100000,103.100000,103.100000,103.100000,10.000000
2022-03-09,103.100000,103.100000,101.000000,103.000000,880.000000
2022-03-10,103.000000,103.000000,103.000000,103.000000,800.000000
2022-03-11,103.000000,103.000000,103.000000,103.000000,110.000000
2022-03-14,103.000000,103.000000,103.000000,103.000000,200.000000
2022-03-15,103.100000,103.100000,102.600000,103.100000,7330.000000
2022-03-16,103.100000,103.100000,103.100000,103.100000,10110.000000
2022-03-17,103.100000,103.100000,103.100000,103.100000,200.000000
2022-03-24,100.300000,102.200000,100.300000,102.200000,220.000000
2022-03-25,100.000000,102.000000,100.000000,102.000000,420.000000
2022-03-28,101.000000,101.900000,100.600000,101.000000,1980.000000
2022-03-29,101.000000,101.000000,101.000000,101.000000,10620.000000
2022-03-30,101.000000,101.000000,101.000000,101.000000,10950.000000
2022-03-31,101.000000,101.000000,101.000000,101.000000,600.000000
2022-04-01,101.000000,101.000000,101.000000,101.000000,1300.000000
2022-04-04,101.000000,101.000000,100.800000,101.000000,2010.000000
2022-04-05,101.000000,101.000000,101.000000,101.000000,2500.000000
2022-04-06,101.000000,101.000000,101.000000,101.000000,10.000000
2022-04-07,101.000000,101.000000,101.000000,101.000000,8120.000000
2022-04-08,101.000000,101.000000,101.000000,101.000000,1140.000000
2022-04-11,100.800000,101.000000,100.800000,101.000000,190.000000
2022-04-12,101.000000,101.000000,101.000000,101.000000,9380.000000
2022-04-13,101.900000,101.900000,101.900000,101.900000,100.000000
2022-04-18,101.800000,101.800000,100.000000,101.800000,8260.000000
2022-04-19,101.700000,101.700000,101.700000,101.700000,200.000000
2022-04-21,100.500000,101.400000,100.500000,101.400000,11230.000000
2022-04-29,101.000000,101.000000,100.000000,101.000000,170.000000
2022-05-02,101.000000,101.000000,100.000000,101.000000,5700.000000
2022-05-04,100.000000,101.000000,99.000000,100.900000,15470.000000
2022-05-05,100.000000,100.900000,100.000000,100.900000,150.000000
2022-05-06,99.200000,100.900000,96.600000,100.900000,2080.000000
2022-05-10,98.000000,100.900000,98.000000,100.900000,780.000000
2022-05-11,100.500000,100.900000,100.500000,100.900000,940.000000
2022-05-12,100.900000,100.900000,100.900000,100.900000,180.000000
2022-05-13,100.900000,100.900000,100.100000,100.100000,4620.000000
2022-05-16,100.100000,100.100000,99.500000,100.100000,7090.000000
2022-05-17,99.500000,100.100000,99.500000,100.100000,70.000000
2022-05-18,100.100000,100.100000,100.100000,100.100000,70.000000
2022-05-19,100.100000,100.100000,100.100000,100.100000,1130.000000
2022-05-20,100.000000,100.900000,100.000000,100.900000,32790.000000
2022-05-23,100.500000,100.500000,100.500000,100.500000,10.000000
2022-05-24,100.500000,100.500000,100.000000,100.400000,4050.000000
2022-05-25,100.400000,100.400000,100.400000,100.400000,400.000000
2022-05-26,100.400000,100.400000,100.100000,100.400000,3100.000000
2022-05-27,100.400000,100.400000,100.400000,100.400000,1000.000000
2022-05-30,100.400000,100.900000,100.400000,100.900000,700.000000
2022-05-31,100.900000,100.900000,100.900000,100.900000,60.000000
2022-06-01,100.900000,101.000000,100.900000,101.000000,330.000000
2022-06-02,101.000000,101.000000,101.000000,101.000000,190.000000
2022-06-03,101.000000,101.000000,100.500000,101.000000,280.000000
2022-06-06,101.000000,101.000000,100.500000,101.000000,10950.000000
2022-06-07,101.000000,101.200000,101.000000,101.200000,2230.000000
2022-06-08,101.200000,101.200000,101.200000,101.200000,510.000000
2022-06-10,101.200000,101.200000,101.000000,101.200000,13630.000000
2022-06-13,101.200000,101.400000,101.200000,101.400000,10670.000000
2022-06-14,100.300000,101.000000,100.300000,101.000000,780.000000
2022-06-16,100.900000,100.900000,100.900000,100.900000,20.000000
2022-06-17,98.000000,100.500000,98.000000,100.500000,4180.000000
2022-06-20,99.500000,100.500000,99.500000,100.500000,350.000000
2022-06-21,100.500000,100.500000,100.500000,100.500000,40.000000
2022-06-22,101.000000,101.000000,99.000000,101.000000,77480.000000
2022-06-23,100.900000,100.900000,100.800000,100.800000,410.000000
2022-06-24,100.900000,100.900000,100.800000,100.900000,790.000000
2022-06-28,100.500000,100.500000,100.500000,100.500000,1030.000000
2022-06-29,100.800000,100.800000,100.800000,100.800000,200.000000
2022-06-30,100.800000,100.800000,100.800000,100.800000,160.000000
2022-07-01,100.800000,100.800000,100.800000,100.800000,90.000000
2022-07-07,101.000000,101.000000,101.000000,101.000000,100.000000
2022-07-08,100.000000,101.000000,100.000000,101.000000,2050.000000
2022-07-11,100.000000,100.500000,100.000000,100.500000,3110.000000
2022-07-13,100.400000,100.400000,100.400000,100.400000,10.000000
2022-07-14,100.400000,100.400000,99.500000,100.000000,260.000000
2022-07-15,99.800000,100.000000,99.600000,100.000000,1110.000000
2022-07-18,100.000000,100.000000,100.000000,100.000000,10030.000000
2022-07-19,100.000000,100.000000,99.600000,99.600000,750.000000
2022-07-20,100.000000,100.000000,100.000000,100.000000,50.000000
2022-07-21,100.000000,100.000000,100.000000,100.000000,370.000000
2022-07-22,100.000000,100.000000,100.000000,100.000000,500.000000
2022-07-25,99.600000,99.600000,90.000000,98.200000,23200.000000
2022-07-26,90.000000,96.950000,90.000000,96.950000,19940.000000
2022-07-27,99.950000,99.950000,96.000000,96.850000,290.000000
2022-07-28,96.850000,96.850000,90.000000,90.000000,18770.000000
2022-07-29,90.000000,90.000000,89.500000,90.000000,6170.000000
2022-08-01,89.500000,89.500000,85.000000,87.000000,3280.000000
2022-08-02,89.000000,89.000000,79.000000,80.000000,35540.000000
2022-08-03,75.000000,80.000000,75.000000,80.000000,24820.000000
2022-08-04,78.950000,79.950000,78.000000,79.950000,4870.000000
2022-08-05,79.950000,79.950000,79.950000,79.950000,1900.000000
2022-08-08,80.000000,82.950000,80.000000,80.600000,51010.000000
2022-08-09,80.700000,87.000000,80.700000,82.000000,7740.000000
2022-08-10,83.700000,83.700000,83.500000,83.500000,1260.000000
2022-08-11,83.500000,83.500000,83.400000,83.450000,4070.000000
2022-08-12,87.950000,87.950000,85.000000,87.850000,130.000000
2022-08-15,87.850000,90.000000,87.000000,90.000000,10330.000000
2022-08-18,86.000000,90.000000,86.000000,88.000000,200.000000
2022-08-19,87.950000,88.950000,81.000000,88.950000,5460.000000
2022-08-22,85.000000,89.650000,85.000000,89.600000,700.000000
2022-08-23,89.750000,89.750000,89.750000,89.750000,3080.000000
2022-08-24,84.000000,89.650000,84.000000,89.550000,2470.000000
2022-08-25,89.900000,89.900000,89.900000,89.900000,10.000000
2022-08-26,85.200000,89.750000,85.000000,89.450000,5720.000000
2022-08-30,89.450000,89.450000,85.000000,89.250000,3760.000000
2022-08-31,88.900000,89.150000,88.000000,89.150000,290.000000
2022-09-01,89.250000,90.000000,89.250000,89.900000,3640.000000
2022-09-02,89.500000,89.900000,89.500000,89.900000,100.000000
2022-09-05,90.000000,91.650000,89.900000,91.000000,3170.000000
2022-09-06,91.000000,92.200000,91.000000,92.000000,1710.000000
2022-09-07,92.700000,92.700000,92.600000,92.600000,70.000000
2022-09-12,93.000000,93.000000,92.550000,92.850000,860.000000
2022-09-16,91.900000,92.850000,91.900000,92.850000,230.000000
2022-09-19,92.850000,92.850000,92.850000,92.850000,20.000000
2022-09-20,92.850000,92.850000,92.850000,92.850000,210.000000
2022-09-21,92.850000,92.950000,92.850000,92.950000,70.000000
2022-09-23,92.950000,92.950000,92.950000,92.950000,10.000000
2022-09-27,92.950000,92.950000,92.950000,92.950000,20.000000
2022-09-28,92.950000,92.950000,90.050000,92.850000,580.000000
2022-09-29,90.000000,92.900000,90.000000,92.900000,400.000000
2022-09-30,90.000000,90.000000,80.050000,86.900000,1670.000000
2022-10-03,86.750000,86.750000,84.500000,84.500000,650.000000
2022-10-04,84.950000,85.950000,82.500000,84.950000,890.000000
2022-10-05,92.900000,92.900000,92.900000,92.900000,10.000000
2022-10-10,92.000000,92.000000,92.000000,92.000000,30.000000
2022-10-11,92.400000,92.400000,92.400000,92.400000,30.000000
2022-10-12,92.050000,92.050000,92.050000,92.050000,30.000000
2022-10-13,80.100000,92.000000,80.100000,92.000000,130.000000
2022-10-18,89.950000,90.000000,89.950000,90.000000,520.000000
2022-10-19,91.900000,91.900000,90.000000,90.000000,550.000000
2022-10-21,85.150000,85.150000,85.100000,85.150000,600.000000
2022-10-24,87.950000,87.950000,87.950000,87.950000,50.000000
2022-10-25,89.700000,89.700000,89.700000,89.700000,50.000000
2022-10-26,89.600000,89.700000,89.600000,89.700000,100.000000
2022-10-27,85.000000,89.000000,85.000000,88.950000,560.000000
2022-10-28,85.900000,89.500000,85.900000,89.400000,200.000000
2022-11-02,89.400000,89.400000,89.400000,89.400000,70.000000
2022-11-04,88.800000,88.900000,85.100000,88.900000,260.000000
2022-11-08,87.950000,88.000000,85.150000,87.800000,1400.000000
2022-11-09,87.800000,87.800000,85.200000,87.750000,820.000000
2022-11-10,88.000000,88.000000,88.000000,88.000000,50.000000
2022-11-11,87.750000,87.750000,86.750000,87.750000,430.000000
2022-11-14,87.800000,87.800000,87.800000,87.800000,250.000000
2022-11-15,87.800000,87.800000,87.800000,87.800000,830.000000
2022-11-16,87.900000,89.000000,87.900000,89.000000,1100.000000
2022-11-17,89.700000,89.700000,89.700000,89.700000,10.000000
2022-11-18,89.700000,91.750000,89.700000,89.950000,13420.000000
2022-11-21,91.800000,91.800000,91.750000,91.800000,300.000000
2022-11-22,90.500000,92.000000,90.500000,91.000000,1520.000000
2022-11-23,91.700000,91.800000,88.000000,88.000000,5290.000000
2022-11-24,91.750000,91.750000,91.500000,91.500000,70.000000
2022-11-25,90.800000,90.800000,90.800000,90.800000,10.000000
2022-11-29,90.800000,91.000000,90.800000,90.950000,70.000000
2022-12-01,89.000000,90.950000,87.500000,90.900000,5740.000000
2022-12-02,88.000000,90.900000,88.000000,90.900000,260.000000
2022-12-06,90.000000,90.000000,89.900000,89.900000,150.000000
2022-12-07,90.850000,90.900000,90.850000,90.850000,210.000000
2022-12-09,88.000000,89.950000,88.000000,89.950000,810.000000
2022-12-12,90.000000,90.000000,90.000000,90.000000,10.000000
2022-12-13,89.950000,89.950000,89.950000,89.950000,100.000000
2022-12-14,89.000000,89.000000,89.000000,89.000000,10.000000
2022-12-15,89.000000,89.000000,89.000000,89.000000,230.000000
2022-12-16,89.900000,89.900000,88.050000,89.750000,310.000000
2022-12-19,85.000000,85.000000,65.000000,79.950000,9940.000000
2022-12-20,79.950000,80.000000,66.100000,73.400000,5940.000000
2022-12-21,73.300000,75.000000,65.000000,69.850000,28280.000000
2022-12-22,69.650000,69.650000,64.900000,68.650000,1620.000000
2022-12-23,68.400000,68.400000,61.500000,64.900000,5020.000000
2022-12-27,67.950000,67.950000,64.900000,67.950000,680.000000
2022-12-28,67.800000,68.100000,67.500000,68.000000,7090.000000
2022-12-29,68.200000,68.200000,65.300000,65.300000,890.000000
2023-01-03,65.350000,65.350000,64.900000,64.900000,2370.000000
2023-01-04,68.150000,68.200000,65.000000,67.500000,590.000000
2023-01-05,69.850000,69.850000,69.800000,69.850000,1310.000000
2023-01-06,69.800000,69.800000,69.700000,69.700000,420.000000
2023-01-09,62.100000,70.000000,62.100000,70.000000,1180.000000
2023-01-10,69.750000,69.750000,69.750000,69.750000,70.000000
2023-01-11,63.050000,69.700000,63.050000,69.700000,1350.000000
2023-01-12,63.000000,68.200000,63.000000,68.200000,350.000000
2023-01-13,63.050000,65.000000,62.000000,64.900000,3490.000000
2023-01-16,62.150000,64.900000,62.100000,64.900000,1540.000000
2023-01-17,62.100000,64.500000,61.500000,64.500000,3740.000000
2023-01-19,64.400000,64.400000,61.150000,62.000000,8370.000000
2023-01-20,62.000000,62.000000,61.200000,62.000000,4120.000000
2023-01-23,62.000000,62.000000,62.000000,62.000000,2060.000000
2023-01-24,62.000000,63.700000,61.600000,63.400000,980.000000
2023-01-26,61.600000,63.800000,61.550000,63.750000,990.000000
2023-01-27,63.950000,64.000000,61.600000,63.850000,1310.000000
2023-01-30,61.850000,63.450000,61.800000,63.450000,450.000000
2023-02-01,61.600000,63.000000,61.550000,62.950000,230.000000
2023-02-02,63.000000,63.000000,63.000000,63.000000,500.000000
2023-02-03,61.150000,62.950000,61.150000,61.350000,1460.000000
2023-02-06,61.500000,62.850000,61.150000,61.200000,1180.000000
2023-02-07,62.900000,62.900000,62.850000,62.850000,40.000000
2023-02-08,61.150000,61.150000,61.000000,61.000000,2330.000000
2023-02-09,60.100000,60.600000,60.000000,60.600000,4250.000000
2023-02-10,60.600000,60.600000,60.000000,60.000000,710.000000
2023-02-13,60.000000,60.000000,60.000000,60.000000,1090.000000
2023-02-14,59.700000,60.000000,59.700000,60.000000,730.000000
2023-02-15,60.000000,60.000000,60.000000,60.000000,140.000000
2023-02-20,50.100000,57.950000,50.100000,57.950000,1130.000000
2023-02-21,59.000000,59.000000,57.900000,58.700000,410.000000
2023-02-22,58.700000,58.700000,58.700000,58.700000,140.000000
2023-02-27,58.700000,58.700000,58.700000,58.700000,70.000000
2023-02-28,58.500000,58.500000,51.000000,52.650000,2310.000000
2023-03-01,58.600000,58.600000,58.000000,58.400000,250.000000
2023-03-02,58.250000,58.250000,55.000000,57.950000,470.000000
2023-03-03,58.300000,58.350000,58.300000,58.350000,110.000000
2023-03-06,50.050000,55.000000,50.000000,52.950000,2470.000000
2023-03-07,53.100000,53.200000,53.100000,53.200000,210.000000
2023-03-08,54.800000,58.000000,54.800000,57.800000,1050.000000
2023-03-13,57.000000,57.000000,57.000000,57.000000,150.000000
2023-03-15,51.000000,55.950000,50.100000,55.950000,640.000000
2023-03-16,56.000000,56.000000,56.000000,56.000000,150.000000
2023-03-17,56.500000,56.900000,56.500000,56.900000,770.000000
2023-03-21,50.300000,55.450000,50.300000,55.450000,40.000000
2023-03-23,50.150000,52.450000,50.150000,52.400000,3950.000000
2023-03-24,52.800000,52.800000,52.800000,52.800000,50.000000
2023-03-28,50.100000,52.800000,50.100000,51.900000,310.000000
2023-03-29,50.200000,51.750000,50.000000,50.500000,530.000000
2023-03-30,50.500000,50.500000,50.500000,50.500000,50.000000
2023-03-31,45.550000,48.000000,45.000000,46.150000,6820.000000
2023-04-03,49.200000,49.500000,49.000000,49.450000,800.000000
2023-04-05,49.400000,49.450000,49.400000,49.450000,1200.000000
2023-04-11,48.950000,48.950000,48.950000,48.950000,200.000000
2023-04-14,48.800000,48.800000,48.800000,48.800000,100.000000
2023-04-26,48.000000,48.000000,47.800000,47.800000,1300.000000
2023-04-27,40.200000,47.000000,40.200000,46.500000,1400.000000
2023-04-28,46.300000,46.300000,46.300000,46.300000,300.000000
2023-05-02,46.200000,46.200000,46.200000,46.200000,100.000000
2023-05-03,41.050000,46.000000,41.050000,46.000000,900.000000
2023-05-04,41.400000,44.950000,41.100000,43.450000,3500.000000
2023-05-05,42.800000,43.200000,40.250000,43.200000,900.000000
2023-05-08,40.250000,42.950000,40.200000,42.950000,2900.000000
2023-05-09,42.650000,42.950000,40.000000,41.850000,1900.000000
2023-05-10,41.350000,41.350000,39.500000,40.950000,1200.000000
2023-05-11,40.900000,40.900000,39.500000,39.500000,400.000000
2023-05-12,39.550000,40.000000,39.500000,40.000000,900.000000
2023-05-15,40.000000,41.000000,40.000000,41.000000,300.000000
2023-05-16,39.000000,41.950000,39.000000,41.150000,1100.000000
2023-05-17,40.500000,40.700000,40.500000,40.700000,200.000000
2023-08-25,43.200000,43.200000,43.200000,43.200000,100.000000
2023-08-29,30.450000,40.950000,30.450000,40.950000,800.000000
2023-08-30,35.000000,37.950000,35.000000,37.950000,600.000000
2023-08-31,30.100000,30.100000,30.100000,30.100000,200.000000
2023-09-01,34.850000,34.850000,30.000000,30.000000,600.000000
2023-09-05,21.100000,25.450000,21.100000,25.150000,5800.000000
2023-09-06,27.450000,27.450000,27.000000,27.000000,300.000000
2023-09-07,28.550000,28.550000,21.700000,23.850000,3500.000000
2023-09-08,21.500000,22.800000,21.100000,22.800000,5400.000000
2023-09-11,24.000000,26.500000,23.600000,26.500000,22200.000000
2023-09-12,25.950000,25.950000,25.950000,25.950000,1300.000000
2023-09-13,23.500000,25.200000,23.500000,25.200000,11200.000000
2023-09-14,25.950000,25.950000,25.950000,25.950000,100.000000
2023-09-18,25.900000,26.300000,25.900000,25.950000,600.000000
2023-09-20,26.000000,26.000000,25.850000,25.850000,200.000000
2023-09-27,26.300000,26.300000,26.300000,26.300000,100.000000
2023-09-28,24.000000,25.700000,22.000000,25.700000,2400.000000
2023-09-29,22.500000,25.500000,22.500000,25.500000,700.000000
2023-10-02,28.000000,28.000000,27.500000,27.500000,300.000000
2023-10-03,28.000000,35.000000,27.000000,34.750000,5600.000000
2023-10-04,34.650000,34.650000,33.750000,33.750000,200.000000
2023-10-05,33.400000,40.000000,33.100000,34.800000,800.000000
2023-10-06,30.000000,32.900000,30.000000,32.900000,1100.000000
2023-10-09,32.800000,33.000000,31.500000,33.000000,1900.000000
2023-10-10,27.550000,31.700000,27.200000,28.050000,8200.000000
2023-10-11,29.600000,32.600000,29.600000,31.000000,1300.000000
2023-10-12,32.950000,32.950000,32.950000,32.950000,100.000000
2023-10-16,33.000000,35.000000,33.000000,35.000000,400.000000
2023-10-18,33.950000,34.000000,33.950000,34.000000,300.000000
2023-10-20,27.450000,31.800000,27.450000,31.800000,17400.000000
2023-10-26,27.650000,30.900000,27.500000,27.700000,6000.000000
2023-10-27,27.300000,29.600000,27.250000,29.600000,1300.000000
2023-10-31,29.550000,31.650000,29.550000,31.400000,1900.000000
2023-11-09,26.550000,31.300000,26.550000,31.300000,1100.000000
2023-11-13,27.000000,30.950000,27.000000,30.950000,20200.000000
2023-11-17,25.950000,29.200000,24.750000,24.750000,1200.000000
2023-11-20,31.600000,31.600000,31.600000,31.600000,100.000000
2023-11-24,22.300000,26.900000,22.300000,26.900000,6200.000000
2023-11-28,23.750000,26.250000,23.750000,26.100000,800.000000
2023-11-29,26.900000,26.900000,24.950000,24.950000,600.000000
2023-11-30,26.950000,26.950000,24.950000,25.900000,700.000000
2023-12-01,24.950000,26.750000,24.950000,26.750000,1000.000000
2023-12-04,24.950000,25.600000,24.950000,25.600000,200.000000
2023-12-05,26.950000,26.950000,26.950000,26.950000,100.000000
2023-12-06,23.150000,25.750000,23.150000,25.750000,1800.000000
2023-12-07,26.950000,26.950000,26.950000,26.950000,100.000000
2023-12-14,25.000000,26.950000,25.000000,26.950000,600.000000
2023-12-18,23.000000,25.950000,23.000000,25.950000,500.000000
2023-12-19,24.000000,26.000000,24.000000,24.500000,3600.000000
2023-12-20,26.450000,26.450000,23.550000,23.550000,200.000000
2023-12-21,23.250000,23.250000,23.200000,23.200000,2400.000000
2023-12-22,23.200000,24.950000,23.200000,24.950000,2700.000000
2023-12-27,24.900000,24.950000,24.900000,24.950000,800.000000
2023-12-28,25.600000,25.600000,25.600000,25.600000,100.000000
2024-01-02,23.450000,24.950000,23.450000,24.950000,300.000000
2024-01-03,23.250000,25.550000,23.250000,25.550000,500.000000
2024-01-04,23.450000,25.400000,23.450000,25.400000,300.000000
2024-01-08,24.850000,25.600000,24.850000,25.600000,1200.000000
2024-01-10,24.950000,25.000000,23.050000,24.950000,900.000000
2024-01-15,24.000000,25.600000,24.000000,25.600000,400.000000
2024-01-17,25.000000,25.600000,25.000000,25.600000,200.000000
2024-01-23,23.050000,25.600000,23.000000,25.600000,1700.000000
2024-01-24,25.650000,33.000000,25.650000,32.250000,1100.000000
2024-01-25,32.250000,32.250000,32.200000,32.250000,700.000000
2024-01-26,34.950000,34.950000,34.950000,34.950000,100.000000
2024-01-29,34.000000,34.000000,34.000000,34.000000,100.000000
2024-01-30,33.900000,34.950000,33.900000,34.950000,200.000000
2024-01-31,35.000000,35.950000,35.000000,35.550000,600.000000
2024-02-02,35.750000,35.900000,35.500000,35.900000,600.000000
2024-02-07,35.900000,35.900000,35.900000,35.900000,3000.000000
2024-02-28,32.850000,35.900000,32.850000,35.900000,400.000000
2024-03-11,25.500000,28.500000,25.200000,25.550000,4100.000000
2024-03-12,26.000000,31.000000,26.000000,31.000000,1500.000000
2024-03-15,25.250000,35.000000,23.000000,34.900000,2000.000000
2024-03-21,25.250000,32.750000,25.250000,32.750000,900.000000
2024-03-22,25.400000,31.600000,25.400000,31.600000,400.000000
2024-03-25,25.650000,33.900000,25.650000,33.900000,1300.000000
2024-03-26,26.150000,29.800000,25.400000,27.500000,21000.000000
2024-03-27,29.550000,29.550000,29.000000,29.000000,300.000000
2024-04-01,25.950000,29.450000,25.950000,29.450000,300.000000
2024-04-02,29.000000,29.000000,29.000000,29.000000,100.000000
2024-04-08,32.000000,32.000000,28.000000,29.000000,500.000000
2024-04-11,25.100000,26.950000,25.000000,25.050000,2500.000000
2024-04-12,26.800000,26.800000,25.000000,25.750000,8500.000000
2024-04-15,26.900000,26.900000,26.500000,26.500000,200.000000
2024-04-22,24.950000,25.650000,23.050000,23.750000,2000.000000
2024-04-23,23.100000,23.100000,23.000000,23.000000,1000.000000
2024-04-24,23.950000,23.950000,22.500000,23.000000,1400.000000
2024-04-25,24.000000,24.000000,24.000000,24.000000,100.000000
2024-04-29,20.050000,26.000000,20.000000,26.000000,1800.000000
2024-05-02,20.300000,25.000000,20.300000,24.950000,700.000000
2024-05-13,24.950000,24.950000,24.950000,24.950000,200.000000
2024-05-15,24.950000,24.950000,24.950000,24.950000,100.000000
