2014-11-03,1060.000000,1060.000000,1048.000000,1048.000000,5050.000000
2014-11-05,1044.000000,1045.000000,1044.000000,1045.000000,960.000000
2014-11-07,1045.000000,1045.000000,1045.000000,1045.000000,50.000000
2014-11-10,1045.000000,1045.000000,1045.000000,1045.000000,390.000000
2014-11-11,1010.000000,1020.000000,1010.000000,1020.000000,20000.000000
2014-11-12,1040.000000,1040.000000,1040.000000,1040.000000,10.000000
2014-11-18,1020.000000,1020.000000,1015.000000,1020.000000,105.000000
2014-11-19,1030.000000,1045.000000,1030.000000,1045.000000,2000.000000
2014-11-20,1017.000000,1017.000000,1016.000000,1016.000000,60.000000
2014-11-25,1040.000000,1045.000000,1035.000000,1035.000000,2010.000000
2014-11-26,1035.000000,1048.000000,1035.000000,1047.000000,6740.000000
2014-11-28,1030.000000,1030.000000,1030.000000,1030.000000,2730.000000
2014-12-01,1030.000000,1030.000000,1030.000000,1030.000000,200.000000
2014-12-02,1025.000000,1025.000000,1025.000000,1025.000000,60.000000
2014-12-03,1035.000000,1035.000000,1035.000000,1035.000000,4000.000000
2014-12-05,1034.000000,1034.000000,1034.000000,1034.000000,1050.000000
2014-12-09,1040.000000,1040.000000,1040.000000,1040.000000,1425.000000
2014-12-10,1030.000000,1030.000000,1030.000000,1030.000000,45.000000
2014-12-11,1030.000000,1030.000000,1030.000000,1030.000000,105.000000
2014-12-12,1045.000000,1045.000000,1040.000000,1045.000000,2750.000000
2014-12-15,1030.000000,1042.000000,1030.000000,1042.000000,1850.000000
2014-12-16,1042.000000,1042.000000,1042.000000,1042.000000,10360.000000
2014-12-17,1020.000000,1030.000000,1020.000000,1020.000000,12700.000000
2014-12-18,1020.000000,1020.000000,1020.000000,1020.000000,50.000000
2015-01-07,1020.000000,1020.000000,1020.000000,1020.000000,890.000000
2015-01-09,1020.000000,1020.000000,1010.000000,1010.000000,3000.000000
2015-01-13,1010.000000,1010.000000,1010.000000,1010.000000,200.000000
2015-01-19,1005.000000,1005.000000,1005.000000,1005.000000,50.000000
2015-01-22,1016.000000,1016.000000,1015.000000,1015.000000,3100.000000
2015-01-28,1015.000000,1015.000000,1015.000000,1015.000000,110.000000
2015-01-29,1016.000000,1016.000000,1016.000000,1016.000000,320.000000
2015-01-30,1017.000000,1017.000000,1016.000000,1016.000000,1100.000000
2015-02-02,1017.000000,1017.000000,1017.000000,1017.000000,20.000000
2015-02-04,1017.000000,1048.000000,1017.000000,1048.000000,180.000000
2015-02-05,1017.000000,1017.000000,1015.000000,1015.000000,11100.000000
2015-02-10,1013.000000,1013.000000,1010.000000,1010.000000,580.000000
2015-02-11,1009.000000,1009.000000,1009.000000,1009.000000,320.000000
2015-02-12,1010.000000,1010.000000,1010.000000,1010.000000,300.000000
2015-02-13,1011.000000,1011.000000,1010.000000,1010.000000,2875.000000
2015-02-16,1010.000000,1010.000000,1010.000000,1010.000000,1050.000000
2015-02-17,1010.000000,1010.000000,1010.000000,1010.000000,350.000000
2015-02-20,1026.000000,1026.000000,1026.000000,1026.000000,40.000000
2015-02-23,1015.000000,1026.000000,1015.000000,1026.000000,1920.000000
2015-02-25,1026.000000,1026.000000,1012.000000,1012.000000,570.000000
2015-02-26,1012.000000,1012.000000,1012.000000,1012.000000,1100.000000
2015-03-04,1026.000000,1026.000000,1024.000000,1024.000000,550.000000
2015-03-05,1025.000000,1030.000000,1025.000000,1030.000000,1030.000000
2015-03-06,1035.000000,1035.000000,1035.000000,1035.000000,50.000000
2015-03-11,1031.000000,1035.000000,1031.000000,1031.000000,1050.000000
2015-03-12,1050.000000,1050.000000,1050.000000,1050.000000,930.000000
2015-03-16,1050.000000,1050.000000,1050.000000,1050.000000,50.000000
2015-03-17,1050.000000,1070.000000,1050.000000,1070.000000,2550.000000
2015-03-18,1070.000000,1080.000000,1060.000000,1060.000000,655.000000
2015-03-19,1080.000000,1080.000000,1080.000000,1080.000000,240.000000
2015-03-20,1070.000000,1070.000000,1070.000000,1070.000000,8500.000000
2015-03-26,1085.000000,1085.000000,1085.000000,1085.000000,110.000000
2015-03-27,1080.000000,1080.000000,1080.000000,1080.000000,150.000000
2015-03-30,1080.000000,1080.000000,1080.000000,1080.000000,1000.000000
2015-03-31,1080.000000,1080.000000,1080.000000,1080.000000,50.000000
2015-04-01,1090.000000,1090.000000,1090.000000,1090.000000,1005.000000
2015-04-07,1080.000000,1080.000000,1080.000000,1080.000000,300.000000
2015-04-10,1080.000000,1080.000000,1080.000000,1080.000000,50.000000
2015-04-13,1090.000000,1090.000000,1090.000000,1090.000000,45.000000
2015-04-14,1150.000000,1150.000000,1150.000000,1150.000000,245.000000
2015-04-16,1060.000000,1060.000000,1060.000000,1060.000000,2050.000000
2015-04-22,1139.000000,1139.000000,1065.000000,1065.000000,55.000000
2015-04-23,1065.000000,1065.000000,1065.000000,1065.000000,50.000000
2015-04-24,1139.000000,1139.000000,1139.000000,1139.000000,95.000000
2015-04-27,1140.000000,1180.000000,1140.000000,1160.000000,2605.000000
2015-04-28,1160.000000,1160.000000,1067.000000,1150.000000,285.000000
2015-05-05,1080.000000,1080.000000,1066.000000,1066.000000,600.000000
2015-05-06,1067.000000,1067.000000,1060.000000,1060.000000,1400.000000
2015-05-07,1061.000000,1062.000000,1060.000000,1060.000000,5035.000000
2015-05-08,1055.000000,1055.000000,1050.000000,1050.000000,1000.000000
2015-05-12,1053.000000,1053.000000,1053.000000,1053.000000,32000.000000
2015-05-14,1080.000000,1080.000000,1080.000000,1080.000000,10000.000000
2015-05-15,1100.000000,1125.000000,1100.000000,1125.000000,1000.000000
2015-06-01,1123.000000,1124.000000,1121.000000,1124.000000,3790.000000
2015-06-02,1124.000000,1124.000000,1124.000000,1124.000000,510.000000
2015-06-03,1080.000000,1080.000000,1080.000000,1080.000000,1020.000000
2015-06-11,1120.000000,1120.000000,1120.000000,1120.000000,250.000000
2015-06-16,1120.000000,1120.000000,1120.000000,1120.000000,870.000000
2015-06-17,1120.000000,1120.000000,1055.000000,1055.000000,1900.000000
2015-06-23,1056.000000,1056.000000,1056.000000,1056.000000,5.000000
2015-06-26,1057.000000,1057.000000,1057.000000,1057.000000,50.000000
2015-07-01,1080.000000,1080.000000,1080.000000,1080.000000,20000.000000
2015-07-06,1119.000000,1119.000000,1066.000000,1066.000000,305.000000
2015-07-09,1070.000000,1070.000000,1070.000000,1070.000000,50.000000
2015-07-14,1119.000000,1119.000000,1119.000000,1119.000000,5.000000
2015-07-15,1120.000000,1120.000000,1120.000000,1120.000000,20000.000000
2015-07-16,1080.000000,1080.000000,1080.000000,1080.000000,50.000000
2015-07-21,1080.000000,1080.000000,1080.000000,1080.000000,60.000000
2015-07-28,1080.000000,1080.000000,1080.000000,1080.000000,500.000000
2015-07-29,1080.000000,1080.000000,1080.000000,1080.000000,4440.000000
2015-08-06,1056.000000,1056.000000,1051.000000,1052.000000,1800.000000
2015-08-10,1052.000000,1052.000000,1052.000000,1052.000000,50.000000
2015-08-11,1051.000000,1051.000000,1051.000000,1051.000000,50.000000
2015-08-13,1050.000000,1050.000000,1045.000000,1045.000000,1960.000000
2015-08-20,1043.000000,1046.000000,1041.000000,1046.000000,5020.000000
2015-08-24,1040.000000,1040.000000,1040.000000,1040.000000,40.000000
2015-08-25,1040.000000,1040.000000,1040.000000,1040.000000,100.000000
2015-08-26,1040.000000,1040.000000,1040.000000,1040.000000,2820.000000
2015-08-27,1040.000000,1040.000000,1040.000000,1040.000000,2660.000000
2015-08-28,1040.000000,1045.000000,1040.000000,1045.000000,70.000000
2015-09-04,1045.000000,1045.000000,1045.000000,1045.000000,25.000000
2015-09-07,1045.000000,1045.000000,1045.000000,1045.000000,110.000000
2015-09-08,1045.000000,1045.000000,1045.000000,1045.000000,130.000000
2015-09-09,1045.000000,1045.000000,1045.000000,1045.000000,515.000000
2015-09-15,1045.000000,1050.000000,1045.000000,1050.000000,5400.000000
2015-09-23,1056.000000,1056.000000,1056.000000,1056.000000,20000.000000
2015-09-24,1080.000000,1080.000000,1080.000000,1080.000000,6000.000000
2015-09-28,1080.000000,1080.000000,1080.000000,1080.000000,30.000000
2015-10-01,1080.000000,1080.000000,1080.000000,1080.000000,20.000000
2015-10-06,1080.000000,1080.000000,1079.000000,1080.000000,8700.000000
2015-10-07,1079.000000,1080.000000,1079.000000,1080.000000,1080.000000
2015-10-13,1065.000000,1065.000000,1065.000000,1065.000000,80.000000
2015-10-14,1065.000000,1065.000000,1065.000000,1065.000000,1015.000000
2015-10-15,1065.000000,1065.000000,1065.000000,1065.000000,20.000000
2015-10-20,1075.000000,1075.000000,1075.000000,1075.000000,150.000000
2015-10-22,1074.000000,1074.000000,1074.000000,1074.000000,50.000000
2015-11-02,1065.000000,1065.000000,1065.000000,1065.000000,2350.000000
2015-11-03,1065.000000,1065.000000,1065.000000,1065.000000,80.000000
2015-11-04,1070.000000,1070.000000,1065.000000,1065.000000,225.000000
2015-11-09,1065.000000,1065.000000,1065.000000,1065.000000,545.000000
2015-11-10,1030.000000,1065.000000,1030.000000,1065.000000,1510.000000
2015-11-11,1050.000000,1060.000000,1050.000000,1050.000000,11790.000000
2015-11-12,1060.000000,1065.000000,1060.000000,1065.000000,880.000000
2015-11-16,1060.000000,1060.000000,1060.000000,1060.000000,20.000000
2015-11-20,1050.000000,1050.000000,1050.000000,1050.000000,130.000000
2015-11-25,1055.000000,1055.000000,1055.000000,1055.000000,3000.000000
2015-12-02,1060.000000,1060.000000,1050.000000,1050.000000,1470.000000
2015-12-04,1060.000000,1060.000000,1050.000000,1050.000000,1200.000000
2015-12-07,1050.000000,1050.000000,1050.000000,1050.000000,70.000000
2015-12-08,1060.000000,1060.000000,1060.000000,1060.000000,200.000000
2015-12-09,1050.000000,1050.000000,1050.000000,1050.000000,270.000000
2015-12-10,1050.000000,1050.000000,1050.000000,1050.000000,700.000000
2015-12-14,1060.000000,1060.000000,1050.000000,1050.000000,950.000000
2015-12-15,1050.000000,1050.000000,1050.000000,1050.000000,1000.000000
2015-12-16,1060.000000,1060.000000,1060.000000,1060.000000,100.000000
2015-12-22,1060.000000,1060.000000,1060.000000,1060.000000,4680.000000
2015-12-29,1060.000000,1070.000000,1060.000000,1070.000000,8975.000000
2016-01-05,1050.000000,1050.000000,1050.000000,1050.000000,80.000000
2016-01-07,1050.000000,1050.000000,1030.000000,1030.000000,495.000000
2016-01-11,1035.000000,1036.000000,1035.000000,1036.000000,120.000000
2016-01-18,1036.000000,1036.000000,1036.000000,1036.000000,10.000000
2016-01-21,1020.000000,1022.000000,1020.000000,1022.000000,840.000000
2016-01-22,1020.000000,1020.000000,1020.000000,1020.000000,50.000000
2016-01-25,1023.000000,1023.000000,1023.000000,1023.000000,950.000000
2016-02-01,1023.000000,1023.000000,1023.000000,1023.000000,1000.000000
2016-02-03,1025.000000,1025.000000,1025.000000,1025.000000,1500.000000
2016-02-04,1025.000000,1025.000000,1025.000000,1025.000000,320.000000
2016-02-05,1023.000000,1023.000000,1023.000000,1023.000000,200.000000
2016-02-12,1035.000000,1035.000000,1035.000000,1035.000000,270.000000
2016-02-15,1035.000000,1035.000000,1035.000000,1035.000000,1940.000000
2016-02-17,1035.000000,1035.000000,1035.000000,1035.000000,1000.000000
2016-02-18,1035.000000,1035.000000,1035.000000,1035.000000,3500.000000
2016-02-24,1064.000000,1080.000000,1064.000000,1080.000000,10000.000000
2016-02-26,1080.000000,1080.000000,1079.000000,1080.000000,11070.000000
2016-02-29,1060.000000,1084.000000,1060.000000,1084.000000,11760.000000
2016-03-02,1028.000000,1030.000000,1028.000000,1028.000000,2080.000000
2016-03-10,1028.000000,1028.000000,1028.000000,1028.000000,1350.000000
2016-03-11,1028.000000,1028.000000,1028.000000,1028.000000,1050.000000
2016-03-15,1077.000000,1077.000000,1077.000000,1077.000000,10.000000
2016-03-22,1070.000000,1070.000000,1070.000000,1070.000000,10.000000
2016-03-31,1070.000000,1070.000000,1070.000000,1070.000000,140.000000
2016-04-01,1075.000000,1075.000000,1075.000000,1075.000000,5.000000
2016-04-04,1030.000000,1030.000000,1030.000000,1030.000000,5000.000000
2016-04-12,1000.000000,1000.000000,1000.000000,1000.000000,300.000000
2016-04-18,1026.000000,1026.000000,1026.000000,1026.000000,1000.000000
2016-04-28,1026.000000,1026.000000,1026.000000,1026.000000,60.000000
2016-05-02,1026.000000,1026.000000,1026.000000,1026.000000,50.000000
2016-05-10,1027.000000,1027.000000,1026.000000,1026.000000,180.000000
2016-05-12,1026.000000,1026.000000,1026.000000,1026.000000,2000.000000
2016-05-16,1026.000000,1075.000000,1026.000000,1075.000000,1665.000000
2016-05-25,1031.000000,1077.000000,1028.000000,1050.000000,11810.000000
2016-05-26,1050.000000,1050.000000,1050.000000,1050.000000,21100.000000
2016-05-30,1032.000000,1032.000000,1032.000000,1032.000000,100.000000
2016-05-31,1032.000000,1032.000000,1032.000000,1032.000000,100.000000
2016-06-07,1050.000000,1050.000000,1026.000000,1026.000000,14000.000000
2016-06-08,1050.000000,1050.000000,1028.000000,1028.000000,19640.000000
2016-06-16,1034.000000,1034.000000,1034.000000,1034.000000,10.000000
2016-06-17,1077.000000,1080.000000,1037.000000,1037.000000,28980.000000
2016-06-20,1077.000000,1079.000000,1075.000000,1079.000000,4250.000000
2016-06-23,1065.000000,1065.000000,1065.000000,1065.000000,1800.000000
2016-06-27,1065.000000,1065.000000,1065.000000,1065.000000,4000.000000
2016-07-01,1065.000000,1065.000000,1065.000000,1065.000000,2520.000000
2016-07-07,1088.000000,1088.000000,1065.000000,1065.000000,1000.000000
2016-07-21,1030.000000,1040.000000,1029.000000,1040.000000,2640.000000
2016-07-22,1045.000000,1045.000000,1045.000000,1045.000000,2000.000000
2016-08-01,1043.000000,1043.000000,1043.000000,1043.000000,300.000000
2016-08-02,1043.000000,1043.000000,1043.000000,1043.000000,265.000000
2016-08-10,1050.000000,1050.000000,1040.000000,1040.000000,3230.000000
2016-08-11,1040.000000,1040.000000,1040.000000,1040.000000,5.000000
2016-08-12,1040.000000,1040.000000,1040.000000,1040.000000,5.000000
2016-08-16,1040.000000,1040.000000,1040.000000,1040.000000,1000.000000
2016-08-17,1050.000000,1050.000000,1041.000000,1041.000000,400.000000
2016-08-18,1041.000000,1041.000000,1040.000000,1040.000000,50.000000
2016-08-19,1050.000000,1050.000000,1040.000000,1040.000000,1200.000000
2016-08-22,1050.000000,1050.000000,1050.000000,1050.000000,200.000000
2016-08-23,1040.000000,1045.000000,1040.000000,1040.000000,700.000000
2016-08-25,1040.000000,1040.000000,1040.000000,1040.000000,1620.000000
2016-08-30,1060.000000,1060.000000,1060.000000,1060.000000,80.000000
2016-08-31,1060.000000,1060.000000,1060.000000,1060.000000,2000.000000
2016-09-01,1060.000000,1060.000000,1060.000000,1060.000000,35.000000
2016-09-02,1061.000000,1061.000000,1061.000000,1061.000000,5.000000
2016-09-05,1061.000000,1061.000000,1061.000000,1061.000000,80.000000
2016-09-06,1084.000000,1084.000000,1078.000000,1082.000000,4590.000000
2016-09-09,1084.000000,1091.000000,1084.000000,1091.000000,2615.000000
2016-09-13,1091.000000,1091.000000,1091.000000,1091.000000,1275.000000
2016-09-14,1093.000000,1093.000000,1091.000000,1091.000000,7105.000000
2016-09-19,1099.000000,1099.000000,1099.000000,1099.000000,200.000000
2016-09-21,1099.000000,1120.000000,1099.000000,1120.000000,450.000000
2016-09-22,1120.000000,1120.000000,1120.000000,1120.000000,500.000000
2016-09-23,1098.000000,1098.000000,1098.000000,1098.000000,50.000000
2016-09-27,1100.000000,1110.000000,1100.000000,1100.000000,1150.000000
2016-09-28,1140.000000,1140.000000,1140.000000,1140.000000,1780.000000
2016-09-30,1137.000000,1137.000000,1137.000000,1137.000000,500.000000
2016-10-10,1092.000000,1092.000000,1091.000000,1091.000000,2000.000000
2016-10-13,1029.000000,1029.000000,1029.000000,1029.000000,2500.000000
2016-10-14,1091.000000,1091.000000,1091.000000,1091.000000,4880.000000
2016-10-17,1091.000000,1091.000000,1091.000000,1091.000000,100.000000
2016-10-19,1091.000000,1091.000000,1091.000000,1091.000000,200.000000
2016-10-21,1091.000000,1091.000000,1091.000000,1091.000000,1440.000000
2016-10-24,1091.000000,1091.000000,1091.000000,1091.000000,200.000000
2016-10-25,1091.000000,1093.000000,1091.000000,1093.000000,2910.000000
2016-10-28,1094.000000,1094.000000,1094.000000,1094.000000,760.000000
2016-11-03,1094.000000,1094.000000,1094.000000,1094.000000,12500.000000
2016-11-04,1094.000000,1094.000000,1094.000000,1094.000000,2325.000000
2016-11-10,1090.000000,1091.000000,1090.000000,1091.000000,1215.000000
2016-11-15,1091.000000,1091.000000,1090.000000,1090.000000,2500.000000
2016-11-17,1100.000000,1100.000000,1100.000000,1100.000000,90.000000
2016-11-18,1090.000000,1090.000000,1090.000000,1090.000000,450.000000
2016-11-24,1100.000000,1100.000000,1100.000000,1100.000000,6550.000000
2016-11-25,1100.000000,1100.000000,1100.000000,1100.000000,5685.000000
2016-11-28,1080.000000,1080.000000,1080.000000,1080.000000,85.000000
2016-12-08,1036.000000,1036.000000,1035.000000,1035.000000,2000.000000
2016-12-23,1089.000000,1089.000000,1089.000000,1089.000000,130.000000
2016-12-27,1070.000000,1070.000000,1070.000000,1070.000000,15000.000000
2016-12-29,1043.000000,1045.000000,1043.000000,1045.000000,120.000000
2017-01-09,1045.000000,1045.000000,1045.000000,1045.000000,50.000000
2017-01-13,1058.000000,1058.000000,1057.000000,1057.000000,13900.000000
2017-01-17,1046.000000,1046.000000,1045.000000,1045.000000,60.000000
2017-01-18,1060.000000,1060.000000,1060.000000,1060.000000,1000.000000
2017-01-20,1060.000000,1060.000000,1060.000000,1060.000000,30.000000
2017-01-27,1070.000000,1070.000000,1070.000000,1070.000000,2000.000000
2017-01-31,1072.000000,1072.000000,1072.000000,1072.000000,5000.000000
2017-02-01,1072.000000,1072.000000,1072.000000,1072.000000,8000.000000
2017-02-02,1072.000000,1072.000000,1072.000000,1072.000000,2000.000000
2017-02-03,1070.000000,1072.000000,1070.000000,1072.000000,2000.000000
2017-02-13,1072.000000,1072.000000,1070.000000,1072.000000,4940.000000
2017-02-15,1072.000000,1073.000000,1072.000000,1073.000000,4890.000000
2017-02-17,1070.000000,1070.000000,1070.000000,1070.000000,3000.000000
2017-02-20,1070.000000,1070.000000,1045.000000,1045.000000,1670.000000
2017-02-21,1046.000000,1046.000000,1046.000000,1046.000000,770.000000
2017-02-24,1047.000000,1047.000000,1045.000000,1045.000000,1200.000000
2017-03-02,1050.000000,1050.000000,1050.000000,1050.000000,1775.000000
2017-03-13,1051.000000,1065.000000,1051.000000,1065.000000,5005.000000
2017-03-14,1070.000000,1070.000000,1070.000000,1070.000000,5000.000000
2017-03-15,1089.000000,1089.000000,1089.000000,1089.000000,5.000000
2017-03-16,1072.000000,1072.000000,1072.000000,1072.000000,5.000000
2017-03-20,1065.000000,1069.000000,1065.000000,1069.000000,1040.000000
2017-03-23,1069.000000,1069.000000,1069.000000,1069.000000,3550.000000
2017-03-24,1069.000000,1075.000000,1069.000000,1075.000000,2550.000000
2017-03-28,1070.000000,1070.000000,1070.000000,1070.000000,190.000000
2017-03-31,1075.000000,1075.000000,1075.000000,1075.000000,50.000000
2017-04-03,1075.000000,1075.000000,1075.000000,1075.000000,25.000000
2017-04-07,1074.000000,1075.000000,1031.000000,1075.000000,16565.000000
2017-04-21,1034.000000,1034.000000,1030.000000,1030.000000,50.000000
2017-04-24,1035.000000,1035.000000,1035.000000,1035.000000,3000.000000
2017-04-25,1035.000000,1035.000000,1025.000000,1025.000000,1000.000000
2017-04-27,1072.000000,1072.000000,1072.000000,1072.000000,20.000000
2017-05-03,1068.000000,1068.000000,1068.000000,1068.000000,735.000000
2017-05-04,1065.000000,1065.000000,1065.000000,1065.000000,275.000000
2017-05-05,1075.000000,1075.000000,1060.000000,1060.000000,835.000000
2017-05-09,1060.000000,1060.000000,1025.000000,1025.000000,1620.000000
2017-05-10,1025.000000,1025.000000,1025.000000,1025.000000,50.000000
2017-05-11,1028.000000,1028.000000,1028.000000,1028.000000,60.000000
2017-05-18,1060.000000,1060.000000,1060.000000,1060.000000,5.000000
2017-05-22,1029.000000,1029.000000,1028.000000,1028.000000,50.000000
2017-05-24,1029.000000,1029.000000,1029.000000,1029.000000,3060.000000
2017-05-25,1029.000000,1029.000000,1029.000000,1029.000000,50.000000
2017-05-29,1029.000000,1029.000000,1025.000000,1025.000000,370.000000
2017-05-31,1025.000000,1025.000000,1025.000000,1025.000000,500.000000
2017-06-01,1025.000000,1025.000000,1025.000000,1025.000000,100.000000
2017-06-02,1049.000000,1049.000000,1049.000000,1049.000000,5.000000
2017-06-05,1049.000000,1049.000000,1049.000000,1049.000000,5.000000
2017-06-06,1040.000000,1040.000000,1040.000000,1040.000000,25.000000
2017-06-08,1040.000000,1040.000000,1040.000000,1040.000000,4250.000000
2017-06-09,1035.000000,1035.000000,1035.000000,1035.000000,1200.000000
2017-06-14,1030.000000,1035.000000,1030.000000,1035.000000,760.000000
2017-06-15,1030.000000,1030.000000,1030.000000,1030.000000,1000.000000
2017-06-16,1040.000000,1040.000000,1040.000000,1040.000000,400.000000
2017-06-20,1030.000000,1030.000000,1025.000000,1025.000000,1360.000000
2017-06-21,1030.000000,1030.000000,1020.000000,1020.000000,4940.000000
2017-06-29,1039.000000,1039.000000,1039.000000,1039.000000,2200.000000
2017-06-30,1039.000000,1039.000000,1039.000000,1039.000000,150.000000
2017-07-03,1030.000000,1030.000000,1030.000000,1030.000000,45.000000
2017-07-07,1035.000000,1035.000000,1030.000000,1030.000000,1080.000000
2017-07-10,1033.000000,1033.000000,1033.000000,1033.000000,1000.000000
2017-07-12,1036.000000,1036.000000,1036.000000,1036.000000,430.000000
2017-07-13,1036.000000,1036.000000,1036.000000,1036.000000,540.000000
2017-07-14,1036.000000,1036.000000,1036.000000,1036.000000,530.000000
2017-07-19,1036.000000,1036.000000,1036.000000,1036.000000,8550.000000
2017-07-21,1036.000000,1036.000000,1036.000000,1036.000000,2000.000000
2017-07-26,1036.000000,1036.000000,1036.000000,1036.000000,3355.000000
2017-07-27,1036.000000,1036.000000,1036.000000,1036.000000,555.000000
2017-07-28,1036.000000,1036.000000,1036.000000,1036.000000,5.000000
2017-08-01,1040.000000,1040.000000,1037.000000,1037.000000,300.000000
2017-08-08,1037.000000,1065.000000,1036.000000,1065.000000,8160.000000
2017-08-14,1040.000000,1040.000000,1040.000000,1040.000000,75.000000
2017-08-17,1040.000000,1040.000000,1040.000000,1040.000000,195.000000
2017-08-18,1060.000000,1060.000000,1060.000000,1060.000000,470.000000
2017-08-29,1059.000000,1065.000000,1059.000000,1065.000000,5135.000000
2017-08-30,1060.000000,1065.000000,1060.000000,1065.000000,1035.000000
2017-08-31,1065.000000,1065.000000,1060.000000,1065.000000,3890.000000
2017-09-04,1060.000000,1060.000000,1060.000000,1060.000000,5370.000000
2017-09-07,1049.000000,1049.000000,1049.000000,1049.000000,2000.000000
2017-09-13,1049.000000,1049.000000,1049.000000,1049.000000,120.000000
2017-09-20,1060.000000,1060.000000,1060.000000,1060.000000,10.000000
2017-09-21,1060.000000,1065.000000,1060.000000,1065.000000,4700.000000
2017-09-22,1065.000000,1090.000000,1065.000000,1090.000000,1315.000000
2017-09-25,1065.000000,1065.000000,1065.000000,1065.000000,2860.000000
2017-09-26,1065.000000,1065.000000,1065.000000,1065.000000,1005.000000
2017-09-29,1065.000000,1065.000000,1065.000000,1065.000000,5000.000000
2017-10-02,1065.000000,1066.000000,1065.000000,1066.000000,2705.000000
2017-10-03,1070.000000,1070.000000,1070.000000,1070.000000,5.000000
2017-10-04,1070.000000,1070.000000,1070.000000,1070.000000,10.000000
2017-10-05,1066.000000,1066.000000,1065.000000,1065.000000,2000.000000
2017-10-10,1070.000000,1070.000000,1070.000000,1070.000000,15.000000
2017-10-12,1065.000000,1065.000000,1065.000000,1065.000000,60.000000
2017-10-13,1066.000000,1066.000000,1066.000000,1066.000000,500.000000
2017-10-19,1065.000000,1065.000000,1065.000000,1065.000000,3940.000000
2017-10-20,1065.000000,1065.000000,1065.000000,1065.000000,1000.000000
2017-10-24,1065.000000,1065.000000,1065.000000,1065.000000,2000.000000
2017-11-06,1064.000000,1064.000000,1064.000000,1064.000000,11000.000000
2017-11-07,1049.000000,1049.000000,1049.000000,1049.000000,1540.000000
2017-11-13,1049.000000,1049.000000,1049.000000,1049.000000,150.000000
2017-11-16,1049.000000,1049.000000,1049.000000,1049.000000,500.000000
2017-11-17,1049.000000,1049.000000,1049.000000,1049.000000,1500.000000
2017-11-21,1075.000000,1075.000000,1049.000000,1049.000000,1005.000000
2017-11-22,1049.000000,1049.000000,1049.000000,1049.000000,130.000000
2017-11-23,1049.000000,1049.000000,1049.000000,1049.000000,27910.000000
2017-11-24,1049.000000,1049.000000,1049.000000,1049.000000,1070.000000
2017-12-01,1050.000000,1050.000000,1049.000000,1049.000000,5000.000000
2017-12-04,1050.000000,1050.000000,1050.000000,1050.000000,50.000000
2017-12-11,1049.000000,1049.000000,1049.000000,1049.000000,600.000000
2017-12-12,1050.000000,1050.000000,1050.000000,1050.000000,1870.000000
2017-12-13,1050.000000,1050.000000,1050.000000,1050.000000,1870.000000
2017-12-19,1049.000000,1060.000000,1049.000000,1060.000000,10.000000
2017-12-20,1060.000000,1060.000000,1060.000000,1060.000000,1000.000000
2017-12-27,1049.000000,1049.000000,1049.000000,1049.000000,2000.000000
2017-12-28,1060.000000,1060.000000,1060.000000,1060.000000,5.000000
2018-01-10,1070.000000,1070.000000,1070.000000,1070.000000,20.000000
2018-01-11,1070.000000,1070.000000,1070.000000,1070.000000,5.000000
2018-01-19,1048.000000,1048.000000,1048.000000,1048.000000,905.000000
2018-01-25,1065.000000,1065.000000,1065.000000,1065.000000,5.000000
2018-01-31,991.000000,1048.000000,990.000000,1048.000000,1600.000000
2018-02-01,1061.000000,1061.000000,1061.000000,1061.000000,10.000000
2018-02-02,1041.000000,1041.000000,1041.000000,1041.000000,165.000000
2018-02-08,1041.000000,1041.000000,1041.000000,1041.000000,540.000000
2018-02-14,1041.000000,1041.000000,1041.000000,1041.000000,2000.000000
2018-02-19,1040.000000,1040.000000,1040.000000,1040.000000,780.000000
2018-02-20,1040.000000,1040.000000,1034.000000,1036.000000,10100.000000
2018-02-21,1034.000000,1034.000000,1034.000000,1034.000000,300.000000
2018-02-22,1035.000000,1035.000000,1035.000000,1035.000000,4500.000000
2018-02-26,1035.000000,1035.000000,1035.000000,1035.000000,11070.000000
2018-02-27,1040.000000,1040.000000,1034.000000,1034.000000,20070.000000
2018-02-28,1034.000000,1034.000000,1034.000000,1034.000000,500.000000
2018-03-05,1035.000000,1035.000000,1034.000000,1034.000000,1005.000000
2018-03-07,1034.000000,1034.000000,1034.000000,1034.000000,60.000000
2018-03-13,1035.000000,1035.000000,1035.000000,1035.000000,960.000000
2018-03-14,1034.000000,1034.000000,1034.000000,1034.000000,1830.000000
2018-03-15,1035.000000,1035.000000,1035.000000,1035.000000,10.000000
2018-03-16,1035.000000,1035.000000,1035.000000,1035.000000,30.000000
2018-03-20,1035.000000,1035.000000,1034.000000,1034.000000,405.000000
2018-03-27,1050.000000,1050.000000,1050.000000,1050.000000,290.000000
2018-04-02,1050.000000,1050.000000,1050.000000,1050.000000,5.000000
2018-04-03,1050.000000,1050.000000,1050.000000,1050.000000,50.000000
2018-04-04,1050.000000,1050.000000,1050.000000,1050.000000,155.000000
2018-04-05,1035.000000,1035.000000,1034.000000,1034.000000,2545.000000
2018-04-13,1021.000000,1021.000000,1021.000000,1021.000000,3000.000000
2018-04-24,1021.000000,1021.000000,1021.000000,1021.000000,1910.000000
2018-04-27,1030.000000,1030.000000,1021.000000,1021.000000,1080.000000
2018-04-30,1021.000000,1021.000000,1020.000000,1020.000000,1500.000000
2018-05-11,1024.000000,1024.000000,1020.000000,1020.000000,10000.000000
2018-05-18,1021.000000,1021.000000,1020.000000,1020.000000,5000.000000
2018-05-24,1022.000000,1022.000000,1021.000000,1022.000000,1380.000000
2018-05-25,1022.000000,1022.000000,1022.000000,1022.000000,3470.000000
2018-05-28,1022.000000,1022.000000,1022.000000,1022.000000,1000.000000
2018-06-04,1021.000000,1021.000000,1021.000000,1021.000000,1000.000000
2018-06-05,1021.000000,1021.000000,1021.000000,1021.000000,5000.000000
2018-06-08,1021.000000,1021.000000,1021.000000,1021.000000,700.000000
2018-06-14,1021.000000,1021.000000,1021.000000,1021.000000,500.000000
2018-06-18,1021.000000,1021.000000,1021.000000,1021.000000,50.000000
2018-06-19,1021.000000,1021.000000,1021.000000,1021.000000,50.000000
2018-06-20,1021.000000,1021.000000,1021.000000,1021.000000,50.000000
2018-06-22,1021.000000,1021.000000,1021.000000,1021.000000,50.000000
2018-06-26,1021.000000,1021.000000,1021.000000,1021.000000,3400.000000
2018-07-05,1021.000000,1021.000000,1021.000000,1021.000000,500.000000
2018-07-10,1030.000000,1030.000000,1030.000000,1030.000000,500.000000
2018-07-16,1030.000000,1042.000000,1030.000000,1042.000000,180.000000
2018-07-17,1030.000000,1030.000000,1030.000000,1030.000000,785.000000
2018-07-18,1030.000000,1030.000000,1030.000000,1030.000000,60.000000
2018-07-19,1030.000000,1030.000000,1030.000000,1030.000000,205.000000
2018-07-20,1030.000000,1030.000000,1030.000000,1030.000000,670.000000
2018-07-24,1030.000000,1030.000000,1030.000000,1030.000000,50.000000
2018-07-25,1030.000000,1030.000000,1030.000000,1030.000000,150.000000
2018-07-30,1021.000000,1021.000000,1021.000000,1021.000000,2000.000000
2018-08-06,1020.000000,1020.000000,1010.000000,1010.000000,2050.000000
2018-08-08,1045.000000,1045.000000,1045.000000,1045.000000,50.000000
2018-08-09,1021.000000,1021.000000,1010.000000,1010.000000,2120.000000
2018-08-20,1021.000000,1021.000000,1010.000000,1010.000000,1620.000000
2018-08-22,1010.000000,1010.000000,1010.000000,1010.000000,50.000000
2018-08-30,1011.000000,1011.000000,1011.000000,1011.000000,1500.000000
2018-08-31,1011.000000,1011.000000,1011.000000,1011.000000,1980.000000
2018-09-05,1011.000000,1011.000000,1011.000000,1011.000000,1000.000000
2018-09-10,1011.000000,1011.000000,1011.000000,1011.000000,500.000000
2018-09-11,1011.000000,1011.000000,1011.000000,1011.000000,500.000000
2018-09-13,1012.000000,1012.000000,1011.000000,1011.000000,50.000000
2018-09-14,1011.000000,1011.000000,1010.000000,1010.000000,1070.000000
2018-09-19,1011.000000,1011.000000,1011.000000,1011.000000,50.000000
2018-09-20,1011.000000,1011.000000,1010.000000,1010.000000,2470.000000
2018-09-24,1005.000000,1005.000000,1005.000000,1005.000000,100.000000
2018-09-25,1005.000000,1005.000000,1005.000000,1005.000000,300.000000
2018-09-27,1000.000000,1000.000000,1000.000000,1000.000000,2000.000000
2018-10-03,1000.000000,1000.000000,1000.000000,1000.000000,150.000000
2018-10-04,1010.000000,1010.000000,1010.000000,1010.000000,50.000000
2018-10-10,1010.000000,1010.000000,1010.000000,1010.000000,20.000000
2018-10-22,1005.000000,1005.000000,1000.000000,1000.000000,200.000000
2018-10-23,1000.000000,1000.000000,1000.000000,1000.000000,15.000000
2018-10-30,1000.000000,1000.000000,1000.000000,1000.000000,305.000000
2018-11-09,990.000000,990.000000,990.000000,990.000000,50.000000
2018-11-20,990.000000,990.000000,990.000000,990.000000,80.000000
2018-11-21,990.000000,990.000000,990.000000,990.000000,10.000000
2018-11-29,990.000000,990.000000,920.000000,989.500000,350.000000
2018-12-04,990.000000,990.000000,980.000000,980.000000,300.000000
2018-12-05,990.000000,990.000000,990.000000,990.000000,2250.000000
2018-12-10,932.000000,932.000000,932.000000,932.000000,50.000000
2018-12-12,990.000000,990.000000,990.000000,990.000000,20.000000
2018-12-17,980.000000,995.000000,980.000000,995.000000,140.000000
2018-12-18,980.000000,980.000000,980.000000,980.000000,200.000000
2018-12-19,985.000000,985.000000,985.000000,985.000000,50.000000
2018-12-21,1005.000000,1007.000000,1005.000000,1007.000000,30.000000
2018-12-26,900.000000,951.000000,900.000000,951.000000,150.000000
2018-12-27,980.000000,1000.000000,980.000000,980.000000,540.000000
2019-01-02,980.000000,980.000000,980.000000,980.000000,160.000000
2019-01-04,980.000000,980.000000,955.000000,979.500000,340.000000
2019-01-07,999.500000,999.500000,980.000000,980.000000,900.000000
2019-01-08,980.000000,980.000000,980.000000,980.000000,750.000000
2019-01-10,999.500000,999.500000,999.500000,999.500000,20.000000
2019-01-14,980.000000,980.000000,980.000000,980.000000,1050.000000
2019-01-18,998.000000,998.000000,995.000000,998.000000,220.000000
2019-01-21,996.500000,999.500000,996.500000,999.500000,1500.000000
2019-01-28,963.000000,963.000000,963.000000,963.000000,30.000000
2019-02-04,965.000000,965.000000,962.000000,962.000000,50.000000
2019-02-06,963.500000,963.500000,963.500000,963.500000,30.000000
2019-02-08,990.000000,990.000000,990.000000,990.000000,10.000000
2019-02-11,971.000000,971.000000,971.000000,971.000000,50.000000
2019-02-13,971.000000,971.000000,971.000000,971.000000,20.000000
2019-02-19,998.000000,998.000000,998.000000,998.000000,50.000000
2019-02-21,985.000000,985.000000,985.000000,985.000000,30.000000
2019-02-26,985.000000,985.000000,971.000000,971.000000,1240.000000
2019-03-04,971.500000,971.500000,971.000000,971.000000,240.000000
2019-03-05,971.000000,971.000000,970.000000,970.000000,770.000000
2019-03-06,972.500000,972.500000,972.500000,972.500000,30.000000
2019-03-07,980.000000,980.000000,980.000000,980.000000,200.000000
2019-03-11,975.000000,975.000000,972.500000,972.500000,520.000000
2019-03-13,980.000000,980.000000,980.000000,980.000000,90.000000
2019-03-14,980.000000,990.000000,980.000000,990.000000,1100.000000
2019-03-18,990.000000,990.000000,990.000000,990.000000,100.000000
2019-03-19,990.000000,990.000000,990.000000,990.000000,30.000000
2019-03-20,998.000000,998.000000,998.000000,998.000000,10.000000
2019-03-21,998.000000,998.000000,998.000000,998.000000,10.000000
2019-03-22,998.000000,998.000000,998.000000,998.000000,10.000000
2019-03-27,985.000000,985.000000,985.000000,985.000000,30.000000
2019-03-28,998.000000,998.000000,998.000000,998.000000,120.000000
2019-03-29,985.000000,985.000000,985.000000,985.000000,80.000000
2019-04-01,970.500000,970.500000,970.500000,970.500000,20.000000
2019-04-02,1000.000000,1000.000000,1000.000000,1000.000000,10.000000
2019-04-08,1000.000000,1000.000000,1000.000000,1000.000000,20.000000
2019-04-10,972.000000,972.000000,971.000000,971.000000,220.000000
2019-04-11,972.000000,972.000000,972.000000,972.000000,20.000000
2019-04-12,990.000000,990.000000,990.000000,990.000000,500.000000
2019-04-16,973.500000,973.500000,973.000000,973.000000,910.000000
2019-04-22,974.000000,975.000000,971.000000,971.000000,2150.000000
2019-04-23,971.000000,971.000000,970.000000,970.000000,610.000000
2019-04-24,990.000000,990.000000,990.000000,990.000000,110.000000
2019-04-29,998.500000,998.500000,970.000000,970.000000,70.000000
2019-05-06,970.500000,970.500000,905.000000,950.000000,4240.000000
2019-05-07,970.000000,970.000000,970.000000,970.000000,1080.000000
2019-05-08,970.000000,970.000000,970.000000,970.000000,2720.000000
2019-05-09,970.000000,999.500000,970.000000,999.500000,1040.000000
2019-05-10,975.000000,975.000000,975.000000,975.000000,60.000000
2019-05-14,970.000000,970.000000,970.000000,970.000000,90.000000
2019-05-15,970.000000,970.000000,910.000000,910.000000,850.000000
2019-05-16,997.500000,997.500000,997.500000,997.500000,10.000000
2019-05-21,997.000000,997.000000,997.000000,997.000000,20.000000
2019-05-23,997.000000,997.000000,997.000000,997.000000,20.000000
2019-05-29,997.000000,997.000000,997.000000,997.000000,50.000000
2019-05-30,996.000000,996.000000,996.000000,996.000000,10.000000
2019-06-03,996.000000,996.000000,996.000000,996.000000,10.000000
2019-06-04,995.000000,995.000000,995.000000,995.000000,20.000000
2019-06-06,995.000000,995.000000,985.000000,985.000000,20.000000
2019-06-07,985.000000,995.000000,985.000000,995.000000,170.000000
2019-06-10,985.000000,990.000000,985.000000,985.000000,160.000000
2019-06-13,995.000000,995.000000,995.000000,995.000000,300.000000
2019-06-14,995.000000,995.000000,985.000000,995.000000,3840.000000
2019-06-17,990.000000,990.000000,986.000000,986.000000,170.000000
2019-06-18,995.000000,998.000000,995.000000,998.000000,350.000000
2019-06-19,999.500000,999.500000,998.000000,998.000000,20.000000
2019-06-25,998.000000,998.000000,998.000000,998.000000,1100.000000
2019-06-26,999.500000,999.500000,999.500000,999.500000,10.000000
2019-06-27,998.000000,998.000000,998.000000,998.000000,200.000000
2019-06-28,998.000000,998.000000,998.000000,998.000000,200.000000
2019-07-01,986.000000,995.000000,986.000000,995.000000,550.000000
2019-07-02,995.000000,995.000000,995.000000,995.000000,1130.000000
2019-07-03,992.000000,992.000000,990.000000,990.000000,100.000000
2019-07-04,995.000000,999.500000,995.000000,999.500000,4800.000000
2019-07-08,1000.000000,1000.000000,1000.000000,1000.000000,1520.000000
2019-07-09,1000.000000,1000.000000,1000.000000,1000.000000,120.000000
2019-07-11,993.000000,993.000000,990.000000,990.000000,490.000000
2019-07-16,992.000000,995.000000,992.000000,995.000000,550.000000
2019-07-18,993.000000,993.000000,993.000000,993.000000,530.000000
2019-07-19,994.000000,994.000000,994.000000,994.000000,20.000000
2019-07-23,990.000000,993.000000,990.000000,993.000000,850.000000
2019-07-24,993.000000,993.000000,993.000000,993.000000,500.000000
2019-07-29,990.000000,990.000000,990.000000,990.000000,500.000000
2019-07-30,993.000000,993.000000,993.000000,993.000000,320.000000
2019-07-31,993.000000,993.000000,993.000000,993.000000,180.000000
2019-08-01,994.000000,994.000000,990.000000,990.000000,720.000000
2019-08-02,993.000000,994.000000,993.000000,994.000000,950.000000
2019-08-05,994.000000,994.000000,994.000000,994.000000,1000.000000
2019-08-06,995.000000,995.000000,994.500000,995.000000,2150.000000
2019-08-15,995.000000,995.000000,995.000000,995.000000,10.000000
2019-08-16,1010.000000,1010.000000,1010.000000,1010.000000,10.000000
2019-08-19,996.000000,996.000000,996.000000,996.000000,5.000000
2019-08-20,996.000000,996.000000,996.000000,996.000000,120.000000
2019-08-22,1000.000000,1000.000000,997.000000,1000.000000,210.000000
2019-08-27,996.000000,1010.000000,996.000000,1010.000000,180.000000
2019-08-29,996.000000,996.000000,996.000000,996.000000,300.000000
2019-09-03,996.000000,996.000000,996.000000,996.000000,200.000000
2019-09-17,998.000000,998.000000,998.000000,998.000000,30.000000
2019-09-20,1005.000000,1005.000000,1005.000000,1005.000000,80.000000
2019-09-25,1000.000000,1000.000000,1000.000000,1000.000000,10.000000
2019-09-27,1000.000000,1025.000000,1000.000000,1025.000000,220.000000
2019-09-30,1001.000000,1001.000000,1000.000000,1000.000000,5000.000000
2019-10-01,1028.000000,1028.000000,1028.000000,1028.000000,10.000000
2019-10-02,1000.000000,1000.000000,1000.000000,1000.000000,1000.000000
