2011-05-31,326.000000,326.000000,326.000000,326.000000,410.000000
2011-06-02,733.500000,733.500000,733.500000,733.500000,210.000000
2011-06-03,1100.000000,1100.000000,1000.000000,1049.000000,2100.000000
2011-06-06,760.000000,760.000000,700.000000,700.000000,390.000000
2011-06-07,700.000000,700.000000,600.000000,600.000000,300.000000
2011-06-08,580.500000,700.000000,540.000000,700.000000,920.000000
2011-06-09,750.000000,750.000000,720.000000,740.000000,130.000000
2011-06-10,670.000000,670.000000,670.000000,670.000000,30.000000
2011-06-13,670.000000,670.000000,570.500000,570.500000,210.000000
2011-06-14,580.500000,610.000000,550.000000,610.000000,480.000000
2011-06-16,591.500000,600.000000,580.000000,600.000000,190.000000
2011-06-22,600.000000,600.000000,600.000000,600.000000,70.000000
2011-06-23,600.000000,600.000000,570.000000,570.000000,100.000000
2011-06-27,578.000000,578.000000,540.000000,560.000000,250.000000
2011-06-30,579.500000,579.500000,579.500000,579.500000,10.000000
2011-07-04,560.000000,560.000000,530.000000,530.000000,200.000000
2011-07-06,520.500000,520.500000,500.000000,520.000000,430.000000
2011-07-08,501.500000,609.500000,500.000000,609.500000,220.000000
2011-07-11,498.200000,520.000000,498.200000,520.000000,20.000000
2011-07-13,500.000000,500.000000,500.000000,500.000000,70.000000
2011-07-14,500.000000,500.000000,500.000000,500.000000,30.000000
2011-07-15,500.000000,500.000000,500.000000,500.000000,50.000000
2011-07-18,589.000000,595.000000,589.000000,595.000000,60.000000
2011-07-21,505.500000,506.000000,505.000000,505.000000,100.000000
2011-07-22,600.000000,600.000000,600.000000,600.000000,10.000000
2011-07-25,558.000000,558.000000,558.000000,558.000000,20.000000
2011-07-28,530.000000,530.000000,530.000000,530.000000,30.000000
2011-07-29,554.500000,554.500000,553.500000,553.500000,30.000000
2011-08-03,530.000000,530.000000,530.000000,530.000000,20.000000
2011-08-08,501.000000,501.000000,491.000000,491.000000,60.000000
2011-08-09,495.000000,495.000000,480.000000,480.200000,220.000000
2011-08-10,483.000000,483.000000,483.000000,483.000000,10.000000
2011-08-12,485.200000,485.200000,485.200000,485.200000,20.000000
2011-08-15,599.500000,599.500000,599.500000,599.500000,10.000000
2011-08-16,599.500000,850.000000,599.500000,799.500000,520.000000
2011-08-17,779.000000,779.000000,779.000000,779.000000,50.000000
2011-08-18,550.000000,550.000000,500.000000,500.000000,1200.000000
2011-08-19,550.000000,580.000000,550.000000,580.000000,60.000000
2011-08-22,650.000000,650.000000,600.000000,600.000000,20.000000
2011-08-23,599.500000,600.000000,500.000000,501.000000,350.000000
2011-08-24,597.500000,598.000000,597.500000,598.000000,50.000000
2011-08-31,605.000000,607.000000,605.000000,607.000000,60.000000
2011-09-01,550.000000,550.000000,515.000000,516.000000,690.000000
2011-09-02,525.000000,530.000000,516.000000,520.000000,8150.000000
2011-09-06,516.000000,520.000000,516.000000,520.000000,3030.000000
2011-09-12,516.500000,516.500000,515.500000,515.500000,80.000000
2011-09-15,599.500000,599.500000,599.500000,599.500000,10.000000
2011-09-20,519.000000,519.000000,514.000000,514.000000,200.000000
2011-09-23,515.000000,515.000000,515.000000,515.000000,60.000000
2011-09-26,514.000000,514.000000,512.500000,512.500000,80.000000
2011-09-28,516.000000,516.000000,515.000000,515.000000,90.000000
2011-09-29,515.000000,515.000000,515.000000,515.000000,20.000000
2011-10-03,513.000000,513.000000,510.000000,510.000000,100.000000
2011-10-04,509.000000,509.000000,508.000000,508.000000,120.000000
2011-10-10,512.000000,512.000000,508.000000,508.000000,90.000000
2011-10-12,507.500000,507.500000,501.000000,501.000000,590.000000
2011-11-02,505.500000,505.500000,505.500000,505.500000,10.000000
2011-11-14,503.000000,503.000000,503.000000,503.000000,10.000000
2011-11-16,540.000000,540.000000,540.000000,540.000000,10.000000
2011-11-22,513.000000,513.000000,509.000000,509.000000,60.000000
2011-11-23,510.000000,510.000000,510.000000,510.000000,20.000000
2011-12-12,510.000000,510.000000,503.000000,503.000000,170.000000
2011-12-13,501.500000,501.500000,501.500000,501.500000,30.000000
2011-12-23,503.000000,503.000000,500.500000,500.500000,100.000000
2011-12-27,510.000000,510.000000,510.000000,510.000000,20.000000
2012-01-02,530.000000,530.000000,530.000000,530.000000,30.000000
2012-01-03,505.500000,505.500000,501.000000,501.000000,60.000000
2012-01-05,530.000000,530.000000,530.000000,530.000000,20.000000
2012-01-09,530.000000,530.000000,530.000000,530.000000,80.000000
2012-01-13,526.000000,526.000000,526.000000,526.000000,20.000000
2012-01-17,520.000000,522.000000,520.000000,522.000000,550.000000
2012-01-18,510.000000,510.000000,510.000000,510.000000,40.000000
2012-01-19,520.000000,520.000000,520.000000,520.000000,20.000000
2012-01-26,635.000000,635.000000,635.000000,635.000000,10.000000
2012-02-07,567.000000,567.000000,567.000000,567.000000,20.000000
2012-02-15,522.000000,522.000000,522.000000,522.000000,20.000000
2012-02-16,500.500000,500.500000,500.000000,500.000000,90.000000
2012-02-21,522.000000,522.000000,522.000000,522.000000,20.000000
2012-02-27,501.000000,501.000000,501.000000,501.000000,30.000000
2012-03-01,500.000000,500.000000,500.000000,500.000000,60.000000
2012-03-07,500.000000,500.000000,500.000000,500.000000,50.000000
2012-03-27,520.000000,520.000000,520.000000,520.000000,20.000000
2012-03-28,522.000000,610.000000,522.000000,610.000000,310.000000
2012-03-29,595.000000,595.000000,590.000000,590.000000,30.000000
2012-03-30,520.000000,520.000000,520.000000,520.000000,10.000000
2012-04-03,500.000000,503.000000,500.000000,503.000000,20.000000
2012-04-11,480.000000,485.000000,480.000000,480.000000,160.000000
2012-04-13,460.000000,460.000000,460.000000,460.000000,60.000000
2012-04-16,490.000000,490.000000,490.000000,490.000000,100.000000
2012-04-17,490.000000,490.000000,490.000000,490.000000,20.000000
2012-05-04,445.000000,445.000000,445.000000,445.000000,20.000000
2012-05-15,445.000000,445.000000,445.000000,445.000000,30.000000
2012-06-15,500.000000,500.000000,500.000000,500.000000,20.000000
2012-06-21,490.000000,490.000000,490.000000,490.000000,20.000000
2012-06-25,490.000000,490.000000,490.000000,490.000000,20.000000
2012-06-26,440.000000,440.000000,425.000000,425.000000,140.000000
2012-06-28,425.000000,425.000000,425.000000,425.000000,10.000000
2012-07-06,450.000000,450.000000,450.000000,450.000000,20.000000
2012-07-11,430.000000,450.000000,430.000000,450.000000,40.000000
2012-07-16,470.000000,470.000000,470.000000,470.000000,30.000000
2012-07-19,430.000000,450.000000,430.000000,450.000000,300.000000
2012-08-10,450.000000,450.000000,450.000000,450.000000,100.000000
2012-08-28,449.000000,478.000000,449.000000,478.000000,120.000000
2012-09-05,460.000000,460.000000,460.000000,460.000000,20.000000
2012-09-07,460.000000,460.000000,460.000000,460.000000,100.000000
2012-09-10,495.000000,495.000000,495.000000,495.000000,90.000000
2012-09-11,520.000000,550.000000,520.000000,550.000000,70.000000
2012-09-24,500.000000,500.000000,500.000000,500.000000,20.000000
2012-10-02,500.000000,500.000000,500.000000,500.000000,20.000000
2012-10-04,500.000000,500.000000,500.000000,500.000000,70.000000
2012-10-11,480.000000,480.000000,480.000000,480.000000,10.000000
2012-10-25,480.000000,480.000000,480.000000,480.000000,80.000000
2012-11-05,495.000000,495.000000,495.000000,495.000000,40.000000
2012-11-06,495.000000,500.000000,495.000000,500.000000,60.000000
2012-11-22,460.000000,460.000000,430.000000,430.000000,100.000000
2012-12-10,430.000000,430.000000,430.000000,430.000000,20.000000
2012-12-12,430.000000,430.000000,425.000000,425.000000,100.000000
2012-12-17,495.000000,495.000000,495.000000,495.000000,80.000000
2012-12-19,495.000000,495.000000,495.000000,495.000000,20.000000
2012-12-20,405.000000,405.000000,405.000000,405.000000,90.000000
2012-12-21,478.000000,478.000000,375.000000,375.000000,30.000000
2013-01-15,480.000000,480.000000,480.000000,480.000000,20.000000
2013-01-16,479.000000,479.000000,479.000000,479.000000,10.000000
2013-01-25,490.000000,490.000000,490.000000,490.000000,70.000000
2013-02-18,490.000000,490.000000,490.000000,490.000000,270.000000
2013-03-06,366.000000,366.000000,366.000000,366.000000,100.000000
2013-03-07,450.000000,450.000000,450.000000,450.000000,10.000000
2013-03-18,370.000000,370.000000,370.000000,370.000000,140.000000
2013-03-20,366.000000,366.000000,366.000000,366.000000,100.000000
2013-04-02,350.000000,350.000000,350.000000,350.000000,150.000000
2013-04-11,405.000000,405.000000,405.000000,405.000000,30.000000
2013-04-12,405.000000,405.000000,405.000000,405.000000,70.000000
2013-04-17,400.000000,400.000000,400.000000,400.000000,10.000000
2013-05-08,400.000000,450.000000,400.000000,450.000000,600.000000
2013-06-04,320.000000,320.000000,312.000000,312.000000,250.000000
2013-06-25,315.000000,315.000000,315.000000,315.000000,10.000000
2013-06-28,315.000000,315.000000,315.000000,315.000000,50.000000
2013-07-02,312.000000,312.000000,312.000000,312.000000,60.000000
2013-07-04,312.000000,312.000000,312.000000,312.000000,140.000000
2013-07-10,312.000000,312.000000,312.000000,312.000000,20.000000
2013-07-11,310.000000,310.000000,310.000000,310.000000,30.000000
2013-08-16,310.000000,310.000000,310.000000,310.000000,40.000000
2013-09-25,266.000000,266.000000,227.000000,227.000000,170.000000
2013-09-26,300.000000,310.000000,300.000000,300.000000,370.000000
2013-10-18,240.000000,255.000000,240.000000,255.000000,20.000000
2013-10-21,310.000000,310.000000,310.000000,310.000000,20.000000
2013-11-13,309.800000,309.800000,309.800000,309.800000,10.000000
2013-12-27,390.000000,390.000000,390.000000,390.000000,10.000000
2014-02-17,250.000000,250.000000,250.000000,250.000000,20.000000
2014-02-20,375.000000,375.000000,245.000000,245.000000,820.000000
2014-02-21,265.000000,265.000000,170.000000,185.000000,300.000000
2014-02-25,195.000000,240.000000,195.000000,240.000000,220.000000
2014-02-27,195.000000,195.000000,195.000000,195.000000,110.000000
2014-03-10,196.100000,196.100000,196.100000,196.100000,50.000000
2014-03-12,196.100000,196.100000,196.100000,196.100000,30.000000
2014-03-13,196.000000,196.000000,196.000000,196.000000,350.000000
2014-04-21,198.000000,198.000000,198.000000,198.000000,10.000000
2014-04-29,198.100000,198.100000,198.000000,198.000000,140.000000
2014-05-05,198.000000,198.000000,198.000000,198.000000,50.000000
2014-05-12,198.000000,198.000000,198.000000,198.000000,70.000000
2014-05-14,180.000000,180.000000,180.000000,180.000000,210.000000
2014-06-16,178.000000,178.000000,178.000000,178.000000,310.000000
2014-07-08,175.000000,175.000000,175.000000,175.000000,80.000000
2014-07-10,180.000000,200.000000,180.000000,200.000000,240.000000
2014-07-14,237.000000,237.000000,237.000000,237.000000,50.000000
2014-07-25,350.000000,350.000000,350.000000,350.000000,560.000000
2014-08-01,350.000000,350.000000,350.000000,350.000000,340.000000
2014-08-08,500.000000,500.000000,500.000000,500.000000,10.000000
2014-09-09,253.000000,253.000000,253.000000,253.000000,100.000000
2014-09-11,261.000000,261.000000,256.000000,256.000000,210.000000
2014-10-24,300.000000,300.000000,300.000000,300.000000,100.000000
2014-11-05,300.000000,300.000000,300.000000,300.000000,10.000000
2014-11-07,300.000000,300.000000,300.000000,300.000000,100.000000
2014-11-12,299.800000,299.800000,299.800000,299.800000,10.000000
2014-11-13,299.800000,299.800000,299.800000,299.800000,90.000000
2014-11-21,300.000000,300.000000,300.000000,300.000000,100.000000
2014-11-25,300.000000,300.000000,300.000000,300.000000,80.000000
2014-12-02,300.000000,300.000000,300.000000,300.000000,100.000000
2014-12-05,300.000000,300.000000,300.000000,300.000000,200.000000
2014-12-19,300.000000,310.000000,300.000000,310.000000,410.000000
2015-01-14,310.000000,310.000000,310.000000,310.000000,40.000000
2015-01-27,305.000000,305.000000,305.000000,305.000000,10.000000
2015-03-04,300.000000,300.000000,300.000000,300.000000,100.000000
2015-03-31,263.200000,263.200000,263.200000,263.200000,30.000000
2015-04-06,263.200000,263.200000,263.200000,263.200000,150.000000
2015-04-10,263.400000,263.400000,263.200000,263.200000,130.000000
2015-04-14,263.000000,263.000000,263.000000,263.000000,20.000000
2015-04-30,298.000000,310.000000,298.000000,310.000000,910.000000
2015-05-04,310.000000,310.000000,310.000000,310.000000,20.000000
2015-05-05,263.400000,263.800000,263.000000,263.400000,800.000000
2015-05-06,263.200000,263.200000,252.400000,252.400000,130.000000
2015-05-07,250.200000,250.200000,250.000000,250.000000,220.000000
2015-05-08,250.000000,250.000000,250.000000,250.000000,20.000000
2015-05-13,268.800000,268.800000,268.800000,268.800000,10.000000
2015-06-15,268.800000,268.800000,268.800000,268.800000,30.000000
2015-06-30,135.200000,155.100000,135.100000,155.100000,230.000000
2015-07-09,155.200000,160.000000,155.200000,160.000000,500.000000
2015-07-10,155.200000,155.200000,155.200000,155.200000,190.000000
2015-07-13,155.200000,160.000000,155.200000,160.000000,330.000000
2015-07-14,170.000000,170.000000,170.000000,170.000000,100.000000
2015-07-16,175.000000,190.000000,175.000000,190.000000,350.000000
2015-07-20,189.000000,189.000000,189.000000,189.000000,50.000000
2015-07-21,177.000000,177.000000,170.000000,170.000000,100.000000
2015-07-22,170.000000,170.000000,170.000000,170.000000,30.000000
2015-07-23,170.000000,170.000000,170.000000,170.000000,30.000000
2015-07-28,146.000000,146.000000,146.000000,146.000000,30.000000
2015-07-29,147.000000,147.000000,146.000000,147.000000,350.000000
2015-08-14,140.000000,140.000000,140.000000,140.000000,50.000000
2015-08-17,140.000000,140.000000,140.000000,140.000000,10.000000
2015-08-18,140.000000,140.000000,140.000000,140.000000,70.000000
2015-08-25,140.000000,140.000000,140.000000,140.000000,30.000000
2015-09-07,155.000000,160.000000,155.000000,160.000000,80.000000
2015-09-10,160.000000,160.000000,160.000000,160.000000,70.000000
2015-09-18,170.000000,170.000000,170.000000,170.000000,100.000000
2015-09-23,185.000000,210.000000,185.000000,210.000000,430.000000
2015-09-24,220.000000,220.000000,220.000000,220.000000,10.000000
2015-10-09,188.000000,188.000000,188.000000,188.000000,10.000000
2015-10-12,188.000000,188.000000,188.000000,188.000000,60.000000
2015-10-22,179.000000,179.000000,179.000000,179.000000,40.000000
2015-10-27,170.000000,180.000000,170.000000,180.000000,730.000000
2015-10-28,180.000000,180.000000,180.000000,180.000000,800.000000
2015-10-29,180.000000,180.000000,170.000000,170.000000,330.000000
2015-11-02,170.000000,185.000000,170.000000,185.000000,1210.000000
2015-11-03,188.000000,188.000000,188.000000,188.000000,20.000000
2015-11-09,161.000000,161.000000,161.000000,161.000000,20.000000
2015-11-12,161.000000,161.000000,160.000000,160.000000,150.000000
2015-12-02,160.000000,160.000000,160.000000,160.000000,30.000000
2015-12-03,160.000000,160.000000,160.000000,160.000000,20.000000
2015-12-09,151.000000,151.000000,150.000000,150.000000,200.000000
2016-01-15,150.000000,150.000000,150.000000,150.000000,20.000000
2016-02-22,152.000000,152.000000,152.000000,152.000000,10.000000
2016-02-29,152.000000,152.000000,152.000000,152.000000,70.000000
2016-03-14,159.900000,160.000000,159.900000,160.000000,280.000000
2016-03-15,160.000000,160.000000,160.000000,160.000000,100.000000
2016-03-16,150.000000,155.000000,150.000000,155.000000,650.000000
2016-03-17,150.000000,150.000000,150.000000,150.000000,70.000000
2016-03-28,133.000000,133.000000,133.000000,133.000000,30.000000
2016-03-29,154.900000,199.500000,154.900000,199.500000,2690.000000
2016-03-30,199.500000,298.000000,199.500000,227.000000,2820.000000
2016-03-31,228.000000,270.000000,228.000000,250.000000,1480.000000
2016-04-01,260.000000,260.000000,200.000000,230.000000,560.000000
2016-04-04,158.100000,187.000000,158.100000,187.000000,90.000000
2016-04-05,187.000000,230.000000,187.000000,230.000000,300.000000
2016-04-07,227.000000,227.000000,227.000000,227.000000,10.000000
2016-04-12,193.000000,200.000000,193.000000,200.000000,550.000000
2016-04-13,195.000000,205.000000,195.000000,205.000000,60.000000
2016-04-14,196.000000,206.000000,195.000000,206.000000,60.000000
2016-04-18,195.000000,195.000000,195.000000,195.000000,100.000000
2016-04-19,193.000000,195.000000,193.000000,195.000000,60.000000
2016-04-25,195.000000,195.000000,195.000000,195.000000,130.000000
2016-04-28,196.000000,196.000000,196.000000,196.000000,20.000000
2016-04-29,190.000000,190.000000,190.000000,190.000000,500.000000
2016-05-02,190.000000,190.000000,190.000000,190.000000,30.000000
2016-05-11,190.000000,190.000000,190.000000,190.000000,80.000000
2016-05-13,190.000000,190.000000,190.000000,190.000000,10.000000
2016-05-16,190.000000,190.000000,190.000000,190.000000,100.000000
2016-05-17,190.000000,190.000000,190.000000,190.000000,20.000000
2016-05-19,190.000000,190.000000,190.000000,190.000000,20.000000
2016-05-20,190.000000,190.000000,190.000000,190.000000,70.000000
2016-06-07,185.000000,185.000000,185.000000,185.000000,30.000000
2016-06-09,185.000000,185.000000,185.000000,185.000000,20.000000
2016-06-10,185.000000,185.000000,185.000000,185.000000,170.000000
2016-06-28,185.000000,185.000000,185.000000,185.000000,40.000000
2016-07-04,182.000000,182.000000,182.000000,182.000000,30.000000
2016-07-08,181.000000,181.000000,181.000000,181.000000,460.000000
2016-07-20,204.800000,250.000000,204.800000,207.000000,2270.000000
2016-07-21,207.000000,207.000000,207.000000,207.000000,130.000000
2016-07-27,193.000000,193.000000,192.000000,192.000000,140.000000
2016-08-04,195.000000,195.000000,195.000000,195.000000,10.000000
2016-08-11,195.000000,195.000000,188.000000,188.000000,580.000000
2016-08-15,188.000000,188.000000,188.000000,188.000000,120.000000
2016-08-24,188.000000,188.000000,188.000000,188.000000,100.000000
2016-08-31,188.100000,188.100000,188.100000,188.100000,40.000000
2016-09-21,188.100000,188.100000,188.100000,188.100000,20.000000
2016-10-25,188.000000,188.000000,188.000000,188.000000,60.000000
2016-11-10,187.100000,187.100000,187.100000,187.100000,10.000000
2016-11-22,187.100000,187.100000,187.100000,187.100000,200.000000
2016-12-06,187.100000,187.100000,187.100000,187.100000,50.000000
2017-01-17,187.100000,187.100000,187.000000,187.000000,140.000000
2017-02-20,187.000000,187.000000,187.000000,187.000000,20.000000
2017-02-21,185.500000,185.500000,185.000000,185.000000,250.000000
2017-03-10,185.000000,185.000000,185.000000,185.000000,210.000000
2017-03-17,199.900000,199.900000,199.900000,199.900000,40.000000
2017-03-22,200.000000,200.000000,200.000000,200.000000,100.000000
2017-04-27,181.100000,181.100000,181.000000,181.000000,100.000000
2017-05-15,199.800000,200.000000,199.800000,200.000000,330.000000
2017-05-17,200.000000,215.000000,200.000000,210.000000,100.000000
2017-05-22,210.000000,210.000000,210.000000,210.000000,10.000000
2017-06-06,175.100000,175.100000,175.100000,175.100000,10.000000
2017-06-07,209.800000,209.800000,174.000000,174.000000,600.000000
2017-07-18,174.100000,174.200000,174.100000,174.200000,220.000000
2017-07-19,199.900000,255.000000,199.900000,250.000000,2770.000000
2017-07-20,255.000000,255.000000,190.000000,230.000000,2040.000000
2017-07-21,220.000000,220.000000,190.000000,190.000000,250.000000
2017-07-24,190.000000,190.400000,190.000000,190.400000,60.000000
2017-07-25,192.200000,192.200000,192.200000,192.200000,310.000000
2017-07-26,190.100000,190.100000,190.000000,190.000000,20.000000
2017-08-16,190.100000,190.100000,190.100000,190.100000,10.000000
2017-08-23,183.100000,183.100000,183.000000,183.000000,410.000000
2017-09-08,183.200000,183.200000,183.200000,183.200000,50.000000
2017-09-18,206.200000,206.200000,206.200000,206.200000,10.000000
2017-09-19,206.200000,206.200000,206.000000,206.000000,600.000000
2017-10-02,200.000000,200.000000,200.000000,200.000000,30.000000
2017-10-04,190.300000,195.000000,190.200000,190.200000,430.000000
2017-11-08,190.100000,190.100000,190.100000,190.100000,10.000000
2017-11-13,190.100000,190.100000,190.100000,190.100000,50.000000
2017-11-21,190.000000,190.000000,190.000000,190.000000,20.000000
2017-11-27,190.000000,190.000000,190.000000,190.000000,100.000000
2017-11-28,183.100000,183.100000,183.100000,183.100000,20.000000
2017-12-04,183.100000,183.100000,183.100000,183.100000,100.000000
2017-12-13,180.000000,180.000000,180.000000,180.000000,10.000000
2018-01-15,180.100000,180.100000,180.100000,180.100000,30.000000
2018-01-16,180.100000,180.100000,175.100000,175.100000,350.000000
2018-01-17,175.100000,175.100000,175.100000,175.100000,40.000000
2018-01-18,218.800000,218.800000,199.900000,199.900000,160.000000
2018-01-19,200.600000,200.800000,200.600000,200.800000,110.000000
2018-01-22,201.000000,201.000000,201.000000,201.000000,80.000000
2018-01-24,178.200000,178.200000,178.200000,178.200000,20.000000
2018-01-25,180.100000,180.100000,180.100000,180.100000,40.000000
2018-01-29,180.100000,180.100000,180.100000,180.100000,170.000000
2018-01-30,178.400000,178.400000,178.400000,178.400000,30.000000
2018-02-09,178.400000,178.400000,175.100000,175.100000,190.000000
2018-02-27,175.200000,175.200000,175.200000,175.200000,20.000000
2018-03-02,200.600000,262.800000,200.000000,262.800000,5130.000000
2018-03-05,310.000000,394.200000,280.000000,394.200000,5840.000000
2018-03-06,406.000000,591.000000,406.000000,585.000000,12830.000000
2018-03-07,600.000000,877.500000,600.000000,877.500000,25980.000000
2018-03-08,1098.000000,1100.000000,665.000000,780.000000,23320.000000
2018-03-09,700.000000,820.000000,594.000000,750.000000,13550.000000
2018-03-12,751.000000,778.000000,690.000000,740.000000,3810.000000
2018-03-13,691.000000,730.000000,648.000000,660.000000,2990.000000
2018-03-14,648.000000,698.000000,630.000000,680.000000,2540.000000
2018-03-15,678.000000,678.000000,628.000000,648.000000,1160.000000
2018-03-16,648.000000,648.000000,605.000000,605.000000,2320.000000
2018-03-19,600.000000,600.000000,481.000000,500.000000,3840.000000
2018-03-20,420.000000,480.000000,400.000000,443.800000,860.000000
2018-03-21,402.000000,665.500000,371.000000,665.500000,12810.000000
2018-03-22,697.500000,697.500000,500.000000,560.000000,6600.000000
2018-03-23,520.000000,750.000000,520.000000,690.000000,9170.000000
2018-03-26,630.000000,762.000000,601.000000,630.000000,8590.000000
2018-03-27,632.000000,725.000000,632.000000,709.000000,9090.000000
2018-03-28,690.000000,720.000000,675.000000,700.000000,2370.000000
2018-04-02,671.000000,713.000000,647.000000,651.000000,5160.000000
2018-04-03,630.000000,665.000000,630.000000,647.000000,1920.000000
2018-04-04,631.000000,680.000000,631.000000,658.000000,1170.000000
2018-04-05,675.000000,675.000000,640.000000,669.000000,410.000000
2018-04-06,635.000000,659.500000,634.000000,650.000000,650.000000
2018-04-10,650.000000,650.000000,605.000000,618.000000,860.000000
2018-04-11,617.000000,634.000000,605.000000,623.000000,1020.000000
2018-04-12,613.000000,627.000000,613.000000,626.000000,220.000000
2018-04-13,632.000000,632.000000,591.500000,618.000000,390.000000
2018-04-16,604.000000,604.000000,561.000000,561.000000,1830.000000
2018-04-17,560.000000,570.000000,556.000000,558.000000,280.000000
2018-04-18,555.000000,555.000000,554.000000,555.000000,180.000000
2018-04-19,555.000000,574.000000,551.000000,569.000000,200.000000
2018-04-20,552.000000,552.000000,544.000000,550.000000,440.000000
2018-04-23,548.000000,550.000000,515.000000,550.000000,490.000000
2018-04-24,530.000000,530.000000,530.000000,530.000000,100.000000
2018-04-25,530.000000,530.000000,530.000000,530.000000,110.000000
2018-04-26,530.000000,608.000000,530.000000,600.000000,720.000000
2018-04-27,600.000000,600.000000,536.000000,590.000000,160.000000
2018-04-30,570.000000,589.000000,540.000000,589.000000,60.000000
2018-05-02,545.000000,589.000000,545.000000,589.000000,110.000000
2018-05-04,552.000000,580.000000,550.000000,580.000000,150.000000
2018-05-07,580.000000,580.000000,580.000000,580.000000,20.000000
2018-05-08,551.000000,589.000000,534.000000,560.000000,2340.000000
2018-05-09,537.000000,555.000000,537.000000,555.000000,60.000000
2018-05-10,552.000000,563.000000,535.000000,563.000000,160.000000
2018-05-11,563.000000,563.000000,544.000000,545.000000,70.000000
2018-05-15,580.000000,580.000000,578.000000,579.000000,70.000000
2018-05-16,545.000000,547.000000,545.000000,545.000000,480.000000
2018-05-17,540.000000,540.000000,532.000000,532.000000,140.000000
2018-05-18,533.000000,533.000000,532.000000,532.000000,40.000000
2018-05-21,534.000000,534.000000,532.000000,532.000000,200.000000
2018-05-22,532.000000,532.000000,532.000000,532.000000,10.000000
2018-05-23,531.000000,534.000000,531.000000,534.000000,120.000000
2018-05-24,533.000000,533.000000,527.000000,527.000000,430.000000
2018-05-25,500.000000,520.000000,500.000000,520.000000,150.000000
2018-05-29,517.000000,540.000000,517.000000,517.000000,60.000000
2018-05-30,513.000000,575.000000,503.000000,570.000000,490.000000
2018-05-31,575.000000,575.000000,575.000000,575.000000,20.000000
2018-06-01,570.000000,570.000000,570.000000,570.000000,140.000000
2018-06-04,570.000000,570.000000,515.000000,520.000000,140.000000
2018-06-05,521.000000,521.000000,520.000000,520.000000,280.000000
2018-06-06,518.000000,518.000000,504.000000,518.000000,60.000000
2018-06-07,518.000000,555.000000,504.000000,555.000000,310.000000
2018-06-08,510.000000,553.000000,509.000000,553.000000,80.000000
2018-06-11,514.000000,634.000000,513.000000,592.000000,7030.000000
2018-06-13,590.000000,600.000000,567.000000,567.000000,1620.000000
2018-06-14,579.500000,580.000000,550.000000,579.000000,270.000000
2018-06-18,570.000000,570.000000,525.000000,567.000000,230.000000
2018-06-20,563.000000,563.000000,550.000000,550.000000,20.000000
2018-06-21,525.000000,540.000000,520.000000,520.000000,450.000000
2018-06-22,520.000000,520.000000,510.000000,510.000000,390.000000
2018-06-25,515.000000,517.000000,515.000000,517.000000,440.000000
2018-06-26,510.000000,510.000000,500.000000,500.000000,130.000000
2018-06-27,510.000000,535.000000,510.000000,535.000000,350.000000
2018-06-28,538.000000,538.000000,500.000000,500.000000,40.000000
2018-06-29,500.000000,500.000000,490.000000,495.000000,120.000000
2018-07-02,496.000000,516.000000,496.000000,496.000000,140.000000
2018-07-03,500.000000,500.000000,500.000000,500.000000,60.000000
2018-07-04,500.000000,500.000000,495.000000,500.000000,320.000000
2018-07-05,495.000000,500.000000,495.000000,500.000000,70.000000
2018-07-06,491.000000,491.000000,486.000000,490.000000,320.000000
2018-07-09,480.000000,480.000000,480.000000,480.000000,70.000000
2018-07-11,475.000000,475.000000,475.000000,475.000000,40.000000
2018-07-12,475.000000,490.000000,470.000000,490.000000,160.000000
2018-07-13,471.000000,490.000000,471.000000,490.000000,240.000000
2018-07-18,475.000000,475.000000,475.000000,475.000000,20.000000
2018-07-20,488.000000,490.000000,488.000000,490.000000,190.000000
2018-07-27,468.000000,475.000000,462.000000,475.000000,300.000000
2018-07-30,470.000000,470.000000,470.000000,470.000000,100.000000
2018-07-31,470.000000,470.000000,470.000000,470.000000,100.000000
2018-08-01,470.000000,470.000000,470.000000,470.000000,40.000000
2018-08-02,458.000000,475.000000,458.000000,475.000000,80.000000
2018-08-03,450.000000,475.000000,450.000000,475.000000,80.000000
2018-08-06,431.000000,457.000000,430.000000,457.000000,90.000000
2018-08-07,431.000000,457.000000,430.000000,457.000000,80.000000
2018-08-08,423.000000,424.000000,423.000000,424.000000,120.000000
2018-08-09,425.000000,425.000000,425.000000,425.000000,50.000000
2018-08-10,421.000000,421.000000,421.000000,421.000000,100.000000
2018-08-13,420.000000,457.000000,420.000000,456.000000,250.000000
2018-08-14,456.000000,456.000000,410.000000,428.000000,300.000000
2018-08-15,427.000000,428.000000,411.000000,428.000000,150.000000
2018-08-16,450.000000,450.000000,412.000000,412.000000,40.000000
2018-08-17,412.000000,412.000000,412.000000,412.000000,30.000000
2018-08-20,411.000000,411.000000,400.200000,411.000000,80.000000
2018-08-22,411.000000,411.000000,400.000000,400.000000,90.000000
2018-08-23,400.000000,400.000000,380.200000,380.200000,80.000000
2018-08-24,400.000000,400.000000,400.000000,400.000000,20.000000
2018-08-28,400.000000,449.000000,400.000000,449.000000,320.000000
2018-08-29,435.000000,435.000000,392.000000,408.000000,90.000000
2018-08-30,417.000000,440.000000,417.000000,440.000000,30.000000
2018-08-31,417.000000,417.000000,417.000000,417.000000,20.000000
2018-09-04,417.000000,417.000000,417.000000,417.000000,10.000000
2018-09-06,391.000000,400.000000,391.000000,391.000000,120.000000
2018-09-07,400.000000,400.000000,390.000000,390.000000,30.000000
2018-09-10,385.000000,385.000000,385.000000,385.000000,50.000000
2018-09-11,380.000000,414.800000,375.000000,378.000000,360.000000
2018-09-12,378.000000,378.000000,378.000000,378.000000,4960.000000
2018-09-14,378.000000,378.000000,368.000000,368.000000,420.000000
2018-09-18,366.000000,366.000000,348.000000,348.000000,370.000000
2018-09-19,348.000000,348.000000,348.000000,348.000000,20.000000
2018-09-25,348.000000,348.000000,348.000000,348.000000,20.000000
2018-10-01,346.000000,346.000000,340.000000,340.000000,50.000000
2018-10-03,320.000000,320.000000,320.000000,320.000000,90.000000
2018-10-08,320.000000,320.000000,320.000000,320.000000,40.000000
2018-10-23,400.000000,400.000000,400.000000,400.000000,10.000000
2018-10-24,321.000000,321.200000,321.000000,321.200000,200.000000
2018-10-25,321.200000,321.200000,300.000000,300.000000,110.000000
2018-10-26,301.000000,301.000000,301.000000,301.000000,40.000000
2018-10-29,435.000000,435.000000,409.800000,409.800000,50.000000
2018-11-06,288.200000,288.200000,288.200000,288.200000,20.000000
2018-11-08,290.200000,290.200000,290.200000,290.200000,30.000000
2018-11-12,349.000000,349.000000,349.000000,349.000000,160.000000
2018-11-13,290.200000,290.200000,290.000000,290.000000,160.000000
2018-11-14,349.200000,349.200000,348.800000,348.800000,120.000000
2018-11-15,349.200000,523.000000,349.000000,523.000000,2810.000000
2018-11-16,540.000000,697.000000,496.000000,570.000000,8310.000000
2018-11-19,580.000000,580.000000,470.000000,515.000000,810.000000
2018-11-20,520.000000,520.000000,440.000000,500.000000,910.000000
2018-11-21,459.000000,495.000000,440.200000,495.000000,100.000000
2018-11-23,441.000000,441.000000,428.000000,429.000000,350.000000
2018-11-26,428.000000,428.000000,428.000000,428.000000,110.000000
2018-11-27,425.200000,488.000000,425.000000,486.600000,270.000000
2018-11-28,482.000000,482.000000,430.000000,478.000000,130.000000
2018-11-29,478.000000,478.000000,438.000000,475.800000,110.000000
2018-12-03,475.800000,475.800000,475.800000,475.800000,20.000000
2018-12-04,422.200000,430.200000,422.000000,430.200000,60.000000
2018-12-05,474.800000,609.000000,473.000000,560.000000,2900.000000
2018-12-06,559.000000,559.000000,467.000000,505.000000,730.000000
2018-12-11,467.000000,467.000000,457.000000,465.000000,60.000000
2018-12-12,457.000000,457.000000,447.200000,447.400000,100.000000
2018-12-13,447.600000,460.000000,447.400000,450.000000,140.000000
2018-12-14,450.000000,450.000000,450.000000,450.000000,30.000000
2018-12-17,447.000000,451.000000,447.000000,451.000000,70.000000
2018-12-18,460.000000,460.000000,460.000000,460.000000,10.000000
2018-12-19,502.000000,548.000000,469.000000,469.000000,710.000000
2018-12-20,470.000000,482.000000,470.000000,482.000000,80.000000
2018-12-21,481.000000,481.000000,480.000000,480.000000,60.000000
2018-12-26,541.000000,541.000000,536.000000,536.000000,80.000000
2019-01-08,450.000000,484.000000,450.000000,484.000000,110.000000
2019-01-09,500.000000,500.000000,500.000000,500.000000,190.000000
2019-01-11,500.000000,520.000000,500.000000,500.000000,130.000000
2019-01-14,500.000000,500.000000,500.000000,500.000000,10.000000
2019-01-15,500.000000,520.000000,475.000000,475.000000,670.000000
2019-01-16,475.000000,475.000000,475.000000,475.000000,150.000000
2019-01-17,474.000000,474.000000,474.000000,474.000000,20.000000
2019-01-18,480.000000,480.000000,474.000000,474.000000,610.000000
2019-01-21,474.000000,474.000000,470.000000,470.000000,500.000000
2019-01-23,470.000000,470.000000,465.000000,465.000000,190.000000
2019-01-24,465.000000,465.000000,465.000000,465.000000,50.000000
2019-01-25,465.000000,465.000000,465.000000,465.000000,300.000000
2019-01-28,464.800000,464.800000,464.800000,464.800000,50.000000
2019-01-29,450.000000,450.000000,450.000000,450.000000,80.000000
2019-01-30,444.000000,464.000000,441.000000,464.000000,420.000000
2019-01-31,464.000000,464.000000,440.000000,440.000000,40.000000
2019-02-01,440.200000,440.200000,440.200000,440.200000,10.000000
2019-02-04,440.200000,463.000000,440.000000,440.000000,450.000000
2019-02-06,463.000000,465.000000,463.000000,465.000000,80.000000
2019-02-07,466.000000,466.000000,465.000000,465.000000,70.000000
2019-02-08,440.200000,441.200000,440.200000,441.200000,110.000000
2019-02-11,500.000000,500.000000,441.400000,442.000000,70.000000
2019-02-12,499.600000,499.600000,490.000000,490.000000,150.000000
2019-02-13,489.000000,499.000000,489.000000,499.000000,270.000000
2019-02-14,489.000000,489.000000,444.000000,459.000000,50.000000
2019-02-18,466.000000,466.000000,466.000000,466.000000,30.000000
2019-02-19,459.000000,465.000000,459.000000,465.000000,390.000000
2019-02-20,465.000000,465.000000,465.000000,465.000000,160.000000
2019-02-21,460.000000,460.000000,460.000000,460.000000,470.000000
2019-02-22,460.000000,460.000000,452.000000,452.000000,200.000000
2019-02-26,452.000000,452.000000,450.000000,450.000000,150.000000
2019-02-27,449.000000,450.000000,449.000000,449.000000,130.000000
2019-03-07,450.000000,450.000000,450.000000,450.000000,60.000000
2019-03-08,450.000000,450.000000,450.000000,450.000000,70.000000
2019-03-11,448.000000,450.000000,448.000000,450.000000,180.000000
2019-03-12,450.000000,450.000000,450.000000,450.000000,100.000000
2019-03-13,450.000000,450.000000,449.000000,449.000000,270.000000
2019-03-14,448.000000,448.000000,448.000000,448.000000,60.000000
2019-03-18,448.000000,448.000000,448.000000,448.000000,50.000000
2019-03-20,448.000000,448.000000,448.000000,448.000000,20.000000
2019-03-21,448.000000,448.000000,448.000000,448.000000,4170.000000
2019-03-22,443.000000,443.000000,443.000000,443.000000,290.000000
2019-03-27,449.000000,450.000000,449.000000,450.000000,1080.000000
2019-03-28,446.000000,446.000000,446.000000,446.000000,90.000000
2019-03-29,446.000000,446.000000,420.000000,424.000000,2860.000000
2019-04-01,420.000000,420.000000,420.000000,420.000000,1500.000000
2019-04-03,420.000000,420.000000,390.000000,390.000000,740.000000
2019-04-04,390.000000,390.000000,390.000000,390.000000,40.000000
2019-04-05,390.000000,419.800000,344.000000,419.800000,2770.000000
2019-04-08,418.000000,439.000000,410.000000,420.000000,1620.000000
2019-04-10,430.000000,487.000000,430.000000,487.000000,1280.000000
2019-04-11,486.800000,498.000000,470.000000,497.000000,1120.000000
2019-04-12,498.000000,574.000000,450.200000,569.000000,4290.000000
2019-04-15,505.500000,600.000000,505.500000,598.000000,6290.000000
2019-04-16,570.000000,597.500000,499.000000,499.000000,650.000000
2019-04-17,499.000000,499.000000,435.000000,440.200000,750.000000
2019-04-22,445.000000,445.000000,430.000000,430.000000,790.000000
2019-04-23,460.000000,460.000000,430.000000,434.000000,150.000000
2019-04-24,430.000000,430.000000,430.000000,430.000000,70.000000
2019-04-25,430.000000,473.000000,430.000000,434.000000,190.000000
2019-04-26,435.000000,435.000000,431.000000,431.000000,60.000000
2019-04-29,430.000000,430.000000,430.000000,430.000000,20.000000
2019-04-30,430.200000,430.200000,430.000000,430.000000,100.000000
2019-05-02,435.000000,435.000000,430.000000,430.000000,30.000000
2019-05-03,485.000000,485.000000,485.000000,485.000000,270.000000
2019-05-06,430.000000,465.000000,430.000000,465.000000,210.000000
2019-05-07,460.000000,460.000000,460.000000,460.000000,10.000000
2019-05-08,455.000000,455.000000,455.000000,455.000000,50.000000
2019-05-10,430.000000,433.000000,430.000000,430.000000,100.000000
2019-05-16,431.000000,440.000000,431.000000,440.000000,150.000000
2019-05-20,431.000000,431.000000,429.000000,429.000000,110.000000
2019-05-22,431.000000,431.000000,431.000000,431.000000,250.000000
2019-05-23,430.000000,430.000000,429.000000,429.000000,30.000000
2019-05-27,434.000000,434.000000,434.000000,434.000000,30.000000
2019-05-28,434.000000,434.000000,434.000000,434.000000,10.000000
2019-06-03,435.000000,435.000000,422.000000,434.000000,130.000000
2019-06-10,434.000000,434.000000,434.000000,434.000000,30.000000
2019-06-11,434.000000,434.000000,434.000000,434.000000,150.000000
2019-06-18,434.000000,434.000000,434.000000,434.000000,130.000000
2019-06-19,427.000000,427.000000,427.000000,427.000000,10.000000
2019-06-20,427.200000,430.000000,427.200000,430.000000,20.000000
2019-06-21,428.000000,428.000000,427.200000,427.200000,160.000000
2019-06-25,427.200000,460.000000,427.200000,460.000000,70.000000
2019-06-26,460.000000,460.000000,427.400000,427.400000,30.000000
2019-06-27,427.200000,440.000000,427.200000,440.000000,50.000000
2019-06-28,459.800000,480.000000,459.800000,480.000000,60.000000
2019-07-04,427.200000,466.000000,427.000000,465.800000,160.000000
2019-07-05,433.200000,465.600000,433.000000,465.600000,110.000000
2019-07-08,433.000000,465.000000,433.000000,465.000000,30.000000
2019-07-10,431.200000,431.200000,431.200000,431.200000,10.000000
2019-07-11,464.000000,464.000000,460.000000,460.000000,30.000000
2019-07-15,459.400000,459.400000,459.400000,459.400000,20.000000
2019-07-23,431.200000,449.600000,431.000000,449.600000,60.000000
2019-07-24,431.200000,431.200000,431.200000,431.200000,20.000000
2019-07-25,449.400000,449.400000,449.400000,449.400000,10.000000
2019-08-05,429.000000,429.000000,429.000000,429.000000,10.000000
2019-08-06,429.000000,429.000000,419.000000,420.000000,270.000000
2019-08-07,413.000000,449.000000,413.000000,449.000000,20.000000
2019-08-08,413.000000,415.000000,413.000000,415.000000,310.000000
2019-08-16,415.200000,415.200000,415.000000,415.000000,30.000000
2019-08-30,415.000000,459.800000,415.000000,459.800000,150.000000
2019-09-05,453.800000,453.800000,453.800000,453.800000,10.000000
2019-09-10,450.000000,450.000000,450.000000,450.000000,10.000000
2019-09-16,449.800000,449.800000,449.800000,449.800000,90.000000
2019-09-25,444.000000,444.000000,444.000000,444.000000,10.000000
2019-10-04,408.000000,440.000000,408.000000,440.000000,110.000000
2019-10-07,404.000000,404.000000,404.000000,404.000000,10.000000
2019-10-09,404.000000,404.000000,404.000000,404.000000,190.000000
2019-10-14,440.000000,440.000000,440.000000,440.000000,10.000000
2019-10-17,404.200000,404.200000,403.000000,403.000000,140.000000
2019-10-23,403.200000,403.200000,403.000000,403.000000,290.000000
2019-10-25,400.000000,400.000000,400.000000,400.000000,230.000000
2019-10-28,400.000000,400.000000,400.000000,400.000000,10.000000
2019-10-30,400.000000,400.000000,400.000000,400.000000,10.000000
2019-10-31,395.000000,395.000000,395.000000,395.000000,20.000000
2019-11-04,395.000000,395.000000,340.200000,340.200000,20.000000
2019-11-12,400.000000,436.200000,400.000000,400.000000,400.000000
2019-12-06,476.800000,536.500000,439.000000,500.000000,4460.000000
2019-12-09,510.000000,526.000000,380.000000,380.000000,6040.000000
2019-12-10,380.000000,385.000000,200.000000,201.000000,23330.000000
2019-12-11,199.800000,228.000000,180.000000,198.000000,6750.000000
2019-12-12,200.000000,208.000000,190.200000,200.000000,7110.000000
2019-12-13,200.000000,205.000000,197.000000,202.000000,19980.000000
2019-12-16,200.000000,200.000000,180.000000,190.000000,1230.000000
2019-12-17,195.800000,195.800000,180.000000,180.000000,2580.000000
2019-12-18,175.000000,183.000000,151.000000,168.000000,2920.000000
2019-12-19,189.000000,189.000000,160.000000,172.000000,2570.000000
2019-12-20,190.000000,190.000000,175.000000,175.000000,290.000000
2019-12-23,189.900000,189.900000,188.000000,188.000000,190.000000
2019-12-26,188.000000,215.000000,188.000000,200.000000,2760.000000
2019-12-27,214.000000,214.000000,190.000000,195.000000,1130.000000
2020-01-02,191.000000,204.000000,189.000000,204.000000,470.000000
2020-01-03,208.800000,208.800000,190.000000,204.800000,940.000000
2020-01-06,204.800000,204.800000,188.000000,200.000000,740.000000
2020-01-07,200.000000,200.000000,190.000000,200.000000,1400.000000
2020-01-08,187.000000,192.000000,185.000000,190.000000,540.000000
2020-01-09,192.000000,195.000000,186.000000,195.000000,620.000000
2020-01-10,185.000000,194.000000,185.000000,192.000000,700.000000
2020-01-14,186.000000,186.000000,186.000000,186.000000,230.000000
2020-01-15,190.000000,195.000000,190.000000,195.000000,130.000000
2020-01-16,195.000000,195.000000,186.000000,194.000000,150.000000
2020-01-17,185.000000,200.000000,185.000000,194.000000,2450.000000
2020-01-20,194.000000,194.000000,181.000000,181.000000,170.000000
2020-01-21,182.000000,185.000000,181.000000,181.000000,210.000000
2020-01-22,180.000000,181.000000,180.000000,181.000000,990.000000
2020-01-23,181.000000,181.000000,181.000000,181.000000,130.000000
2020-01-24,175.000000,190.000000,175.000000,190.000000,780.000000
2020-01-27,192.000000,192.000000,190.000000,190.000000,20.000000
2020-01-28,190.000000,190.000000,190.000000,190.000000,130.000000
2020-01-29,196.000000,197.000000,186.000000,194.500000,500.000000
2020-01-30,186.000000,194.500000,183.700000,190.000000,190.000000
2020-01-31,180.400000,189.000000,180.400000,189.000000,140.000000
2020-02-03,184.000000,188.000000,184.000000,188.000000,20.000000
2020-02-04,180.000000,191.500000,180.000000,180.000000,510.000000
2020-02-05,171.000000,189.000000,171.000000,185.000000,160.000000
2020-02-06,185.000000,185.000000,185.000000,185.000000,40.000000
2020-02-07,180.000000,185.000000,175.000000,175.000000,100.000000
2020-02-10,175.000000,175.000000,175.000000,175.000000,60.000000
2020-02-11,175.000000,184.500000,175.000000,184.500000,40.000000
2020-02-12,184.500000,184.500000,179.000000,184.500000,180.000000
2020-02-13,179.000000,183.000000,165.000000,183.000000,350.000000
2020-02-14,173.000000,183.000000,173.000000,183.000000,20.000000
2020-02-17,183.000000,183.000000,175.000000,183.000000,30.000000
2020-02-19,170.000000,180.000000,165.000000,180.000000,200.000000
2020-02-20,180.000000,180.000000,180.000000,180.000000,10.000000
2020-02-21,170.000000,170.000000,155.000000,155.000000,1520.000000
2020-02-24,160.000000,160.000000,155.000000,155.000000,100.000000
2020-02-26,170.000000,180.000000,157.500000,157.500000,490.000000
2020-02-27,154.300000,170.000000,152.500000,170.000000,2210.000000
2020-02-28,155.000000,175.000000,150.000000,175.000000,350.000000
2020-03-02,151.000000,165.000000,150.000000,165.000000,130.000000
2020-03-03,150.000000,170.000000,150.000000,170.000000,70.000000
2020-03-04,170.000000,175.000000,170.000000,175.000000,200.000000
2020-03-05,175.000000,175.000000,175.000000,175.000000,110.000000
2020-03-09,160.000000,160.000000,160.000000,160.000000,50.000000
2020-03-10,150.000000,160.000000,145.000000,145.000000,530.000000
2020-03-11,150.000000,159.800000,150.000000,159.800000,50.000000
2020-03-13,182.000000,182.000000,170.000000,170.000000,270.000000
2020-03-25,130.000000,159.000000,130.000000,159.000000,130.000000
2020-03-26,140.000000,153.000000,140.000000,150.000000,690.000000
2020-03-27,150.000000,150.000000,150.000000,150.000000,60.000000
2020-03-30,150.000000,150.000000,130.000000,144.000000,160.000000
2020-03-31,131.000000,150.000000,131.000000,150.000000,710.000000
2020-04-01,150.000000,158.000000,150.000000,158.000000,660.000000
2020-04-02,152.000000,169.900000,150.000000,169.900000,900.000000
2020-04-03,172.000000,220.000000,172.000000,200.000000,29900.000000
2020-04-06,210.000000,210.000000,180.000000,180.000000,8670.000000
2020-04-07,183.100000,194.000000,175.000000,180.000000,6010.000000
2020-04-08,180.000000,180.000000,174.500000,174.500000,4060.000000
2020-04-13,171.000000,171.100000,161.000000,170.000000,3100.000000
2020-04-14,161.000000,170.000000,161.000000,170.000000,5310.000000
2020-04-15,170.000000,180.000000,170.000000,179.000000,1550.000000
2020-04-16,178.900000,200.000000,170.000000,170.000000,8370.000000
2020-04-17,170.000000,170.000000,161.100000,161.100000,1900.000000
2020-04-20,166.000000,168.000000,162.100000,162.100000,720.000000
2020-04-21,162.100000,165.000000,162.100000,165.000000,360.000000
2020-04-22,165.000000,166.000000,165.000000,166.000000,210.000000
2020-04-23,166.000000,168.000000,165.000000,165.000000,170.000000
2020-04-24,165.000000,165.000000,162.000000,162.000000,300.000000
2020-04-27,163.000000,163.000000,162.000000,162.000000,1010.000000
2020-04-28,163.000000,163.000000,160.000000,163.000000,470.000000
2020-04-29,170.000000,170.000000,165.000000,166.000000,160.000000
2020-04-30,160.100000,170.000000,160.000000,170.000000,510.000000
2020-05-04,160.100000,168.500000,151.000000,166.100000,4810.000000
2020-05-05,156.000000,165.000000,156.000000,165.000000,300.000000
2020-05-06,160.000000,160.000000,160.000000,160.000000,430.000000
2020-05-07,161.000000,161.000000,161.000000,161.000000,110.000000
2020-05-08,161.000000,162.000000,161.000000,162.000000,90.000000
2020-05-11,168.200000,168.200000,162.000000,162.000000,30.000000
2020-05-14,160.000000,166.000000,160.000000,166.000000,70.000000
2020-05-18,160.000000,162.000000,160.000000,162.000000,110.000000
2020-05-20,164.000000,164.000000,164.000000,164.000000,20.000000
2020-05-21,167.000000,167.000000,167.000000,167.000000,50.000000
2020-05-26,160.000000,160.000000,159.000000,159.000000,260.000000
2020-06-01,155.000000,156.000000,155.000000,156.000000,210.000000
2020-06-04,156.000000,156.000000,150.000000,150.000000,2640.000000
2020-06-05,169.700000,169.700000,155.000000,160.000000,860.000000
2020-06-08,165.000000,165.000000,155.000000,155.000000,610.000000
2020-06-09,157.000000,162.000000,157.000000,162.000000,230.000000
2020-06-10,162.000000,174.800000,162.000000,164.000000,470.000000
2020-06-11,160.100000,160.100000,158.000000,158.000000,850.000000
2020-06-15,174.000000,174.000000,173.000000,173.000000,40.000000
2020-06-16,173.000000,173.000000,170.000000,170.000000,430.000000
2020-06-17,169.900000,169.900000,167.000000,167.000000,240.000000
2020-06-18,155.000000,167.000000,155.000000,157.000000,520.000000
2020-06-19,157.000000,159.000000,157.000000,157.000000,1070.000000
2020-06-22,157.000000,158.000000,157.000000,158.000000,210.000000
2020-06-23,157.000000,161.000000,157.000000,161.000000,50.000000
2020-06-25,159.500000,159.500000,159.500000,159.500000,50.000000
2020-06-26,159.500000,159.500000,159.500000,159.500000,20.000000
2020-06-29,156.000000,156.000000,145.000000,156.000000,800.000000
2020-06-30,145.000000,150.000000,145.000000,150.000000,360.000000
2020-07-01,152.000000,175.000000,150.000000,169.000000,1320.000000
2020-07-02,169.000000,170.000000,167.000000,169.000000,3140.000000
2020-07-03,170.000000,170.000000,170.000000,170.000000,10.000000
2020-07-06,160.000000,160.000000,150.000000,160.000000,660.000000
2020-07-07,150.000000,165.000000,150.000000,165.000000,960.000000
2020-07-08,165.000000,165.000000,150.000000,150.000000,510.000000
2020-07-09,165.000000,165.000000,165.000000,165.000000,500.000000
2020-07-10,165.000000,165.000000,155.000000,155.000000,130.000000
2020-07-13,157.000000,157.000000,157.000000,157.000000,20.000000
2020-07-14,150.000000,150.000000,150.000000,150.000000,30.000000
2020-07-15,155.000000,155.000000,150.000000,150.000000,150.000000
2020-07-16,168.000000,168.000000,160.000000,160.000000,70.000000
2020-07-27,150.000000,150.000000,150.000000,150.000000,70.000000
2020-07-30,150.000000,150.000000,146.000000,150.000000,230.000000
2020-08-03,150.000000,160.000000,150.000000,151.000000,370.000000
2020-08-04,151.000000,155.000000,151.000000,155.000000,260.000000
2020-08-05,152.000000,170.000000,152.000000,152.000000,2600.000000
2020-08-06,170.000000,170.000000,170.000000,170.000000,130.000000
2020-08-07,170.000000,170.000000,170.000000,170.000000,240.000000
2020-08-11,170.000000,170.000000,170.000000,170.000000,450.000000
2020-08-12,169.000000,169.000000,169.000000,169.000000,330.000000
2020-08-13,168.000000,170.000000,168.000000,170.000000,310.000000
2020-08-14,170.000000,170.000000,170.000000,170.000000,1770.000000
2020-08-17,170.000000,170.000000,168.000000,168.000000,220.000000
2020-08-18,172.000000,172.000000,168.000000,168.000000,290.000000
2020-08-19,151.000000,151.000000,151.000000,151.000000,300.000000
2020-08-25,155.000000,155.000000,155.000000,155.000000,190.000000
2020-08-26,155.000000,155.000000,155.000000,155.000000,30.000000
2020-08-27,155.000000,155.000000,155.000000,155.000000,50.000000
2020-08-28,169.000000,169.000000,169.000000,169.000000,1170.000000
2020-09-01,170.000000,170.000000,154.000000,155.000000,970.000000
2020-09-02,154.000000,154.000000,154.000000,154.000000,80.000000
2020-09-03,153.000000,153.000000,153.000000,153.000000,40.000000
2020-09-07,167.000000,167.000000,167.000000,167.000000,830.000000
2020-09-08,158.000000,158.000000,158.000000,158.000000,20.000000
2020-09-09,165.000000,165.000000,165.000000,165.000000,300.000000
2020-09-10,166.000000,166.000000,166.000000,166.000000,30.000000
2020-09-11,166.000000,166.000000,166.000000,166.000000,70.000000
2020-09-16,153.100000,165.900000,153.100000,155.000000,160.000000
2020-09-17,155.000000,155.000000,150.000000,150.000000,690.000000
2020-09-23,159.000000,159.000000,158.000000,158.000000,70.000000
2020-09-28,156.000000,156.000000,155.000000,155.000000,260.000000
2020-09-29,155.000000,155.000000,155.000000,155.000000,40.000000
2020-10-01,153.000000,153.000000,151.000000,151.000000,160.000000
2020-10-02,151.000000,151.000000,151.000000,151.000000,290.000000
2020-10-05,150.000000,150.500000,150.000000,150.000000,670.000000
2020-10-06,150.000000,150.000000,150.000000,150.000000,30.000000
2020-10-07,150.000000,159.000000,150.000000,159.000000,220.000000
2020-10-08,159.000000,159.000000,159.000000,159.000000,50.000000
2020-10-13,155.000000,159.000000,155.000000,159.000000,50.000000
2020-10-14,151.000000,151.000000,151.000000,151.000000,10.000000
2020-10-15,151.000000,151.000000,150.000000,151.000000,310.000000
2020-10-16,153.000000,153.000000,153.000000,153.000000,20.000000
2020-10-19,159.000000,170.000000,159.000000,170.000000,490.000000
2020-10-20,158.000000,169.900000,152.000000,169.900000,560.000000
2020-10-21,160.000000,160.000000,160.000000,160.000000,10.000000
2020-10-23,163.000000,163.000000,163.000000,163.000000,280.000000
2020-10-26,170.000000,170.000000,168.000000,168.000000,580.000000
2020-10-27,160.000000,170.500000,160.000000,170.500000,880.000000
2020-10-28,170.500000,170.500000,170.000000,170.000000,690.000000
2020-10-30,168.000000,171.000000,168.000000,171.000000,750.000000
2020-11-03,171.000000,171.000000,171.000000,171.000000,80.000000
2020-11-04,171.000000,171.000000,171.000000,171.000000,430.000000
2020-11-05,170.000000,173.000000,170.000000,172.500000,1830.000000
2020-11-06,172.500000,220.000000,172.500000,180.000000,8300.000000
2020-11-09,179.000000,179.000000,175.000000,175.000000,640.000000
2020-11-10,175.000000,185.000000,172.500000,173.000000,130.000000
2020-11-11,173.500000,190.000000,173.500000,190.000000,1790.000000
2020-11-13,190.000000,210.000000,190.000000,210.000000,3310.000000
2020-11-16,212.000000,215.000000,200.000000,214.000000,2580.000000
2020-11-17,220.000000,250.000000,220.000000,240.000000,2630.000000
2020-11-18,248.000000,360.000000,248.000000,313.600000,14950.000000
2020-11-19,308.000000,308.000000,265.200000,280.000000,8400.000000
2020-11-20,280.000000,293.000000,275.000000,293.000000,3050.000000
2020-11-23,299.000000,299.200000,291.400000,299.200000,1470.000000
2020-11-24,295.000000,299.000000,265.200000,286.000000,2480.000000
2020-11-25,286.000000,286.000000,260.000000,272.000000,1830.000000
2020-11-26,270.000000,280.000000,270.000000,280.000000,220.000000
2020-11-27,288.000000,288.000000,271.200000,287.000000,330.000000
2020-12-01,286.000000,286.600000,270.000000,280.000000,450.000000
2020-12-02,272.000000,280.000000,268.000000,270.000000,850.000000
2020-12-03,270.000000,270.000000,250.000000,267.000000,1160.000000
2020-12-04,267.000000,270.000000,267.000000,270.000000,110.000000
2020-12-07,271.000000,271.000000,268.000000,268.000000,740.000000
2020-12-09,255.000000,267.000000,253.000000,266.800000,1470.000000
2020-12-10,260.000000,266.800000,260.000000,266.800000,640.000000
2020-12-11,269.800000,269.800000,265.000000,265.000000,250.000000
2020-12-14,265.000000,265.000000,250.000000,253.600000,1680.000000
2020-12-15,253.600000,254.000000,252.000000,254.000000,720.000000
2020-12-16,254.000000,260.200000,250.000000,259.800000,930.000000
2020-12-18,254.000000,257.000000,251.000000,251.000000,840.000000
2020-12-21,250.000000,250.000000,241.000000,241.000000,800.000000
2020-12-22,240.000000,245.000000,230.000000,240.000000,1490.000000
2020-12-23,240.000000,240.000000,230.200000,234.000000,830.000000
2020-12-28,239.000000,242.000000,235.000000,242.000000,690.000000
2020-12-29,237.000000,242.000000,237.000000,242.000000,270.000000
2021-01-04,237.000000,239.000000,236.000000,236.000000,1350.000000
2021-01-05,236.000000,249.000000,235.000000,249.000000,1300.000000
2021-01-06,240.000000,240.000000,230.200000,230.200000,230.000000
2021-01-07,260.000000,260.000000,240.000000,247.800000,970.000000
2021-01-08,246.000000,318.000000,246.000000,300.000000,18000.000000
2021-01-11,340.000000,370.000000,319.000000,370.000000,13030.000000
2021-01-12,369.000000,370.000000,331.000000,336.000000,2830.000000
2021-01-13,311.000000,329.000000,308.000000,329.000000,7560.000000
2021-01-14,329.000000,329.000000,313.000000,313.000000,410.000000
2021-01-15,312.000000,320.000000,312.000000,320.000000,990.000000
2021-01-18,313.000000,320.000000,300.000000,310.000000,1990.000000
2021-01-19,316.000000,325.000000,305.000000,306.000000,5110.000000
2021-01-20,310.000000,328.000000,310.000000,328.000000,1510.000000
2021-01-21,328.000000,328.000000,316.000000,320.000000,280.000000
2021-01-22,312.000000,312.000000,309.000000,309.000000,600.000000
2021-01-25,330.000000,400.000000,330.000000,345.000000,5230.000000
2021-01-26,330.200000,330.200000,310.000000,310.000000,1350.000000
2021-01-27,310.000000,313.000000,310.000000,310.000000,630.000000
2021-01-28,306.000000,313.000000,306.000000,311.000000,870.000000
2021-01-29,311.000000,311.000000,311.000000,311.000000,870.000000
2021-02-01,312.000000,312.000000,312.000000,312.000000,60.000000
2021-02-02,311.000000,329.000000,311.000000,320.000000,490.000000
2021-02-03,311.000000,325.000000,311.000000,325.000000,410.000000
2021-02-05,325.000000,325.000000,320.000000,320.000000,570.000000
2021-02-08,312.000000,315.000000,312.000000,315.000000,120.000000
2021-02-09,313.000000,316.000000,313.000000,313.000000,150.000000
2021-02-10,312.000000,315.000000,311.000000,315.000000,120.000000
2021-02-11,311.000000,315.000000,311.000000,315.000000,800.000000
2021-02-15,315.000000,315.000000,315.000000,315.000000,200.000000
2021-02-16,315.000000,317.000000,315.000000,317.000000,200.000000
2021-02-17,317.000000,318.000000,317.000000,317.000000,340.000000
2021-02-18,317.000000,317.000000,317.000000,317.000000,230.000000
2021-02-19,317.000000,317.000000,317.000000,317.000000,50.000000
2021-02-22,313.000000,313.000000,313.000000,313.000000,2000.000000
2021-02-23,313.000000,313.000000,313.000000,313.000000,60.000000
2021-02-24,313.000000,313.000000,313.000000,313.000000,550.000000
2021-02-26,312.000000,335.000000,312.000000,333.000000,450.000000
2021-03-01,330.000000,335.000000,330.000000,335.000000,270.000000
2021-03-02,333.000000,333.000000,320.000000,320.000000,490.000000
2021-03-03,320.000000,320.000000,320.000000,320.000000,100.000000
2021-03-04,320.000000,320.000000,314.000000,314.000000,1490.000000
2021-03-05,314.000000,314.000000,314.000000,314.000000,80.000000
2021-03-08,314.000000,335.000000,314.000000,320.000000,3280.000000
2021-03-09,313.000000,330.000000,312.000000,312.000000,810.000000
2021-03-10,312.000000,312.000000,312.000000,312.000000,160.000000
2021-03-11,330.000000,330.000000,313.000000,313.000000,1580.000000
2021-03-12,325.000000,376.000000,320.400000,345.800000,3330.000000
2021-03-15,345.800000,365.000000,318.000000,340.000000,1640.000000
2021-03-16,343.000000,350.000000,322.000000,349.000000,2640.000000
2021-03-17,345.000000,365.000000,320.000000,352.000000,1580.000000
2021-03-18,349.800000,360.000000,349.800000,360.000000,1700.000000
2021-03-19,362.000000,393.000000,358.000000,390.000000,2230.000000
2021-03-22,388.000000,388.000000,340.000000,374.000000,560.000000
2021-03-25,350.000000,373.000000,321.000000,360.000000,1660.000000
2021-03-26,355.000000,355.000000,355.000000,355.000000,30.000000
2021-03-29,340.000000,355.000000,340.000000,353.000000,260.000000
2021-03-30,349.000000,349.000000,342.000000,349.000000,460.000000
2021-03-31,340.000000,345.000000,333.000000,345.000000,170.000000
2021-04-05,344.000000,344.000000,332.000000,333.000000,860.000000
2021-04-06,340.000000,348.000000,339.000000,348.000000,150.000000
2021-04-07,340.000000,345.000000,340.000000,345.000000,80.000000
2021-04-08,350.000000,380.000000,350.000000,380.000000,2540.000000
2021-04-12,370.000000,385.000000,370.000000,385.000000,1580.000000
2021-04-13,361.000000,385.000000,333.000000,385.000000,600.000000
2021-04-14,373.000000,373.000000,373.000000,373.000000,30.000000
2021-04-15,370.000000,370.000000,370.000000,370.000000,30.000000
2021-04-16,369.000000,369.000000,368.000000,368.000000,120.000000
2021-04-19,365.000000,373.000000,360.000000,373.000000,130.000000
2021-04-21,371.000000,424.000000,371.000000,404.000000,7040.000000
2021-04-22,425.000000,484.000000,420.000000,439.000000,8500.000000
2021-04-23,421.000000,438.000000,400.000000,410.000000,1900.000000
2021-04-26,410.000000,410.000000,371.000000,392.000000,1800.000000
2021-04-27,374.000000,392.000000,361.200000,389.600000,430.000000
2021-04-28,390.000000,390.000000,372.800000,385.000000,530.000000
2021-04-29,385.000000,391.800000,385.000000,391.800000,200.000000
2021-04-30,391.600000,391.600000,375.000000,389.600000,140.000000
2021-05-05,370.000000,370.000000,370.000000,370.000000,110.000000
2021-05-06,361.400000,375.000000,361.400000,375.000000,110.000000
2021-05-07,376.000000,376.000000,370.000000,370.000000,260.000000
2021-05-10,365.000000,370.000000,365.000000,370.000000,170.000000
2021-05-11,373.000000,373.000000,373.000000,373.000000,100.000000
2021-05-12,371.200000,375.000000,367.000000,375.000000,700.000000
2021-05-14,375.000000,390.000000,375.000000,389.000000,710.000000
2021-05-17,390.000000,410.000000,389.000000,410.000000,990.000000
2021-05-18,410.000000,410.000000,385.000000,385.000000,100.000000
2021-05-19,370.000000,407.000000,370.000000,400.000000,300.000000
2021-05-20,370.000000,400.000000,370.000000,400.000000,170.000000
2021-05-21,394.800000,395.000000,390.000000,395.000000,170.000000
2021-05-24,371.600000,400.000000,370.000000,400.000000,1010.000000
2021-05-25,398.200000,398.200000,370.000000,398.000000,890.000000
2021-05-28,395.800000,395.800000,395.800000,395.800000,10.000000
2021-11-10,13.000000,13.580000,12.540000,12.600000,203483010.000000
2021-11-11,12.700000,13.340000,12.540000,13.200000,60105400.000000
2021-11-12,13.500000,15.820000,13.500000,14.500000,123286900.000000
2021-11-15,15.000000,16.020000,14.720000,15.940000,76724500.000000
2021-11-16,16.100000,16.500000,15.600000,15.920000,72131200.000000
2021-11-17,15.880000,16.080000,15.520000,15.760000,29177000.000000
2021-11-18,15.800000,15.880000,15.240000,15.380000,20088400.000000
2021-11-19,15.340000,15.380000,14.620000,14.700000,23236100.000000
2021-11-22,14.920000,15.240000,14.740000,15.060000,12645700.000000
2021-11-23,15.200000,15.740000,15.120000,15.480000,17799500.000000
2021-11-24,15.580000,15.660000,14.740000,14.860000,12532900.000000
2021-11-25,14.760000,15.080000,14.740000,14.860000,6716700.000000
2021-11-26,14.900000,15.120000,14.860000,14.900000,5385000.000000
2021-11-29,14.400000,14.760000,14.100000,14.680000,10965100.000000
2021-12-01,14.560000,14.900000,14.200000,14.380000,8477200.000000
2021-12-02,14.460000,14.740000,14.280000,14.700000,5203300.000000
2021-12-03,14.800000,15.060000,14.720000,14.980000,9781500.000000
2021-12-06,15.000000,15.080000,14.800000,14.800000,4714500.000000
2021-12-07,14.900000,14.900000,14.580000,14.640000,7935500.000000
2021-12-09,14.600000,14.600000,14.280000,14.400000,9030300.000000
2021-12-10,14.400000,14.500000,13.880000,13.900000,13311500.000000
2021-12-13,14.000000,14.200000,13.900000,13.940000,5932100.000000
2021-12-14,13.920000,14.000000,13.700000,13.720000,5532000.000000
2021-12-15,13.700000,13.720000,13.000000,13.040000,21799900.000000
2021-12-16,13.120000,13.400000,13.020000,13.080000,8632300.000000
2021-12-17,13.040000,13.180000,12.840000,12.880000,9122200.000000
2021-12-20,12.880000,13.040000,12.720000,12.960000,4428000.000000
2021-12-21,12.900000,13.500000,12.900000,13.260000,3881500.000000
2021-12-22,13.400000,13.580000,13.320000,13.500000,1700600.000000
2021-12-23,13.500000,13.560000,13.340000,13.520000,831700.000000
2021-12-24,13.500000,13.520000,13.320000,13.420000,764000.000000
2021-12-27,13.400000,13.400000,13.000000,13.080000,4138100.000000
2021-12-28,13.100000,13.260000,13.020000,13.100000,1528300.000000
2021-12-29,13.100000,13.300000,12.960000,13.300000,1646500.000000
2021-12-31,13.300000,13.300000,13.080000,13.120000,1515400.000000
2022-01-03,13.000000,13.100000,12.880000,12.900000,4564600.000000
2022-01-05,12.860000,13.000000,12.860000,12.960000,2264400.000000
2022-01-06,12.900000,12.980000,12.900000,12.920000,1172800.000000
2022-01-07,12.920000,12.940000,12.620000,12.860000,3539500.000000
2022-01-10,12.780000,13.100000,12.700000,12.980000,1329300.000000
2022-01-11,13.000000,13.100000,12.860000,12.920000,1068700.000000
2022-01-12,12.920000,13.200000,12.920000,13.100000,3437400.000000
2022-01-13,13.060000,13.340000,13.060000,13.100000,3789200.000000
2022-01-14,13.200000,13.200000,13.000000,13.100000,2838700.000000
2022-01-17,13.100000,13.200000,13.020000,13.160000,1727200.000000
2022-01-18,13.100000,13.200000,13.100000,13.160000,2006200.000000
2022-01-19,13.140000,13.160000,12.940000,13.080000,2774100.000000
2022-01-20,13.080000,13.140000,12.940000,13.060000,4508200.000000
2022-01-21,13.000000,13.060000,12.940000,12.980000,2742400.000000
2022-01-24,12.920000,13.000000,12.800000,12.960000,4698100.000000
2022-01-25,12.900000,13.000000,12.800000,12.900000,1564600.000000
2022-01-26,12.920000,12.920000,12.800000,12.820000,3479600.000000
2022-01-27,12.820000,12.900000,12.760000,12.820000,2812400.000000
2022-01-28,12.800000,12.860000,12.740000,12.800000,6310400.000000
2022-01-31,12.780000,12.800000,12.700000,12.720000,7191300.000000
2022-02-02,12.720000,12.960000,12.720000,12.780000,4588500.000000
2022-02-03,12.800000,12.840000,12.800000,12.800000,1795500.000000
2022-02-04,12.800000,12.800000,12.740000,12.780000,2125400.000000
2022-02-07,12.760000,12.760000,12.600000,12.620000,2979100.000000
2022-02-08,12.600000,12.800000,12.520000,12.640000,4664200.000000
2022-02-09,12.680000,12.740000,12.620000,12.680000,935500.000000
2022-02-10,12.720000,12.840000,12.680000,12.820000,4472600.000000
2022-02-11,12.840000,12.940000,12.780000,12.820000,5073600.000000
2022-02-14,12.820000,12.900000,12.660000,12.720000,1266500.000000
2022-02-15,12.720000,12.760000,12.560000,12.600000,3181700.000000
2022-02-16,12.600000,12.720000,12.300000,12.700000,5713000.000000
2022-02-17,12.700000,12.700000,12.540000,12.600000,1371500.000000
2022-02-18,12.600000,12.620000,12.560000,12.600000,1984100.000000
2022-02-21,12.560000,12.600000,12.400000,12.600000,4384900.000000
2022-02-22,12.500000,12.600000,12.440000,12.600000,1669900.000000
2022-02-23,12.500000,12.600000,12.440000,12.600000,2015800.000000
2022-02-24,12.600000,12.600000,12.400000,12.500000,3495200.000000
2022-02-28,12.500000,12.500000,12.160000,12.240000,3814700.000000
2022-03-01,12.240000,12.500000,12.200000,12.400000,2460900.000000
2022-03-02,12.320000,12.320000,12.040000,12.080000,7055600.000000
2022-03-03,12.120000,12.240000,12.100000,12.200000,2090000.000000
2022-03-04,12.120000,12.200000,12.120000,12.200000,1745400.000000
2022-03-07,12.180000,12.180000,12.020000,12.060000,4219200.000000
2022-03-08,12.020000,12.240000,12.000000,12.200000,8152800.000000
2022-03-09,12.140000,12.320000,12.020000,12.020000,4456900.000000
2022-03-10,12.100000,12.200000,12.020000,12.200000,705600.000000
2022-03-11,12.200000,12.200000,12.100000,12.200000,614200.000000
2022-03-14,12.160000,12.160000,11.880000,12.000000,3277200.000000
2022-03-15,12.000000,12.000000,11.000000,11.960000,2569600.000000
2022-03-16,11.740000,11.940000,11.600000,11.680000,1185700.000000
2022-03-17,11.720000,11.840000,11.700000,11.780000,1186000.000000
2022-03-18,11.800000,11.860000,11.600000,11.600000,1525300.000000
2022-03-21,11.600000,11.700000,11.400000,11.420000,1107900.000000
2022-03-22,11.440000,11.480000,11.320000,11.320000,845800.000000
2022-03-23,11.320000,11.360000,11.260000,11.360000,740500.000000
2022-03-24,11.920000,12.240000,11.880000,12.200000,2740100.000000
2022-03-25,12.280000,12.300000,12.200000,12.260000,1898400.000000
2022-03-28,12.280000,12.480000,12.260000,12.440000,1037100.000000
2022-03-29,12.500000,12.500000,12.320000,12.340000,647000.000000
2022-03-30,12.300000,12.320000,12.200000,12.240000,919500.000000
2022-03-31,12.260000,12.280000,12.160000,12.260000,1575500.000000
2022-04-01,12.040000,12.100000,11.900000,11.900000,1317600.000000
2022-04-04,11.900000,12.180000,11.900000,12.180000,647100.000000
2022-04-05,12.180000,12.220000,12.080000,12.220000,748100.000000
2022-04-06,12.200000,12.300000,12.140000,12.300000,1161000.000000
2022-04-07,12.300000,12.460000,12.160000,12.300000,1791000.000000
2022-04-08,12.300000,12.380000,12.200000,12.300000,2827000.000000
2022-04-11,12.300000,12.340000,12.260000,12.300000,3104700.000000
2022-04-12,12.400000,12.580000,12.300000,12.460000,1190900.000000
2022-04-13,12.480000,12.520000,12.380000,12.380000,986700.000000
2022-04-18,12.400000,12.480000,12.300000,12.300000,430900.000000
2022-04-19,12.420000,12.600000,12.320000,12.440000,830500.000000
2022-04-20,12.500000,12.720000,12.500000,12.720000,920400.000000
2022-04-21,12.780000,12.960000,12.740000,12.740000,1302800.000000
2022-04-22,12.800000,12.800000,12.660000,12.700000,644900.000000
2022-04-25,12.700000,12.700000,12.400000,12.560000,450800.000000
2022-04-26,12.580000,12.600000,12.520000,12.520000,523300.000000
2022-04-27,12.580000,12.580000,12.400000,12.500000,752300.000000
2022-04-28,12.500000,12.600000,12.440000,12.520000,437900.000000
2022-04-29,12.560000,12.560000,12.380000,12.440000,964200.000000
2022-05-02,12.460000,12.500000,12.280000,12.300000,824100.000000
2022-05-04,12.300000,12.300000,12.080000,12.160000,1399200.000000
2022-05-05,12.240000,12.380000,12.000000,12.260000,1079800.000000
2022-05-06,12.240000,12.300000,12.080000,12.140000,641700.000000
2022-05-10,11.980000,11.980000,11.860000,11.860000,1436900.000000
2022-05-11,11.880000,11.920000,11.800000,11.800000,991700.000000
2022-05-12,11.820000,11.860000,11.740000,11.800000,939900.000000
2022-05-13,11.840000,12.200000,11.800000,11.880000,2875800.000000
2022-05-16,12.000000,12.420000,11.880000,12.360000,5521900.000000
2022-05-17,12.360000,12.360000,12.020000,12.120000,3071500.000000
2022-05-18,12.300000,12.300000,11.980000,12.100000,4205900.000000
2022-05-19,12.100000,12.360000,12.100000,12.340000,1845600.000000
2022-05-20,12.340000,12.600000,12.300000,12.400000,7209700.000000
2022-05-23,12.500000,12.500000,12.340000,12.400000,2066700.000000
2022-05-24,12.420000,13.300000,12.280000,12.640000,13049400.000000
2022-05-25,12.700000,12.780000,12.520000,12.640000,3714500.000000
2022-05-26,12.700000,12.880000,12.700000,12.780000,1956700.000000
2022-05-27,12.960000,12.980000,12.800000,12.900000,1800400.000000
2022-05-30,12.960000,12.960000,12.700000,12.800000,1736900.000000
2022-05-31,12.800000,12.880000,12.360000,12.360000,12360400.000000
2022-06-01,12.560000,12.560000,12.080000,12.120000,1893000.000000
2022-06-02,12.200000,12.300000,12.160000,12.240000,433100.000000
2022-06-03,12.280000,12.300000,12.160000,12.180000,431800.000000
2022-06-06,12.280000,12.280000,12.140000,12.140000,419400.000000
2022-06-07,12.140000,12.200000,12.100000,12.140000,676300.000000
2022-06-08,12.180000,12.260000,12.140000,12.200000,329400.000000
2022-06-09,12.280000,12.280000,12.200000,12.200000,611000.000000
2022-06-10,12.300000,12.460000,12.200000,12.320000,2896900.000000
2022-06-13,12.320000,12.320000,12.060000,12.060000,2750900.000000
2022-06-14,12.080000,12.200000,11.940000,11.980000,1945100.000000
2022-06-15,12.080000,12.080000,11.880000,11.940000,830300.000000
2022-06-16,11.960000,12.180000,11.960000,12.000000,2150600.000000
2022-06-17,12.000000,12.420000,11.960000,12.420000,1595700.000000
2022-06-20,12.300000,12.380000,12.140000,12.160000,1668200.000000
2022-06-21,12.160000,12.180000,12.020000,12.140000,392200.000000
2022-06-22,12.160000,12.180000,11.980000,12.020000,1288100.000000
2022-06-23,12.160000,12.320000,12.020000,12.060000,2601400.000000
2022-06-24,12.220000,12.220000,12.100000,12.200000,2441500.000000
2022-06-27,12.300000,12.300000,12.160000,12.160000,2004300.000000
2022-06-28,12.200000,12.220000,12.140000,12.200000,2462100.000000
2022-06-29,12.200000,12.220000,12.140000,12.200000,1192400.000000
2022-06-30,12.200000,12.260000,12.160000,12.160000,2857200.000000
2022-07-01,12.160000,12.160000,12.020000,12.060000,412800.000000
2022-07-04,12.060000,12.180000,12.060000,12.080000,231500.000000
2022-07-05,12.080000,12.180000,12.060000,12.100000,435800.000000
2022-07-06,12.160000,12.160000,12.020000,12.120000,912500.000000
2022-07-07,12.120000,12.200000,12.080000,12.140000,640400.000000
2022-07-08,12.180000,12.200000,12.040000,12.100000,862900.000000
2022-07-11,12.140000,12.140000,12.020000,12.100000,855900.000000
2022-07-12,12.060000,12.160000,12.060000,12.100000,484700.000000
2022-07-13,12.100000,12.200000,12.080000,12.100000,5667200.000000
2022-07-14,12.100000,12.200000,12.080000,12.200000,3616300.000000
2022-07-15,12.240000,12.440000,12.240000,12.380000,1847300.000000
2022-07-18,12.420000,12.420000,12.320000,12.380000,683800.000000
2022-07-19,12.380000,12.400000,12.240000,12.280000,816200.000000
2022-07-20,12.280000,12.400000,12.100000,12.140000,7704100.000000
2022-07-21,12.200000,12.200000,12.140000,12.200000,5338700.000000
2022-07-22,12.160000,12.360000,12.160000,12.180000,10112600.000000
2022-07-25,12.360000,12.360000,12.160000,12.180000,1238300.000000
2022-07-26,12.200000,12.240000,12.180000,12.200000,3338500.000000
2022-07-27,12.200000,12.280000,12.160000,12.180000,1446100.000000
2022-07-28,12.200000,12.400000,12.180000,12.200000,6838900.000000
2022-07-29,12.300000,12.300000,12.200000,12.280000,1172800.000000
2022-08-01,12.280000,12.340000,12.260000,12.320000,950100.000000
2022-08-02,12.300000,12.420000,12.300000,12.340000,1025100.000000
2022-08-03,12.300000,12.360000,12.200000,12.200000,2326000.000000
2022-08-04,12.280000,12.320000,12.260000,12.320000,492700.000000
2022-08-05,12.320000,12.360000,12.200000,12.220000,748400.000000
2022-08-08,12.300000,12.320000,12.220000,12.260000,942300.000000
2022-08-09,12.260000,12.260000,12.220000,12.220000,352900.000000
2022-08-10,12.260000,12.300000,12.200000,12.280000,4095400.000000
2022-08-11,12.320000,12.600000,12.300000,12.500000,5197200.000000
2022-08-12,12.500000,12.540000,12.300000,12.360000,1204500.000000
2022-08-15,12.660000,12.840000,12.500000,12.600000,3365000.000000
2022-08-16,12.520000,12.860000,12.500000,12.760000,3009900.000000
2022-08-17,12.820000,13.400000,12.780000,13.000000,12925100.000000
2022-08-18,13.020000,13.400000,13.020000,13.320000,3516800.000000
2022-08-19,13.320000,13.740000,13.320000,13.360000,4892600.000000
2022-08-22,13.400000,13.460000,13.200000,13.360000,3418700.000000
2022-08-23,13.260000,13.360000,13.180000,13.220000,8856300.000000
2022-08-24,13.220000,13.620000,13.220000,13.420000,5841300.000000
2022-08-25,13.440000,13.680000,13.440000,13.540000,2932400.000000
2022-08-26,13.560000,13.840000,13.500000,13.800000,4912100.000000
2022-08-30,13.500000,13.680000,13.420000,13.640000,2234700.000000
2022-08-31,13.680000,13.800000,13.560000,13.800000,6769500.000000
2022-09-01,13.800000,13.800000,13.660000,13.740000,1412200.000000
2022-09-02,13.700000,13.920000,13.700000,13.840000,2585100.000000
2022-09-05,13.840000,13.980000,13.840000,13.880000,3644800.000000
2022-09-06,13.900000,13.920000,13.720000,13.760000,2124100.000000
2022-09-07,13.740000,13.740000,13.540000,13.580000,1734400.000000
2022-09-08,13.620000,13.680000,13.420000,13.500000,1361900.000000
2022-09-09,13.500000,13.620000,13.400000,13.500000,2681000.000000
2022-09-12,13.500000,13.760000,13.500000,13.680000,1102500.000000
2022-09-13,13.700000,13.700000,13.620000,13.680000,2763900.000000
2022-09-14,13.440000,13.540000,13.200000,13.360000,5766800.000000
2022-09-15,13.380000,13.420000,13.320000,13.320000,1501100.000000
2022-09-16,13.400000,13.400000,13.280000,13.320000,1829200.000000
2022-09-19,13.400000,13.400000,13.140000,13.220000,645700.000000
2022-09-20,12.940000,12.940000,12.020000,12.320000,27742200.000000
2022-09-21,12.140000,12.240000,11.920000,12.120000,8983700.000000
2022-09-22,12.180000,12.380000,12.020000,12.100000,5181800.000000
2022-09-23,12.120000,12.260000,12.060000,12.260000,2682300.000000
2022-09-27,12.240000,12.300000,11.800000,11.940000,10231500.000000
2022-09-28,11.840000,11.920000,11.660000,11.680000,6816800.000000
2022-09-29,11.840000,11.980000,11.780000,11.960000,2230300.000000
2022-09-30,11.520000,11.780000,11.380000,11.760000,802800.000000
2022-10-03,11.740000,11.740000,11.300000,11.580000,1555900.000000
2022-10-04,11.580000,11.620000,11.400000,11.600000,735500.000000
2022-10-05,11.620000,11.680000,11.460000,11.480000,1383400.000000
2022-10-06,11.300000,11.460000,10.840000,11.100000,7576600.000000
2022-10-07,11.160000,11.160000,10.900000,11.140000,1609700.000000
2022-10-10,11.140000,11.220000,10.800000,11.100000,1552500.000000
2022-10-11,11.180000,11.180000,11.000000,11.060000,2036400.000000
2022-10-12,11.120000,11.140000,10.860000,10.860000,1291300.000000
2022-10-13,10.900000,11.000000,10.860000,10.980000,256600.000000
2022-10-14,11.000000,11.040000,10.920000,11.020000,297300.000000
2022-10-17,11.100000,11.100000,10.980000,11.020000,266700.000000
2022-10-18,11.040000,11.200000,11.000000,11.200000,654500.000000
2022-10-19,11.220000,11.380000,11.200000,11.380000,648600.000000
2022-10-20,11.480000,11.880000,11.480000,11.500000,891900.000000
2022-10-21,11.500000,11.660000,11.260000,11.500000,510600.000000
2022-10-24,11.520000,11.820000,11.520000,11.760000,1263600.000000
2022-10-25,11.780000,11.940000,11.780000,11.820000,1347700.000000
2022-10-26,11.880000,11.880000,11.620000,11.720000,358000.000000
2022-10-27,11.720000,11.880000,11.700000,11.860000,284600.000000
2022-10-28,11.860000,12.080000,11.800000,11.980000,549300.000000
2022-11-02,11.980000,11.980000,11.800000,11.800000,303900.000000
2022-11-03,11.760000,11.760000,11.200000,11.360000,1625800.000000
2022-11-04,11.360000,11.560000,11.300000,11.420000,388300.000000
2022-11-07,11.380000,11.500000,11.360000,11.460000,571900.000000
2022-11-08,11.520000,11.760000,11.500000,11.700000,517200.000000
2022-11-09,11.760000,11.780000,11.360000,11.360000,1107300.000000
2022-11-10,11.380000,11.520000,11.320000,11.380000,265900.000000
2022-11-11,11.560000,11.560000,11.340000,11.420000,535700.000000
2022-11-14,11.420000,11.600000,11.400000,11.600000,258700.000000
2022-11-15,11.680000,11.680000,11.400000,11.480000,2439500.000000
2022-11-16,11.500000,11.600000,11.300000,11.300000,3765800.000000
2022-11-17,11.360000,11.680000,11.340000,11.500000,1819100.000000
2022-11-18,11.600000,11.760000,11.580000,11.580000,809600.000000
2022-11-21,11.600000,11.900000,11.520000,11.820000,1121000.000000
2022-11-22,11.840000,11.940000,11.500000,11.660000,554500.000000
2022-11-23,11.800000,11.800000,11.640000,11.640000,323400.000000
2022-11-24,11.800000,11.800000,11.660000,11.800000,373700.000000
2022-11-25,11.860000,11.860000,11.720000,11.740000,804800.000000
2022-11-28,11.800000,11.800000,11.600000,11.700000,584500.000000
2022-11-29,11.780000,12.300000,11.620000,12.300000,1511200.000000
2022-12-01,12.000000,12.020000,11.800000,11.820000,853100.000000
2022-12-02,11.840000,12.000000,11.820000,11.820000,701500.000000
2022-12-05,11.840000,11.880000,11.820000,11.840000,99500.000000
2022-12-06,11.840000,11.880000,11.680000,11.680000,589000.000000
2022-12-07,11.700000,11.900000,11.680000,11.840000,294200.000000
2022-12-09,11.900000,12.080000,11.840000,11.920000,1067100.000000
2022-12-12,11.920000,11.920000,11.600000,11.700000,1907600.000000
2022-12-13,11.720000,11.840000,11.720000,11.760000,505000.000000
2022-12-14,11.760000,11.800000,11.700000,11.720000,948200.000000
2022-12-15,11.760000,11.800000,11.720000,11.760000,195500.000000
2022-12-16,11.800000,11.800000,11.680000,11.680000,1495600.000000
2022-12-19,11.620000,11.620000,11.440000,11.460000,1100300.000000
2022-12-20,11.460000,11.480000,11.380000,11.440000,311100.000000
2022-12-21,11.400000,11.460000,11.380000,11.420000,442500.000000
2022-12-22,11.420000,11.600000,11.420000,11.600000,747600.000000
2022-12-23,11.600000,11.600000,11.440000,11.500000,203100.000000
2022-12-27,11.580000,11.580000,11.180000,11.200000,3587700.000000
2022-12-28,11.260000,11.320000,11.160000,11.280000,1870000.000000
2022-12-29,11.280000,11.280000,11.100000,11.100000,1818300.000000
2023-01-03,11.260000,11.320000,10.980000,11.240000,5169500.000000
2023-01-04,11.320000,11.460000,11.180000,11.400000,1730300.000000
2023-01-05,11.380000,11.400000,11.200000,11.280000,1377800.000000
2023-01-06,11.240000,11.500000,11.220000,11.500000,1025700.000000
2023-01-09,11.500000,11.740000,11.420000,11.600000,1309000.000000
2023-01-10,11.700000,11.700000,11.500000,11.520000,585000.000000
2023-01-11,11.620000,11.640000,11.520000,11.520000,495300.000000
2023-01-12,11.520000,11.640000,11.500000,11.640000,444300.000000
2023-01-13,11.600000,11.900000,11.600000,11.800000,1091500.000000
2023-01-16,11.820000,12.100000,11.820000,12.000000,1430900.000000
2023-01-17,12.000000,12.060000,11.660000,11.700000,2297700.000000
2023-01-18,11.840000,12.000000,11.740000,11.880000,821000.000000
2023-01-19,11.880000,12.000000,11.740000,11.980000,1582600.000000
2023-01-20,11.980000,12.000000,11.920000,11.920000,756800.000000
2023-01-23,12.000000,12.000000,11.860000,11.940000,445100.000000
2023-01-24,11.960000,12.020000,11.800000,11.800000,1877700.000000
2023-01-25,11.800000,11.960000,11.800000,11.840000,1077000.000000
2023-01-26,11.840000,11.940000,11.840000,11.880000,122600.000000
2023-01-27,11.880000,11.940000,11.800000,11.860000,2129800.000000
2023-01-30,11.880000,11.920000,11.600000,11.780000,2600800.000000
2023-01-31,11.800000,11.820000,11.000000,11.000000,20242800.000000
2023-02-01,11.100000,11.500000,11.100000,11.500000,2331300.000000
2023-02-02,11.560000,11.580000,11.220000,11.460000,1537400.000000
2023-02-03,11.560000,11.640000,11.200000,11.580000,2881100.000000
2023-02-06,11.580000,11.580000,11.420000,11.460000,891300.000000
2023-02-07,11.460000,11.500000,11.400000,11.420000,658400.000000
2023-02-08,11.420000,11.720000,11.420000,11.580000,2013500.000000
2023-02-09,11.600000,11.700000,11.560000,11.620000,657900.000000
2023-02-10,11.580000,11.640000,11.500000,11.520000,799900.000000
2023-02-13,11.540000,11.700000,11.380000,11.560000,5789100.000000
2023-02-14,11.480000,11.600000,11.400000,11.460000,1323500.000000
2023-02-15,11.500000,11.640000,11.300000,11.320000,1701100.000000
2023-02-16,11.320000,11.560000,11.320000,11.420000,1319600.000000
2023-02-17,11.400000,11.540000,11.340000,11.340000,1239400.000000
2023-02-20,11.340000,11.500000,11.300000,11.300000,1291500.000000
2023-02-21,11.320000,11.420000,11.260000,11.280000,462000.000000
2023-02-22,11.280000,11.340000,11.220000,11.280000,763600.000000
2023-02-23,11.300000,11.360000,11.240000,11.320000,289200.000000
2023-02-27,11.300000,11.380000,11.140000,11.140000,3660100.000000
2023-02-28,11.200000,11.780000,11.180000,11.780000,5284800.000000
2023-03-01,11.580000,11.580000,11.320000,11.400000,524400.000000
2023-03-02,11.400000,11.600000,11.360000,11.360000,628800.000000
2023-03-03,11.500000,11.500000,11.260000,11.260000,1102800.000000
2023-03-06,11.320000,11.420000,11.260000,11.260000,1446600.000000
2023-03-07,11.300000,11.380000,11.260000,11.260000,895100.000000
2023-03-08,11.260000,11.280000,10.980000,11.160000,6643500.000000
2023-03-09,11.200000,11.200000,11.080000,11.080000,1512300.000000
2023-03-10,11.000000,11.080000,10.980000,11.060000,2697900.000000
2023-03-13,11.060000,11.060000,10.940000,10.980000,2348900.000000
2023-03-14,10.980000,11.000000,10.880000,10.880000,1775200.000000
2023-03-15,10.960000,11.000000,10.880000,10.920000,740500.000000
2023-03-16,10.940000,10.940000,10.740000,10.760000,3038800.000000
2023-03-17,10.780000,10.940000,10.780000,10.900000,860700.000000
2023-03-20,10.820000,10.820000,10.660000,10.700000,680500.000000
2023-03-21,10.720000,10.760000,10.680000,10.720000,217400.000000
2023-03-22,10.740000,11.000000,10.700000,10.760000,496900.000000
2023-03-23,10.760000,10.880000,10.700000,10.760000,260800.000000
2023-03-24,10.760000,10.860000,10.720000,10.860000,597700.000000
2023-03-27,10.900000,10.920000,10.840000,10.920000,340500.000000
2023-03-28,10.920000,10.960000,10.860000,10.940000,307000.000000
2023-03-29,10.840000,10.900000,10.700000,10.700000,1658300.000000
2023-03-30,10.740000,10.740000,10.660000,10.660000,1015100.000000
2023-03-31,10.800000,10.800000,10.660000,10.700000,466100.000000
2023-04-03,10.700000,10.700000,10.540000,10.580000,1017600.000000
2023-04-04,10.600000,10.620000,10.340000,10.340000,1682200.000000
2023-04-05,10.340000,10.460000,10.320000,10.460000,389800.000000
2023-04-11,10.520000,10.640000,10.400000,10.460000,403400.000000
2023-04-12,10.480000,10.580000,10.440000,10.540000,178300.000000
2023-04-13,10.540000,10.540000,10.240000,10.300000,728500.000000
2023-04-14,10.400000,10.480000,10.000000,10.000000,2291400.000000
2023-04-17,10.300000,10.300000,10.000000,10.000000,2946700.000000
2023-04-18,10.200000,10.240000,10.000000,10.040000,3584900.000000
2023-04-19,10.060000,10.200000,10.060000,10.200000,224400.000000
2023-04-20,10.200000,10.300000,10.100000,10.300000,298400.000000
2023-04-24,10.300000,10.340000,10.200000,10.280000,574800.000000
2023-04-25,10.300000,10.340000,10.240000,10.320000,276900.000000
2023-04-26,10.340000,10.600000,10.340000,10.500000,748800.000000
2023-04-27,10.560000,10.600000,10.440000,10.440000,399700.000000
2023-04-28,10.400000,10.480000,10.340000,10.400000,600000.000000
2023-05-02,10.380000,10.540000,10.260000,10.300000,694100.000000
2023-05-03,10.300000,10.320000,10.220000,10.280000,321600.000000
2023-05-04,10.360000,10.360000,10.060000,10.180000,909800.000000
2023-05-05,10.280000,10.280000,10.100000,10.100000,893500.000000
2023-05-08,10.260000,10.260000,10.120000,10.120000,522500.000000
2023-05-09,10.120000,10.200000,10.120000,10.180000,192700.000000
2023-05-10,10.180000,10.200000,10.020000,10.060000,1882300.000000
2023-05-11,10.060000,10.080000,10.020000,10.020000,1555200.000000
2023-05-12,10.000000,10.040000,9.770000,9.950000,2078000.000000
2023-05-15,10.000000,10.000000,9.600000,9.600000,2056900.000000
2023-05-16,9.700000,9.800000,9.650000,9.730000,788100.000000
2023-05-17,9.730000,9.730000,9.010000,9.250000,5701300.000000
2023-05-18,9.160000,9.160000,8.850000,8.950000,8727500.000000
2023-05-19,9.000000,9.200000,8.870000,8.940000,3727700.000000
2023-05-22,9.350000,9.510000,9.240000,9.300000,2992100.000000
2023-05-23,9.300000,9.340000,9.200000,9.330000,880400.000000
2023-05-24,9.340000,9.400000,9.200000,9.210000,758100.000000
2023-05-25,9.280000,9.280000,8.820000,8.900000,1818200.000000
2023-05-26,8.810000,8.900000,8.500000,8.500000,4088700.000000
2023-05-29,8.510000,8.510000,8.160000,8.250000,3237600.000000
2023-05-30,8.220000,8.220000,7.610000,7.830000,7487900.000000
2023-05-31,7.840000,8.330000,7.840000,8.090000,7421400.000000
2023-06-01,8.280000,8.280000,7.980000,8.000000,2772800.000000
2023-06-02,8.100000,8.200000,7.990000,8.140000,745000.000000
2023-06-05,8.120000,8.540000,8.120000,8.350000,2552300.000000
2023-06-06,8.500000,8.680000,8.480000,8.600000,2822500.000000
2023-06-07,8.680000,8.690000,8.570000,8.680000,979300.000000
2023-06-08,8.720000,8.860000,8.720000,8.760000,863900.000000
2023-06-09,8.790000,8.790000,8.400000,8.530000,2656600.000000
2023-06-13,8.550000,8.590000,8.530000,8.580000,461400.000000
2023-06-14,8.600000,8.730000,8.570000,8.630000,3367000.000000
2023-06-15,8.670000,8.730000,8.630000,8.680000,1449700.000000
2023-06-16,8.710000,8.860000,8.680000,8.810000,1639900.000000
2023-06-19,8.840000,8.870000,8.820000,8.870000,1084500.000000
2023-06-20,8.880000,8.960000,8.710000,8.800000,2080500.000000
2023-06-21,8.810000,8.870000,8.800000,8.870000,373900.000000
2023-06-22,8.900000,9.020000,8.820000,8.890000,1604500.000000
2023-06-23,8.890000,8.950000,8.870000,8.900000,1055100.000000
2023-06-26,8.920000,9.100000,8.910000,9.070000,455100.000000
2023-06-27,9.070000,9.150000,9.000000,9.040000,1252400.000000
2023-06-29,9.070000,9.100000,9.050000,9.060000,463800.000000
2023-06-30,9.100000,9.100000,9.030000,9.030000,682200.000000
2023-07-03,9.000000,9.000000,8.760000,8.800000,935200.000000
2023-07-04,8.800000,8.840000,8.750000,8.800000,281500.000000
2023-07-05,8.780000,8.830000,8.710000,8.800000,198300.000000
2023-07-06,8.800000,8.840000,8.650000,8.840000,906400.000000
2023-07-07,8.840000,8.850000,8.760000,8.800000,508700.000000
2023-07-10,8.800000,8.870000,8.770000,8.790000,438700.000000
2023-07-11,8.790000,8.810000,8.770000,8.800000,217200.000000
2023-07-12,8.800000,8.800000,8.590000,8.590000,524400.000000
2023-07-13,8.560000,8.580000,8.320000,8.480000,1314500.000000
2023-07-14,8.450000,8.490000,8.410000,8.410000,653900.000000
2023-07-17,8.490000,8.490000,8.370000,8.480000,192200.000000
2023-07-18,8.410000,8.590000,8.410000,8.510000,499500.000000
2023-07-19,8.510000,8.510000,8.410000,8.420000,693600.000000
2023-07-20,8.430000,8.490000,8.410000,8.430000,211200.000000
2023-07-21,8.440000,8.440000,8.380000,8.400000,433200.000000
2023-07-24,8.420000,8.490000,8.410000,8.460000,832200.000000
2023-07-25,8.400000,8.520000,8.400000,8.500000,580600.000000
2023-07-26,8.550000,8.600000,8.490000,8.560000,357300.000000
2023-07-27,8.600000,8.950000,8.560000,8.930000,1313500.000000
2023-07-28,8.930000,9.160000,8.810000,8.990000,1878900.000000
2023-07-31,9.000000,9.130000,8.940000,9.000000,948900.000000
2023-08-01,9.000000,9.050000,8.920000,8.920000,543100.000000
